seq_no,exp_pI,M1_DeepKa_Thurl_AF,M1_DeepKa_Thurl_ESM,M2_PropKa_Thurl_AF,M2_PropKa_Thurl_ESM,M3_our_9param_AF,M3_our_9param_ESM,M3_ipc_9param_AF,M3_ipc_9param_ESM,M4_DeepKa_SA_Thurl_AF,M4_DeepKa_SA_Thurl_ESM,M5_DeepKa_SA_our_AF,M5_DeepKa_SA_our_ESM,M5_DeepKa_SA_ipc_AF,M5_DeepKa_SA_ipc_ESM,M8_IPC2_svr,source,conf_class,final_pdb,af_pdb_ref
1,5.7,4.442,4.531,4.907,4.824,4.808,4.808,4.826,4.826,4.425,4.425,4.808,4.808,4.826,4.826,4.81,esm_pred,P-predicted_no_exp_PDB,structures/final_581/1.pdb,structures/af2_581/1.pdb
2,4.4,4.935,4.926,5.178,5.227,5.066,5.066,5.081,5.081,4.877,4.877,5.066,5.066,5.081,5.081,5.047,esm_pred,P-predicted_no_exp_PDB,structures/final_581/2.pdb,structures/af2_581/2.pdb
3,9.8,9.062,8.921,9.266,9.484,8.551,8.551,8.546,8.546,9.035,8.898,8.551,8.582,8.546,8.574,8.466,exp_fixed,A-high_confidence_exp,structures/final_581/3.pdb,
4,4.99,5.549,5.622,5.87,5.963,5.294,5.294,5.306,5.306,5.552,5.571,5.354,5.378,5.368,5.395,5.235,esm_pred,P-predicted_no_exp_PDB,structures/final_581/4.pdb,structures/af2_581/4.pdb
5,8.3,8.622,8.63,8.901,8.615,7.839,7.839,7.831,7.831,8.593,8.591,7.839,7.932,7.831,7.928,7.709,esm_pred,P-predicted_no_exp_PDB,structures/final_581/5.pdb,structures/af2_581/5.pdb
6,3.93,4.866,5.163,5.176,5.404,5.117,5.117,5.14,5.14,5.287,5.197,5.117,5.201,5.14,5.223,4.964,esm_pred,P-predicted_no_exp_PDB,structures/final_581/6.pdb,structures/af2_581/6.pdb
7,6.2,7.23,7.21,7.369,7.6,6.488,6.488,6.4,6.4,7.369,7.276,6.489,6.674,6.4,6.568,6.393,exp_fixed,A-high_confidence_exp,structures/final_581/7.pdb,
8,6.1,7.024,7.689,7.282,7.53,6.36,6.36,6.277,6.277,7.231,7.716,6.36,7.16,6.277,7.151,6.38,esm_pred,P-predicted_no_exp_PDB,structures/final_581/8.pdb,structures/af2_581/8.pdb
9,4.2,4.633,4.425,4.493,4.679,4.956,4.956,5.025,5.025,4.655,4.612,4.969,4.94,5.041,5.011,4.903,esm_pred,D-exp_structure_rejected,structures/final_581/9.pdb,structures/af2_581/9.pdb
10,4.5,3.698,3.709,4.133,3.986,4.099,4.099,4.071,4.071,3.869,3.84,4.099,4.041,4.071,4.018,3.952,esm_pred,P-predicted_no_exp_PDB,structures/final_581/10.pdb,structures/af2_581/10.pdb
11,7.02,6.741,6.58,6.63,6.561,5.746,5.746,5.774,5.774,6.527,6.538,5.741,5.77,5.77,5.795,5.684,exp_fixed,B-trusted_exp_annotated,structures/final_581/11.pdb,
12,6.6,4.486,4.398,4.814,4.757,4.69,4.69,4.674,4.674,4.487,4.499,4.69,4.691,4.674,4.677,4.721,esm_pred,P-predicted_no_exp_PDB,structures/final_581/12.pdb,structures/af2_581/12.pdb
13,5.3,5.669,5.684,5.85,5.83,5.295,5.295,5.317,5.317,5.878,6.011,5.295,5.492,5.317,5.514,5.405,esm_pred,P-predicted_no_exp_PDB,structures/final_581/13.pdb,structures/af2_581/13.pdb
14,7.3,5.174,5.173,5.555,5.853,5.342,5.342,5.352,5.352,5.257,5.24,5.342,5.336,5.352,5.347,5.286,esm_pred,P-predicted_no_exp_PDB,structures/final_581/14.pdb,structures/af2_581/14.pdb
15,7.1,6.26,5.96,6.116,6.037,5.422,5.422,5.475,5.475,6.251,6.251,5.419,5.422,5.473,5.475,5.705,esm_pred,P-predicted_no_exp_PDB,structures/final_581/15.pdb,structures/af2_581/15.pdb
16,5.3,5.267,5.139,5.573,5.449,5.263,5.263,5.277,5.277,5.387,5.254,5.28,5.243,5.293,5.255,5.252,esm_pred,P-predicted_no_exp_PDB,structures/final_581/16.pdb,structures/af2_581/16.pdb
17,3.5,4.231,4.185,4.578,4.435,4.518,4.518,4.501,4.501,4.283,4.256,4.518,4.473,4.501,4.46,4.482,esm_pred,P-predicted_no_exp_PDB,structures/final_581/17.pdb,structures/af2_581/17.pdb
18,6.3,6.601,6.77,6.486,6.886,5.895,5.895,5.91,5.91,6.728,6.836,5.895,6.329,5.91,6.304,5.91,esm_pred,P-predicted_no_exp_PDB,structures/final_581/18.pdb,structures/af2_581/18.pdb
19,5.8,6.219,6.002,6.247,6.475,5.604,5.604,5.642,5.642,6.357,5.953,5.604,5.819,5.642,5.826,5.591,exp_filled,A-high_confidence_exp,structures/final_581/19.pdb,
20,7.1,8.255,8.255,8.493,8.831,7.422,7.422,7.407,7.407,8.241,8.24,7.422,7.433,7.407,7.42,7.0,esm_pred,P-predicted_no_exp_PDB,structures/final_581/20.pdb,structures/af2_581/20.pdb
21,4.75,4.4,4.464,4.577,4.543,4.645,4.645,4.653,4.653,4.274,4.274,4.645,4.645,4.653,4.653,4.785,esm_pred,P-predicted_no_exp_PDB,structures/final_581/21.pdb,structures/af2_581/21.pdb
22,4.2,4.943,4.79,5.264,5.251,5.114,5.114,5.128,5.128,4.942,4.887,5.114,5.065,5.128,5.079,5.084,esm_pred,P-predicted_no_exp_PDB,structures/final_581/22.pdb,structures/af2_581/22.pdb
23,5.05,4.675,4.918,4.973,5.415,5.292,5.292,5.345,5.345,5.044,5.02,5.292,5.259,5.345,5.316,5.183,esm_pred,P-predicted_no_exp_PDB,structures/final_581/23.pdb,structures/af2_581/23.pdb
24,4.65,5.166,5.086,5.44,5.385,5.117,5.117,5.13,5.13,5.156,5.154,5.116,5.187,5.129,5.2,5.166,esm_pred,P-predicted_no_exp_PDB,structures/final_581/24.pdb,structures/af2_581/24.pdb
25,8.0,7.386,7.553,7.34,7.438,6.566,6.566,6.548,6.548,7.556,7.505,6.658,7.038,6.633,6.999,6.639,esm_pred,P-predicted_no_exp_PDB,structures/final_581/25.pdb,structures/af2_581/25.pdb
26,7.3,6.56,6.617,6.528,7.022,5.801,5.801,5.824,5.824,6.723,6.639,5.872,6.056,5.891,6.056,5.964,esm_pred,P-predicted_no_exp_PDB,structures/final_581/26.pdb,structures/af2_581/26.pdb
27,5.8,5.858,6.022,6.224,6.229,5.563,5.563,5.589,5.589,6.356,6.219,5.6,5.773,5.624,5.787,5.65,esm_pred,P-predicted_no_exp_PDB,structures/final_581/27.pdb,structures/af2_581/27.pdb
28,5.99,7.833,7.945,8.08,8.021,6.94,6.94,6.886,6.886,7.826,7.809,6.94,7.04,6.886,7.004,6.786,exp_fixed,C-limited_exp_caution,structures/final_581/28.pdb,
29,5.75,7.077,7.24,7.3,7.407,6.51,6.51,6.372,6.372,7.338,7.34,6.51,6.511,6.372,6.372,6.362,exp_fixed,C-limited_exp_caution,structures/final_581/29.pdb,
30,5.175,5.777,5.79,6.087,6.31,5.53,5.53,5.547,5.547,6.167,6.007,5.531,5.66,5.549,5.672,5.573,esm_pred,P-predicted_no_exp_PDB,structures/final_581/30.pdb,structures/af2_581/30.pdb
31,4.96,5.234,5.45,5.672,6.175,5.524,5.524,5.536,5.536,5.333,5.483,5.521,5.592,5.534,5.604,5.352,exp_fixed,C-limited_exp_caution,structures/final_581/31.pdb,
32,5.99,6.041,6.159,6.24,5.947,5.597,5.597,5.635,5.635,6.315,6.005,5.719,5.568,5.744,5.6,5.699,exp_fixed,A-high_confidence_exp,structures/final_581/32.pdb,
33,10.1,9.35,9.346,9.561,9.867,8.456,8.456,8.443,8.443,9.266,9.267,8.456,8.504,8.443,8.486,8.607,exp_fixed,B-trusted_exp_annotated,structures/final_581/33.pdb,
34,5.57,6.261,5.94,6.254,6.033,5.778,5.778,5.789,5.789,5.98,5.944,5.778,5.754,5.79,5.771,5.569,exp_fixed,A-high_confidence_exp,structures/final_581/34.pdb,
35,6.08,6.373,6.179,6.308,6.21,5.645,5.645,5.676,5.676,6.458,6.222,5.661,5.695,5.688,5.714,5.795,esm_pred,P-predicted_no_exp_PDB,structures/final_581/35.pdb,structures/af2_581/35.pdb
36,4.84,4.676,4.688,5.151,4.916,4.92,4.92,4.93,4.93,4.774,4.764,4.92,4.906,4.93,4.915,4.921,esm_pred,P-predicted_no_exp_PDB,structures/final_581/36.pdb,structures/af2_581/36.pdb
37,4.95,4.503,4.356,4.822,4.796,4.724,4.724,4.71,4.71,4.473,4.469,4.724,4.694,4.71,4.682,4.787,esm_pred,P-predicted_no_exp_PDB,structures/final_581/37.pdb,structures/af2_581/37.pdb
38,4.085,3.73,3.818,4.034,4.068,4.038,4.038,4.008,4.008,3.814,3.834,4.017,4.034,3.992,4.009,4.364,exp_filled,C-limited_exp_caution,structures/final_581/38.pdb,
39,5.44,5.517,5.603,5.594,5.713,5.194,5.194,5.211,5.211,5.566,5.597,5.196,5.228,5.213,5.247,5.281,exp_filled,B-trusted_exp_annotated,structures/final_581/39.pdb,
40,6.1,4.456,4.394,4.819,4.497,4.744,4.744,4.737,4.737,4.553,4.483,4.744,4.71,4.737,4.7,4.694,esm_pred,P-predicted_no_exp_PDB,structures/final_581/40.pdb,structures/af2_581/40.pdb
41,5.25667,5.038,5.068,5.536,5.788,5.277,5.277,5.292,5.292,5.07,5.143,5.263,5.294,5.278,5.314,5.274,exp_filled,C-limited_exp_caution,structures/final_581/41.pdb,
42,6.67,7.276,7.507,7.381,7.41,6.562,6.562,6.443,6.443,7.457,7.54,6.562,6.916,6.443,6.784,6.443,exp_fixed,A-high_confidence_exp,structures/final_581/42.pdb,
43,8.95,9.384,9.258,9.389,9.405,8.306,8.306,8.306,8.306,9.242,9.176,8.309,8.396,8.309,8.394,8.475,exp_fixed,B-trusted_exp_annotated,structures/final_581/43.pdb,
44,5.01,4.827,4.557,5.217,4.759,5.017,5.017,5.029,5.029,4.931,4.765,5.017,4.957,5.029,4.962,5.015,exp_fixed,A-high_confidence_exp,structures/final_581/44.pdb,
45,5.265,5.21,5.388,5.542,5.724,5.196,5.196,5.209,5.209,5.32,5.365,5.196,5.292,5.209,5.306,5.091,esm_pred,P-predicted_no_exp_PDB,structures/final_581/45.pdb,structures/af2_581/45.pdb
46,5.9,5.206,4.811,5.342,4.918,5.186,5.186,5.21,5.21,5.29,4.912,5.222,5.103,5.247,5.113,5.179,esm_pred,P-predicted_no_exp_PDB,structures/final_581/46.pdb,structures/af2_581/46.pdb
47,6.3,6.739,6.544,6.589,6.406,5.785,5.785,5.809,5.809,6.644,6.436,5.785,5.816,5.809,5.83,5.995,esm_pred,P-predicted_no_exp_PDB,structures/final_581/47.pdb,structures/af2_581/47.pdb
48,6.59,8.945,8.941,9.164,9.566,8.102,8.102,8.092,8.092,8.883,8.85,8.215,8.123,8.207,8.114,8.051,esm_pred,P-predicted_no_exp_PDB,structures/final_581/48.pdb,structures/af2_581/48.pdb
49,4.7,5.41,5.323,5.607,5.718,5.326,5.326,5.348,5.348,5.423,5.453,5.326,5.425,5.348,5.446,5.345,esm_pred,P-predicted_no_exp_PDB,structures/final_581/49.pdb,structures/af2_581/49.pdb
50,4.83,4.787,4.672,4.988,4.979,4.895,4.895,4.903,4.903,4.74,4.71,4.883,4.888,4.891,4.894,4.873,esm_pred,P-predicted_no_exp_PDB,structures/final_581/50.pdb,structures/af2_581/50.pdb
51,7.7,6.563,6.426,6.474,6.374,5.758,5.758,5.786,5.786,6.664,6.542,5.783,5.762,5.809,5.786,5.787,esm_pred,P-predicted_no_exp_PDB,structures/final_581/51.pdb,structures/af2_581/51.pdb
52,7.96,5.761,5.917,5.943,6.303,5.436,5.436,5.456,5.456,5.965,6.024,5.436,5.646,5.456,5.662,5.428,esm_pred,P-predicted_no_exp_PDB,structures/final_581/52.pdb,structures/af2_581/52.pdb
53,4.96077,5.586,5.359,5.871,5.978,5.437,5.437,5.451,5.451,5.75,5.458,5.437,5.423,5.451,5.431,5.342,esm_pred,D-exp_structure_rejected,structures/final_581/53.pdb,structures/af2_581/53.pdb
54,5.43667,5.421,5.21,5.658,5.383,5.398,5.398,5.434,5.434,5.408,5.269,5.362,5.402,5.393,5.432,5.438,exp_fixed,A-high_confidence_exp,structures/final_581/54.pdb,
55,5.08,4.792,4.711,5.117,5.031,4.954,4.954,4.954,4.954,4.821,4.782,4.942,4.971,4.942,4.969,4.953,exp_fixed,A-high_confidence_exp,structures/final_581/55.pdb,
56,5.3,4.976,5.719,5.191,5.552,4.87,4.87,4.887,4.887,4.959,5.668,4.87,5.377,4.887,5.422,5.171,esm_pred,P-predicted_no_exp_PDB,structures/final_581/56.pdb,structures/af2_581/56.pdb
57,5.8,5.02,4.901,5.513,5.511,5.239,5.239,5.24,5.24,5.078,5.062,5.233,5.229,5.234,5.231,5.236,esm_pred,P-predicted_no_exp_PDB,structures/final_581/57.pdb,structures/af2_581/57.pdb
58,7.3,7.902,7.897,8.128,8.394,7.011,7.011,6.968,6.968,7.903,7.864,7.013,7.094,6.97,7.062,6.814,esm_pred,P-predicted_no_exp_PDB,structures/final_581/58.pdb,structures/af2_581/58.pdb
59,5.05333,4.789,4.808,5.322,5.23,5.013,5.013,5.015,5.015,4.882,4.921,4.988,5.044,4.99,5.048,5.001,exp_fixed,A-high_confidence_exp,structures/final_581/59.pdb,
60,4.9,6.519,6.031,6.453,6.386,5.904,5.904,5.912,5.912,6.662,6.265,5.989,5.93,5.986,5.926,5.933,esm_pred,P-predicted_no_exp_PDB,structures/final_581/60.pdb,structures/af2_581/60.pdb
61,5.14,4.817,4.78,5.144,5.125,5.07,5.07,5.077,5.077,4.911,4.806,5.07,5.01,5.077,5.014,5.05,esm_pred,P-predicted_no_exp_PDB,structures/final_581/61.pdb,structures/af2_581/61.pdb
62,5.12,4.913,4.833,5.349,5.226,5.089,5.089,5.09,5.09,5.03,4.922,5.108,5.057,5.111,5.056,5.149,exp_fixed,A-high_confidence_exp,structures/final_581/62.pdb,
63,4.75,4.714,5.116,5.159,5.524,4.954,4.954,4.96,4.96,4.891,5.266,4.992,5.342,4.998,5.356,4.872,esm_pred,P-predicted_no_exp_PDB,structures/final_581/63.pdb,structures/af2_581/63.pdb
64,9.1,9.22,9.163,9.584,9.855,8.36,8.36,8.364,8.364,9.134,9.077,8.36,8.365,8.364,8.368,8.485,esm_pred,P-predicted_no_exp_PDB,structures/final_581/64.pdb,structures/af2_581/64.pdb
65,6.95,8.007,8.032,8.465,8.894,7.172,7.172,7.163,7.163,7.998,8.028,7.172,7.381,7.163,7.392,6.849,esm_pred,P-predicted_no_exp_PDB,structures/final_581/65.pdb,structures/af2_581/65.pdb
66,5.5,6.304,5.975,5.923,6.494,5.636,5.636,5.653,5.653,6.323,5.98,5.866,5.77,5.874,5.778,5.618,esm_pred,P-predicted_no_exp_PDB,structures/final_581/66.pdb,structures/af2_581/66.pdb
67,5.55,7.589,7.766,7.583,8.414,6.63,6.63,6.586,6.586,7.525,7.672,6.629,7.155,6.585,7.151,6.517,esm_pred,P-predicted_no_exp_PDB,structures/final_581/67.pdb,structures/af2_581/67.pdb
68,4.11667,4.692,4.615,4.992,4.844,4.949,4.949,4.951,4.951,4.72,4.722,4.949,4.942,4.951,4.946,4.845,exp_fixed,C-limited_exp_caution,structures/final_581/68.pdb,
69,4.6,5.981,5.672,6.068,5.918,5.367,5.367,5.395,5.395,6.181,5.873,5.365,5.404,5.394,5.428,5.556,esm_pred,P-predicted_no_exp_PDB,structures/final_581/69.pdb,structures/af2_581/69.pdb
70,5.31,8.339,8.281,9.13,8.868,7.589,7.589,7.638,7.638,8.337,8.273,7.589,7.57,7.637,7.616,7.495,esm_pred,P-predicted_no_exp_PDB,structures/final_581/70.pdb,structures/af2_581/70.pdb
71,3.85,5.318,5.502,5.648,5.807,5.427,5.427,5.452,5.452,5.445,5.494,5.427,5.436,5.452,5.462,5.293,esm_pred,P-predicted_no_exp_PDB,structures/final_581/71.pdb,structures/af2_581/71.pdb
72,6.1,6.262,6.596,6.439,7.716,5.877,5.877,5.882,5.882,6.557,6.625,5.908,6.146,5.91,6.12,5.729,esm_pred,P-predicted_no_exp_PDB,structures/final_581/72.pdb,structures/af2_581/72.pdb
73,5.915,6.666,6.519,6.46,6.112,5.727,5.727,5.755,5.755,6.748,6.406,5.928,5.818,5.942,5.833,5.935,exp_fixed,A-high_confidence_exp,structures/final_581/73.pdb,
74,4.25,4.709,4.738,5.16,5.185,5.099,5.099,5.11,5.11,4.866,4.952,5.097,5.155,5.109,5.171,4.988,exp_fixed,B-trusted_exp_annotated,structures/final_581/74.pdb,
75,5.25333,4.939,5.297,5.351,5.475,5.156,5.156,5.158,5.158,5.022,5.257,5.155,5.373,5.157,5.377,5.104,exp_fixed,A-high_confidence_exp,structures/final_581/75.pdb,
76,6.79,7.279,7.309,7.21,7.54,6.431,6.431,6.425,6.425,7.34,7.314,6.609,6.701,6.595,6.686,6.426,esm_pred,D-exp_structure_rejected,structures/final_581/76.pdb,structures/af2_581/76.pdb
77,4.9,4.781,4.826,5.183,5.694,4.988,4.988,4.984,4.984,4.843,4.903,4.988,5.025,4.984,5.025,4.929,esm_pred,P-predicted_no_exp_PDB,structures/final_581/77.pdb,structures/af2_581/77.pdb
78,4.72833,4.521,4.524,4.926,4.767,4.802,4.802,4.794,4.794,4.539,4.575,4.79,4.82,4.783,4.818,4.878,exp_fixed,C-limited_exp_caution,structures/final_581/78.pdb,
79,4.58,5.425,5.473,5.841,5.88,5.384,5.384,5.397,5.397,5.58,5.559,5.379,5.354,5.393,5.37,5.28,esm_pred,P-predicted_no_exp_PDB,structures/final_581/79.pdb,structures/af2_581/79.pdb
80,4.85,5.401,4.877,5.766,5.576,5.197,5.197,5.206,5.206,5.552,4.984,5.276,5.062,5.288,5.062,5.199,esm_pred,P-predicted_no_exp_PDB,structures/final_581/80.pdb,structures/af2_581/80.pdb
81,5.69,7.293,7.095,7.167,7.274,6.331,6.331,6.294,6.294,7.222,7.09,6.331,6.563,6.295,6.479,6.326,esm_pred,P-predicted_no_exp_PDB,structures/final_581/81.pdb,structures/af2_581/81.pdb
82,6.85,7.131,7.34,7.068,7.251,6.295,6.295,6.259,6.259,7.17,7.213,6.297,6.654,6.261,6.566,6.274,esm_pred,P-predicted_no_exp_PDB,structures/final_581/82.pdb,structures/af2_581/82.pdb
83,5.4,8.514,8.559,9.017,8.851,7.722,7.722,7.735,7.735,8.493,8.511,7.722,7.858,7.735,7.865,7.371,exp_fixed,B-trusted_exp_annotated,structures/final_581/83.pdb,
84,7.2,7.854,7.882,8.314,8.329,6.987,6.987,6.902,6.902,7.855,7.83,6.988,6.962,6.902,6.862,6.715,exp_fixed,B-trusted_exp_annotated,structures/final_581/84.pdb,
85,7.4,8.021,8.189,8.131,8.606,7.305,7.305,7.333,7.333,7.992,8.16,7.186,7.559,7.206,7.585,6.944,exp_fixed,C-limited_exp_caution,structures/final_581/85.pdb,
86,5.26,6.784,6.864,6.873,7.521,6.087,6.087,6.079,6.079,6.876,6.875,6.181,6.475,6.161,6.419,6.038,esm_pred,P-predicted_no_exp_PDB,structures/final_581/86.pdb,structures/af2_581/86.pdb
87,4.7,5.159,5.227,5.508,5.377,5.191,5.191,5.202,5.202,5.254,5.311,5.183,5.365,5.194,5.377,5.169,esm_pred,P-predicted_no_exp_PDB,structures/final_581/87.pdb,structures/af2_581/87.pdb
88,4.7,4.649,4.539,4.981,4.561,4.729,4.729,4.721,4.721,4.727,4.575,4.737,4.661,4.73,4.653,4.594,esm_pred,P-predicted_no_exp_PDB,structures/final_581/88.pdb,structures/af2_581/88.pdb
89,6.7,8.362,8.521,8.22,8.523,7.35,7.35,7.188,7.188,8.311,8.407,7.35,7.702,7.188,7.664,7.203,exp_fixed,B-trusted_exp_annotated,structures/final_581/89.pdb,
90,4.56,4.353,4.385,4.783,4.674,4.598,4.598,4.58,4.58,4.37,4.431,4.593,4.668,4.576,4.657,4.456,esm_pred,P-predicted_no_exp_PDB,structures/final_581/90.pdb,structures/af2_581/90.pdb
91,5.34571,5.031,4.919,5.414,5.576,5.146,5.146,5.148,5.148,5.061,5.092,5.137,5.196,5.139,5.197,5.159,esm_pred,D-exp_structure_rejected,structures/final_581/91.pdb,structures/af2_581/91.pdb
92,5.3465,6.848,6.841,6.897,6.913,6.088,6.088,6.104,6.104,7.027,6.955,6.092,6.099,6.106,6.109,6.105,esm_pred,P-predicted_no_exp_PDB,structures/final_581/92.pdb,structures/af2_581/92.pdb
93,4.8,4.813,4.888,5.246,5.591,5.02,5.02,5.022,5.022,4.93,4.935,5.018,5.049,5.02,5.051,4.801,esm_pred,P-predicted_no_exp_PDB,structures/final_581/93.pdb,structures/af2_581/93.pdb
94,5.1,6.985,7.232,6.945,7.956,6.192,6.192,6.155,6.155,7.064,7.26,6.192,6.554,6.155,6.458,6.291,esm_pred,P-predicted_no_exp_PDB,structures/final_581/94.pdb,structures/af2_581/94.pdb
95,5.4,7.071,7.163,6.993,6.636,6.179,6.179,6.172,6.172,7.114,7.091,6.179,6.499,6.172,6.46,6.263,esm_pred,P-predicted_no_exp_PDB,structures/final_581/95.pdb,structures/af2_581/95.pdb
96,5.1,4.826,4.891,5.421,5.424,5.118,5.118,5.136,5.136,5.045,5.022,5.121,5.114,5.141,5.137,5.061,esm_pred,P-predicted_no_exp_PDB,structures/final_581/96.pdb,structures/af2_581/96.pdb
97,5.35533,5.046,5.474,5.577,5.62,5.343,5.343,5.377,5.377,5.643,5.61,5.343,5.305,5.377,5.342,5.328,exp_fixed,C-limited_exp_caution,structures/final_581/97.pdb,
98,5.3,5.097,5.308,5.456,5.831,5.136,5.136,5.145,5.145,5.103,5.278,5.173,5.207,5.183,5.223,5.14,exp_fixed,A-high_confidence_exp,structures/final_581/98.pdb,
99,6.0,5.067,5.111,5.404,5.48,5.119,5.119,5.12,5.12,5.111,5.101,5.129,5.185,5.131,5.186,5.128,esm_pred,P-predicted_no_exp_PDB,structures/final_581/99.pdb,structures/af2_581/99.pdb
100,5.8,8.774,8.785,9.197,9.537,8.009,8.009,8.038,8.038,8.75,8.75,8.019,8.024,8.047,8.052,7.826,esm_pred,P-predicted_no_exp_PDB,structures/final_581/100.pdb,structures/af2_581/100.pdb
101,6.56,6.313,6.39,6.358,6.712,5.677,5.677,5.7,5.7,6.488,6.516,5.718,5.902,5.739,5.913,5.853,exp_filled,C-limited_exp_caution,structures/final_581/101.pdb,
102,8.07,10.017,10.013,10.038,10.023,9.073,9.073,9.032,9.032,9.867,9.877,9.073,9.108,9.032,9.063,8.939,exp_fixed,C-limited_exp_caution,structures/final_581/102.pdb,
103,5.27,4.89,4.924,5.323,5.265,5.251,5.251,5.259,5.259,5.003,4.986,5.243,5.232,5.25,5.24,5.231,esm_pred,P-predicted_no_exp_PDB,structures/final_581/103.pdb,structures/af2_581/103.pdb
104,6.15,6.33,6.394,6.402,6.145,5.674,5.674,5.707,5.707,6.596,6.444,5.674,5.868,5.707,5.881,5.713,exp_fixed,B-trusted_exp_annotated,structures/final_581/104.pdb,
105,5.435,5.285,5.139,5.562,5.737,5.461,5.461,5.496,5.496,5.269,5.196,5.438,5.469,5.476,5.498,5.352,exp_fixed,C-limited_exp_caution,structures/final_581/105.pdb,
106,5.91667,8.43,8.438,9.769,8.62,7.646,7.646,7.673,7.673,8.437,8.433,7.646,7.661,7.673,7.688,7.487,esm_pred,P-predicted_no_exp_PDB,structures/final_581/106.pdb,structures/af2_581/106.pdb
107,6.74,5.929,5.907,6.062,6.079,5.63,5.63,5.647,5.647,5.881,5.881,5.63,5.63,5.647,5.647,5.719,esm_pred,P-predicted_no_exp_PDB,structures/final_581/107.pdb,structures/af2_581/107.pdb
108,4.8,4.908,4.749,5.16,5.221,4.983,4.983,4.985,4.985,4.828,4.949,4.983,5.067,4.985,5.073,4.931,esm_pred,P-predicted_no_exp_PDB,structures/final_581/108.pdb,structures/af2_581/108.pdb
109,6.1,7.14,7.096,7.141,6.996,6.253,6.253,6.21,6.21,7.07,7.07,6.253,6.253,6.21,6.21,6.29,esm_pred,P-predicted_no_exp_PDB,structures/final_581/109.pdb,structures/af2_581/109.pdb
110,6.3,8.327,8.307,9.057,8.738,7.529,7.529,7.563,7.563,8.315,8.296,7.546,7.558,7.579,7.591,7.165,exp_fixed,B-trusted_exp_annotated,structures/final_581/110.pdb,
111,5.17,8.112,7.867,8.396,8.012,6.932,6.932,6.86,6.86,7.814,7.787,6.932,6.981,6.86,6.92,6.664,esm_pred,D-exp_structure_rejected,structures/recomputed_seq111/111.pdb,structures/af2_581/111.pdb
112,4.955,4.976,4.874,5.299,5.33,5.19,5.19,5.193,5.193,4.935,4.973,5.19,5.202,5.193,5.206,5.206,esm_pred,P-predicted_no_exp_PDB,structures/final_581/112.pdb,structures/af2_581/112.pdb
113,6.0,5.322,5.57,5.68,5.809,5.385,5.385,5.394,5.394,5.338,5.509,5.385,5.567,5.394,5.575,5.405,exp_fixed,A-high_confidence_exp,structures/final_581/113.pdb,
114,5.23,6.59,6.559,6.63,6.493,5.949,5.949,5.96,5.96,6.81,6.622,5.944,6.152,5.955,6.132,6.02,esm_pred,P-predicted_no_exp_PDB,structures/final_581/114.pdb,structures/af2_581/114.pdb
115,5.6,5.831,5.669,6.089,6.036,5.675,5.675,5.687,5.687,5.917,5.627,5.667,5.661,5.68,5.67,5.55,exp_fixed,A-high_confidence_exp,structures/final_581/115.pdb,
116,6.955,7.786,7.802,7.893,8.554,6.908,6.908,6.849,6.849,7.784,7.766,6.908,6.979,6.849,6.934,6.671,esm_pred,P-predicted_no_exp_PDB,structures/final_581/116.pdb,structures/af2_581/116.pdb
117,7.24,7.496,7.581,7.483,7.418,6.512,6.512,6.386,6.386,7.408,7.403,6.512,6.52,6.386,6.395,6.465,esm_pred,P-predicted_no_exp_PDB,structures/final_581/117.pdb,structures/af2_581/117.pdb
118,5.4,5.363,5.142,5.461,5.465,5.245,5.245,5.266,5.266,5.368,5.212,5.245,5.254,5.266,5.273,5.254,exp_fixed,A-high_confidence_exp,structures/final_581/118.pdb,
119,5.23,5.035,4.986,5.365,5.636,5.187,5.187,5.201,5.201,5.071,5.067,5.189,5.19,5.204,5.204,5.144,exp_fixed,C-limited_exp_caution,structures/final_581/119.pdb,
120,5.02,4.81,4.868,5.175,5.27,4.989,4.989,4.989,4.989,4.877,4.966,4.989,5.063,4.989,5.064,5.01,esm_pred,P-predicted_no_exp_PDB,structures/final_581/120.pdb,structures/af2_581/120.pdb
121,5.99,5.913,5.768,5.906,6.273,5.441,5.441,5.46,5.46,5.882,5.801,5.432,5.517,5.451,5.536,5.553,esm_pred,P-predicted_no_exp_PDB,structures/final_581/121.pdb,structures/af2_581/121.pdb
122,4.88,5.093,5.053,5.516,5.406,5.267,5.267,5.282,5.282,5.117,5.087,5.261,5.23,5.277,5.244,5.181,esm_pred,D-exp_structure_rejected,structures/final_581/122.pdb,structures/af2_581/122.pdb
123,6.03,8.506,7.395,8.496,8.053,6.405,6.405,6.294,6.294,7.237,7.367,6.405,6.755,6.294,6.633,6.252,esm_pred,P-predicted_no_exp_PDB,structures/final_581/123.pdb,structures/af2_581/123.pdb
124,5.2,5.29,5.367,5.575,5.562,5.273,5.273,5.292,5.292,5.455,5.359,5.265,5.323,5.284,5.34,5.149,esm_pred,P-predicted_no_exp_PDB,structures/final_581/124.pdb,structures/af2_581/124.pdb
125,6.32,5.206,5.415,5.594,5.79,5.272,5.272,5.291,5.291,5.444,5.457,5.272,5.316,5.291,5.337,5.266,esm_pred,P-predicted_no_exp_PDB,structures/final_581/125.pdb,structures/af2_581/125.pdb
126,5.35,5.623,5.84,6.03,6.155,5.426,5.426,5.442,5.442,5.958,6.03,5.421,5.604,5.437,5.619,5.477,esm_pred,P-predicted_no_exp_PDB,structures/final_581/126.pdb,structures/af2_581/126.pdb
127,6.73,7.256,7.082,7.185,7.201,6.359,6.359,6.312,6.312,7.358,7.31,6.359,6.339,6.312,6.291,6.642,esm_pred,P-predicted_no_exp_PDB,structures/final_581/127.pdb,structures/af2_581/127.pdb
128,5.9,6.035,5.88,6.256,6.482,5.624,5.624,5.648,5.648,6.336,5.966,5.624,5.655,5.648,5.671,5.709,esm_pred,P-predicted_no_exp_PDB,structures/final_581/128.pdb,structures/af2_581/128.pdb
129,7.5,7.928,7.974,8.564,9.279,7.17,7.17,7.204,7.204,7.924,7.973,7.17,7.345,7.204,7.384,8.03,esm_pred,P-predicted_no_exp_PDB,structures/final_581/129.pdb,structures/af2_581/129.pdb
130,5.3,6.122,6.04,6.36,6.273,5.973,5.973,5.956,5.956,6.548,6.231,5.973,5.985,5.956,5.963,5.693,esm_pred,P-predicted_no_exp_PDB,structures/final_581/130.pdb,structures/af2_581/130.pdb
131,6.41,7.037,7.162,7.046,7.04,6.25,6.25,6.261,6.261,7.249,7.175,6.25,6.41,6.261,6.403,6.401,esm_pred,P-predicted_no_exp_PDB,structures/final_581/131.pdb,structures/af2_581/131.pdb
132,5.6,8.055,8.055,8.474,8.479,7.258,7.258,7.275,7.275,8.058,8.057,7.259,7.357,7.276,7.377,6.899,esm_pred,P-predicted_no_exp_PDB,structures/final_581/132.pdb,structures/af2_581/132.pdb
133,7.6,9.167,9.187,9.496,10.014,8.382,8.382,8.392,8.392,9.172,9.152,8.382,8.414,8.392,8.421,8.564,esm_pred,P-predicted_no_exp_PDB,structures/final_581/133.pdb,structures/af2_581/133.pdb
134,5.3,4.833,4.921,5.219,5.283,5.07,5.07,5.077,5.077,4.946,4.992,5.055,5.128,5.062,5.134,5.005,exp_filled,C-limited_exp_caution,structures/final_581/134.pdb,
135,4.9,7.353,7.48,7.496,7.801,6.581,6.581,6.551,6.551,7.448,7.393,6.581,6.638,6.551,6.607,6.41,esm_pred,P-predicted_no_exp_PDB,structures/final_581/135.pdb,structures/af2_581/135.pdb
136,6.17,6.415,6.633,6.56,6.733,5.826,5.826,5.845,5.845,6.668,6.642,5.826,5.914,5.845,5.92,6.008,esm_pred,P-predicted_no_exp_PDB,structures/final_581/136.pdb,structures/af2_581/136.pdb
137,10.1,8.44,8.276,8.792,8.204,7.592,7.592,7.577,7.577,8.41,8.244,7.6,7.554,7.584,7.535,7.248,esm_pred,P-predicted_no_exp_PDB,structures/final_581/137.pdb,structures/af2_581/137.pdb
138,5.7,6.718,6.815,6.665,7.813,5.985,5.985,5.987,5.987,6.788,6.585,5.984,5.956,5.986,5.955,5.945,esm_pred,P-predicted_no_exp_PDB,structures/final_581/138.pdb,structures/af2_581/138.pdb
139,5.6,5.566,5.597,5.847,6.684,5.462,5.462,5.485,5.485,5.751,5.648,5.46,5.539,5.483,5.558,5.429,exp_fixed,A-high_confidence_exp,structures/final_581/139.pdb,
140,6.5544,6.586,6.523,6.696,6.585,5.945,5.945,5.96,5.96,6.815,6.756,5.944,6.001,5.96,6.009,5.994,exp_fixed,C-limited_exp_caution,structures/final_581/140.pdb,
141,6.56,5.19,5.206,5.717,5.539,5.464,5.464,5.484,5.484,5.544,5.343,5.464,5.49,5.484,5.504,5.362,esm_pred,P-predicted_no_exp_PDB,structures/final_581/141.pdb,structures/af2_581/141.pdb
142,8.6,8.407,8.411,8.733,8.647,7.664,7.664,7.702,7.702,8.391,8.395,7.662,7.675,7.701,7.713,7.276,esm_pred,P-predicted_no_exp_PDB,structures/final_581/142.pdb,structures/af2_581/142.pdb
143,5.62,5.775,6.176,5.871,6.105,5.597,5.597,5.626,5.626,5.915,6.241,5.591,5.917,5.616,5.912,5.577,esm_pred,P-predicted_no_exp_PDB,structures/final_581/143.pdb,structures/af2_581/143.pdb
144,7.4,7.351,7.375,7.373,7.551,6.462,6.462,6.456,6.456,7.333,7.341,6.461,6.645,6.455,6.636,6.385,esm_pred,P-predicted_no_exp_PDB,structures/final_581/144.pdb,structures/af2_581/144.pdb
145,4.6,7.109,6.45,6.884,6.613,6.02,6.02,6.01,6.01,6.999,6.609,6.452,6.015,6.378,6.003,6.073,esm_pred,P-predicted_no_exp_PDB,structures/final_581/145.pdb,structures/af2_581/145.pdb
146,4.7,5.822,5.678,5.883,5.758,5.418,5.418,5.437,5.437,5.867,5.679,5.474,5.534,5.494,5.55,5.374,esm_pred,P-predicted_no_exp_PDB,structures/final_581/146.pdb,structures/af2_581/146.pdb
147,4.0,4.552,4.416,4.954,4.878,4.962,4.962,4.969,4.969,4.712,4.693,4.986,4.962,4.994,4.968,4.958,exp_fixed,A-high_confidence_exp,structures/final_581/147.pdb,
148,6.19,6.913,6.393,6.679,6.35,6.013,6.013,5.994,5.994,6.81,6.631,6.013,6.289,5.994,6.209,6.1,exp_fixed,A-high_confidence_exp,structures/final_581/148.pdb,
149,6.9,7.664,7.77,7.866,8.271,6.867,6.867,6.823,6.823,7.694,7.737,6.876,7.143,6.834,7.136,6.626,esm_pred,P-predicted_no_exp_PDB,structures/final_581/149.pdb,structures/af2_581/149.pdb
150,5.515,5.032,5.139,5.486,5.569,5.328,5.328,5.333,5.333,5.213,5.119,5.328,5.282,5.333,5.285,5.242,esm_pred,P-predicted_no_exp_PDB,structures/final_581/150.pdb,structures/af2_581/150.pdb
151,9.0,10.164,10.057,10.494,10.624,9.901,9.901,9.207,9.207,10.116,10.05,9.901,9.938,9.207,9.23,9.322,esm_pred,P-predicted_no_exp_PDB,structures/final_581/151.pdb,structures/af2_581/151.pdb
152,6.31,6.966,7.046,7.319,6.641,6.031,6.031,6.011,6.011,6.843,6.693,6.201,6.164,6.158,6.116,5.937,esm_pred,P-predicted_no_exp_PDB,structures/final_581/152.pdb,structures/af2_581/152.pdb
153,6.0,4.536,4.595,5.085,5.16,4.845,4.845,4.836,4.836,4.666,4.786,4.834,4.953,4.826,4.947,4.759,esm_pred,P-predicted_no_exp_PDB,structures/final_581/153.pdb,structures/af2_581/153.pdb
154,4.5,4.556,4.597,4.885,4.89,4.867,4.867,4.868,4.868,4.617,4.629,4.914,4.95,4.919,4.959,4.849,esm_pred,P-predicted_no_exp_PDB,structures/final_581/154.pdb,structures/af2_581/154.pdb
155,4.29,4.106,4.101,4.569,4.355,4.523,4.523,4.507,4.507,4.266,4.201,4.523,4.458,4.507,4.44,4.629,esm_pred,P-predicted_no_exp_PDB,structures/final_581/155.pdb,structures/af2_581/155.pdb
156,9.06,8.871,8.739,9.158,8.6,8.142,8.142,8.152,8.152,8.816,8.702,8.142,8.209,8.152,8.216,8.077,esm_pred,P-predicted_no_exp_PDB,structures/final_581/156.pdb,structures/af2_581/156.pdb
157,5.4,6.033,5.901,6.138,6.102,5.49,5.49,5.514,5.514,6.272,6.012,5.526,5.581,5.55,5.598,5.604,esm_pred,P-predicted_no_exp_PDB,structures/final_581/157.pdb,structures/af2_581/157.pdb
158,5.04,5.232,5.103,5.479,5.317,5.229,5.229,5.235,5.235,5.136,5.125,5.229,5.217,5.235,5.223,5.257,esm_pred,D-exp_structure_rejected,structures/final_581/158.pdb,structures/af2_581/158.pdb
159,6.89,9.576,9.583,9.677,9.802,8.657,8.657,8.65,8.65,9.443,9.471,8.657,8.767,8.65,8.753,8.783,exp_fixed,C-limited_exp_caution,structures/final_581/159.pdb,
160,4.96,4.728,4.735,5.127,5.209,4.917,4.917,4.914,4.914,4.771,4.819,4.918,4.95,4.915,4.948,4.919,exp_fixed,A-high_confidence_exp,structures/final_581/160.pdb,
161,6.5,8.634,8.577,9.049,9.075,7.913,7.913,7.962,7.962,8.634,8.575,7.917,7.926,7.965,7.974,7.771,esm_pred,P-predicted_no_exp_PDB,structures/final_581/161.pdb,structures/af2_581/161.pdb
162,4.85,4.481,4.263,4.867,4.585,4.715,4.715,4.701,4.701,4.535,4.487,4.724,4.691,4.712,4.676,4.831,esm_pred,P-predicted_no_exp_PDB,structures/final_581/162.pdb,structures/af2_581/162.pdb
163,5.65,5.659,5.192,6.062,5.777,5.527,5.527,5.57,5.57,5.774,5.754,5.526,5.513,5.57,5.559,5.599,exp_fixed,A-high_confidence_exp,structures/final_581/163.pdb,
164,3.9,4.072,4.182,4.31,4.776,4.227,4.227,4.193,4.193,4.033,4.191,4.245,4.344,4.212,4.327,4.097,esm_pred,P-predicted_no_exp_PDB,structures/final_581/164.pdb,structures/af2_581/164.pdb
165,3.6,4.18,4.332,4.598,4.654,4.432,4.432,4.408,4.408,4.233,4.325,4.431,4.463,4.407,4.448,4.224,esm_pred,P-predicted_no_exp_PDB,structures/final_581/165.pdb,structures/af2_581/165.pdb
166,4.84,4.983,5.11,5.375,5.882,5.185,5.185,5.191,5.191,5.012,5.142,5.176,5.253,5.182,5.262,5.141,esm_pred,P-predicted_no_exp_PDB,structures/final_581/166.pdb,structures/af2_581/166.pdb
167,4.62,5.235,5.147,5.4,5.225,5.343,5.343,5.379,5.379,5.256,5.255,5.343,5.332,5.379,5.368,5.31,esm_pred,P-predicted_no_exp_PDB,structures/final_581/167.pdb,structures/af2_581/167.pdb
168,10.8,9.91,9.908,10.112,10.115,8.835,8.835,8.846,8.846,9.755,9.755,8.835,8.835,8.846,8.846,8.811,exp_fixed,A-high_confidence_exp,structures/final_581/168.pdb,
169,6.4,6.358,6.591,6.405,6.551,5.715,5.715,5.744,5.744,6.592,6.615,5.719,6.098,5.746,6.099,5.76,esm_pred,P-predicted_no_exp_PDB,structures/final_581/169.pdb,structures/af2_581/169.pdb
170,5.5,6.576,6.821,6.481,6.475,5.766,5.766,5.791,5.791,6.614,6.709,5.826,6.088,5.847,6.098,5.862,esm_pred,P-predicted_no_exp_PDB,structures/final_581/170.pdb,structures/af2_581/170.pdb
171,4.9,7.775,7.873,8.153,9.471,6.999,6.999,6.991,6.991,7.791,7.841,6.999,7.186,6.991,7.201,6.953,esm_pred,P-predicted_no_exp_PDB,structures/final_581/171.pdb,structures/af2_581/171.pdb
172,5.025,4.702,4.746,5.026,5.29,4.867,4.867,4.86,4.86,4.637,4.718,4.873,4.897,4.865,4.893,4.886,exp_fixed,C-limited_exp_caution,structures/final_581/172.pdb,
173,4.9,8.067,8.088,8.743,9.504,7.287,7.287,7.307,7.307,8.059,8.078,7.316,7.403,7.337,7.428,7.194,esm_pred,P-predicted_no_exp_PDB,structures/final_581/173.pdb,structures/af2_581/173.pdb
174,5.5,6.449,6.764,6.603,6.542,5.917,5.917,5.93,5.93,6.72,6.791,5.917,6.308,5.93,6.285,5.879,esm_pred,P-predicted_no_exp_PDB,structures/final_581/174.pdb,structures/af2_581/174.pdb
175,5.4,4.698,4.713,4.994,4.809,4.965,4.965,4.98,4.98,4.717,4.711,4.965,4.959,4.98,4.975,4.877,exp_fixed,C-limited_exp_caution,structures/final_581/175.pdb,
176,4.97,4.355,4.426,4.674,4.884,4.624,4.624,4.608,4.608,4.401,4.403,4.621,4.604,4.606,4.592,4.664,exp_fixed,B-trusted_exp_annotated,structures/final_581/176.pdb,
177,4.82333,4.468,4.377,4.856,4.659,4.748,4.748,4.74,4.74,4.492,4.459,4.748,4.733,4.74,4.724,4.885,exp_fixed,C-limited_exp_caution,structures/final_581/177.pdb,
178,6.0,6.311,6.347,6.413,6.5,5.693,5.693,5.722,5.722,6.589,6.29,5.693,5.737,5.722,5.755,5.805,esm_pred,P-predicted_no_exp_PDB,structures/final_581/178.pdb,structures/af2_581/178.pdb
179,9.05,8.402,8.417,9.095,9.257,7.673,7.673,7.727,7.727,8.397,8.397,7.673,7.674,7.727,7.728,8.85,esm_pred,P-predicted_no_exp_PDB,structures/final_581/179.pdb,structures/af2_581/179.pdb
180,6.3,5.992,6.047,5.924,5.979,5.657,5.657,5.695,5.695,5.831,5.831,5.657,5.657,5.695,5.695,5.538,esm_pred,P-predicted_no_exp_PDB,structures/final_581/180.pdb,structures/af2_581/180.pdb
181,7.2,8.161,8.195,8.649,8.788,7.36,7.36,7.393,7.393,8.16,8.166,7.36,7.473,7.393,7.505,7.066,esm_pred,P-predicted_no_exp_PDB,structures/final_581/181.pdb,structures/af2_581/181.pdb
182,5.3,5.164,4.944,5.404,5.591,5.229,5.229,5.235,5.235,5.156,4.962,5.226,5.127,5.232,5.13,5.178,exp_fixed,A-high_confidence_exp,structures/final_581/182.pdb,
183,4.9,4.857,4.739,5.287,5.179,5.046,5.046,5.041,5.041,4.907,4.834,5.077,5.008,5.072,5.003,5.102,esm_pred,P-predicted_no_exp_PDB,structures/final_581/183.pdb,structures/af2_581/183.pdb
184,6.6,6.227,6.109,6.276,6.335,5.672,5.672,5.691,5.691,6.343,6.276,5.663,5.895,5.683,5.898,5.705,esm_pred,P-predicted_no_exp_PDB,structures/final_581/184.pdb,structures/af2_581/184.pdb
185,4.2,6.575,6.544,6.599,7.281,5.982,5.982,5.992,5.992,6.797,6.538,6.051,6.383,6.049,6.341,6.041,esm_pred,P-predicted_no_exp_PDB,structures/final_581/185.pdb,structures/af2_581/185.pdb
186,10.0,8.545,8.543,8.955,9.369,7.788,7.788,7.823,7.823,8.529,8.532,7.792,7.808,7.827,7.843,7.516,esm_pred,P-predicted_no_exp_PDB,structures/final_581/186.pdb,structures/af2_581/186.pdb
187,3.5,5.223,5.09,5.549,5.552,5.257,5.257,5.285,5.285,5.338,5.268,5.257,5.225,5.285,5.255,5.054,esm_pred,P-predicted_no_exp_PDB,structures/final_581/187.pdb,structures/af2_581/187.pdb
188,7.05,7.973,7.96,8.223,8.73,7.058,7.058,6.995,6.995,7.946,7.909,7.057,7.127,6.994,7.078,6.92,exp_fixed,B-trusted_exp_annotated,structures/final_581/188.pdb,
189,5.3,4.988,5.237,5.403,5.363,5.154,5.154,5.169,5.169,5.245,5.225,5.151,5.188,5.167,5.205,5.159,exp_fixed,A-high_confidence_exp,structures/final_581/189.pdb,
190,3.55,6.537,6.621,6.354,7.18,5.75,5.75,5.772,5.772,6.532,6.638,5.751,5.909,5.772,5.918,5.731,esm_pred,P-predicted_no_exp_PDB,structures/final_581/190.pdb,structures/af2_581/190.pdb
191,6.7,6.657,6.581,7.227,6.579,5.922,5.922,5.933,5.933,6.73,6.609,6.15,5.973,6.152,5.982,5.767,esm_pred,P-predicted_no_exp_PDB,structures/final_581/191.pdb,structures/af2_581/191.pdb
192,6.37,6.593,6.575,6.722,6.81,5.924,5.924,5.938,5.938,6.812,6.797,5.943,6.025,5.956,6.029,5.924,exp_fixed,C-limited_exp_caution,structures/final_581/192.pdb,
193,6.7,7.023,7.473,7.387,8.384,6.409,6.409,6.389,6.389,7.372,7.439,6.409,6.839,6.389,6.811,6.382,esm_pred,P-predicted_no_exp_PDB,structures/final_581/193.pdb,structures/af2_581/193.pdb
194,5.765,6.476,6.776,6.72,8.417,6.133,6.133,6.098,6.098,6.969,7.03,6.142,6.529,6.106,6.424,6.208,exp_fixed,B-trusted_exp_annotated,structures/final_581/194.pdb,
195,6.3,7.492,7.54,7.508,8.127,6.598,6.598,6.56,6.56,7.46,7.571,6.604,6.961,6.566,6.947,6.448,exp_fixed,C-limited_exp_caution,structures/final_581/195.pdb,
196,5.7,5.718,5.761,6.1,6.09,5.453,5.453,5.467,5.467,5.965,5.794,5.532,5.445,5.546,5.459,5.523,exp_filled,B-trusted_exp_annotated,structures/final_581/196.pdb,
197,5.7,5.951,5.709,6.222,6.37,5.637,5.637,5.656,5.656,6.262,5.878,5.637,5.693,5.655,5.701,5.729,exp_filled,A-high_confidence_exp,structures/final_581/197.pdb,
198,4.92333,4.438,4.602,4.891,4.895,4.776,4.776,4.768,4.768,4.563,4.604,4.776,4.801,4.768,4.795,4.678,exp_filled,B-trusted_exp_annotated,structures/final_581/198.pdb,
199,8.5,8.849,8.845,9.272,9.451,8.152,8.152,8.137,8.137,8.827,8.827,8.152,8.177,8.137,8.162,8.089,exp_fixed,C-limited_exp_caution,structures/final_581/199.pdb,
200,5.09,4.97,5.16,5.283,5.028,5.044,5.044,5.057,5.057,5.03,5.096,5.044,5.32,5.057,5.332,5.014,esm_pred,P-predicted_no_exp_PDB,structures/final_581/200.pdb,structures/af2_581/200.pdb
201,4.4,5.299,5.284,5.617,5.652,5.223,5.223,5.235,5.235,5.427,5.333,5.222,5.301,5.234,5.309,5.2,esm_pred,P-predicted_no_exp_PDB,structures/final_581/201.pdb,structures/af2_581/201.pdb
202,8.5,6.181,6.049,6.024,5.974,5.568,5.568,5.592,5.592,6.262,6.307,5.69,5.68,5.708,5.701,5.353,exp_fixed,C-limited_exp_caution,structures/final_581/202.pdb,
203,8.5,8.068,8.064,8.635,9.011,7.286,7.286,7.311,7.311,8.06,8.048,7.296,7.303,7.321,7.329,8.094,exp_fixed,B-trusted_exp_annotated,structures/final_581/203.pdb,
204,5.11,4.996,4.856,5.401,5.242,5.132,5.132,5.139,5.139,4.931,4.873,5.115,5.058,5.123,5.065,5.116,esm_pred,P-predicted_no_exp_PDB,structures/final_581/204.pdb,structures/af2_581/204.pdb
205,8.5,10.164,9.883,10.154,10.184,9.355,9.355,9.227,9.227,10.093,10.111,9.355,9.537,9.227,9.345,9.072,exp_fixed,A-high_confidence_exp,structures/final_581/205.pdb,
206,5.32455,5.992,5.89,6.016,6.334,5.681,5.681,5.69,5.69,6.053,6.004,5.676,5.728,5.685,5.735,5.686,exp_fixed,C-limited_exp_caution,structures/final_581/206.pdb,
207,5.0,7.372,7.361,7.468,7.344,6.537,6.537,6.482,6.482,7.368,7.242,6.537,6.573,6.482,6.514,6.39,esm_pred,P-predicted_no_exp_PDB,structures/final_581/207.pdb,structures/af2_581/207.pdb
208,5.55,5.438,5.385,5.632,5.641,5.384,5.384,5.402,5.402,5.522,5.558,5.384,5.395,5.402,5.413,5.429,esm_pred,P-predicted_no_exp_PDB,structures/final_581/208.pdb,structures/af2_581/208.pdb
209,6.0,5.576,5.548,5.784,5.705,5.43,5.43,5.446,5.446,5.569,5.569,5.43,5.43,5.446,5.446,5.456,exp_fixed,B-trusted_exp_annotated,structures/final_581/209.pdb,
210,5.42,6.5,7.025,6.557,6.95,5.904,5.904,5.917,5.917,6.74,6.748,5.904,6.108,5.917,6.095,5.976,exp_filled,C-limited_exp_caution,structures/final_581/210.pdb,
211,11.0,9.223,9.222,10.014,11.094,8.587,8.587,8.576,8.576,9.205,9.21,8.587,8.628,8.576,8.61,8.818,exp_fixed,B-trusted_exp_annotated,structures/final_581/211.pdb,
212,6.3,6.151,6.314,6.256,6.126,5.602,5.602,5.641,5.641,6.557,6.332,5.663,5.96,5.699,5.959,5.834,exp_fixed,A-high_confidence_exp,structures/final_581/212.pdb,
213,4.96,4.846,4.747,5.115,4.837,4.937,4.937,4.935,4.935,4.793,4.723,4.943,4.897,4.941,4.894,4.91,exp_fixed,B-trusted_exp_annotated,structures/final_581/213.pdb,
214,5.13,4.613,4.756,5.099,5.333,4.959,4.959,4.963,4.963,4.711,4.832,4.959,5.042,4.963,5.052,4.878,exp_fixed,B-trusted_exp_annotated,structures/final_581/214.pdb,
215,6.05,6.205,6.182,6.079,6.09,5.514,5.514,5.538,5.538,6.263,6.181,5.548,5.544,5.571,5.567,5.634,esm_pred,P-predicted_no_exp_PDB,structures/final_581/215.pdb,structures/af2_581/215.pdb
216,5.15,4.89,4.843,5.245,5.232,5.143,5.143,5.149,5.149,4.964,4.947,5.132,5.148,5.139,5.155,5.14,esm_pred,P-predicted_no_exp_PDB,structures/final_581/216.pdb,structures/af2_581/216.pdb
217,5.9,7.105,7.287,7.12,7.398,6.289,6.289,6.28,6.28,7.199,7.287,6.289,6.609,6.28,6.582,6.326,esm_pred,P-predicted_no_exp_PDB,structures/final_581/217.pdb,structures/af2_581/217.pdb
218,4.9,4.88,4.797,5.213,5.131,5.017,5.017,5.016,5.016,4.873,4.858,5.016,5.022,5.015,5.021,5.041,exp_filled,C-limited_exp_caution,structures/final_581/218.pdb,
219,5.75,5.924,6.674,6.034,6.137,5.671,5.671,5.689,5.689,5.922,6.444,5.682,5.942,5.7,5.931,5.582,esm_pred,P-predicted_no_exp_PDB,structures/final_581/219.pdb,structures/af2_581/219.pdb
220,4.83,4.573,4.733,4.901,4.966,4.8,4.8,4.791,4.791,4.603,4.795,4.798,4.953,4.791,4.955,4.792,esm_pred,P-predicted_no_exp_PDB,structures/final_581/220.pdb,structures/af2_581/220.pdb
221,6.8,6.037,6.472,6.029,7.084,5.566,5.566,5.592,5.592,6.077,6.337,5.564,5.85,5.59,5.859,5.403,esm_pred,P-predicted_no_exp_PDB,structures/final_581/221.pdb,structures/af2_581/221.pdb
222,6.64,6.403,6.367,6.359,6.234,5.761,5.761,5.781,5.781,6.555,6.606,5.761,6.189,5.781,6.178,5.837,esm_pred,P-predicted_no_exp_PDB,structures/final_581/222.pdb,structures/af2_581/222.pdb
223,5.75,6.101,6.383,6.201,6.627,5.643,5.643,5.668,5.668,6.448,6.524,5.639,6.022,5.664,6.025,5.733,esm_pred,P-predicted_no_exp_PDB,structures/final_581/223.pdb,structures/af2_581/223.pdb
224,4.9,7.265,7.668,6.978,8.344,6.294,6.294,6.249,6.249,7.137,7.637,6.303,7.222,6.257,7.193,6.265,esm_pred,P-predicted_no_exp_PDB,structures/final_581/224.pdb,structures/af2_581/224.pdb
225,5.52,6.721,6.764,6.726,6.426,5.95,5.95,5.941,5.941,6.803,6.804,5.951,6.205,5.942,6.136,6.107,exp_fixed,B-trusted_exp_annotated,structures/final_581/225.pdb,
226,4.92,4.425,4.297,4.679,4.778,4.632,4.632,4.621,4.621,4.397,4.393,4.632,4.622,4.621,4.613,4.647,exp_filled,B-trusted_exp_annotated,structures/final_581/226.pdb,
227,4.9,5.293,5.278,5.624,5.699,5.366,5.366,5.371,5.371,5.356,5.381,5.35,5.422,5.354,5.425,5.369,esm_pred,P-predicted_no_exp_PDB,structures/final_581/227.pdb,structures/af2_581/227.pdb
228,8.38,9.933,9.956,9.934,9.827,8.925,8.925,8.939,8.939,9.791,9.802,8.938,8.983,8.952,8.998,8.851,exp_fixed,B-trusted_exp_annotated,structures/final_581/228.pdb,
229,5.16,5.42,5.548,5.571,5.915,5.384,5.384,5.397,5.397,5.313,5.375,5.384,5.402,5.397,5.418,5.25,exp_fixed,B-trusted_exp_annotated,structures/final_581/229.pdb,
230,4.2,4.602,4.616,4.996,4.969,5.077,5.077,5.112,5.112,4.698,4.735,5.077,5.091,5.112,5.13,4.955,esm_pred,P-predicted_no_exp_PDB,structures/final_581/230.pdb,structures/af2_581/230.pdb
231,5.21,5.407,5.727,5.762,6.055,5.408,5.408,5.415,5.415,5.447,5.678,5.402,5.562,5.41,5.571,5.327,exp_filled,C-limited_exp_caution,structures/final_581/231.pdb,
232,5.34,5.574,5.617,6.013,6.179,5.725,5.725,5.727,5.727,5.644,5.672,5.726,5.728,5.729,5.732,5.661,exp_fixed,C-limited_exp_caution,structures/final_581/232.pdb,
233,5.16,5.308,5.539,5.695,6.82,5.53,5.53,5.55,5.55,5.407,5.587,5.53,5.606,5.55,5.625,5.353,esm_pred,P-predicted_no_exp_PDB,structures/final_581/233.pdb,structures/af2_581/233.pdb
234,7.2,7.964,8.059,7.754,8.24,7.105,7.105,7.011,7.011,7.964,7.979,7.108,7.286,7.015,7.241,6.836,exp_filled,C-limited_exp_caution,structures/final_581/234.pdb,
235,4.1,5.271,5.3,5.513,5.458,5.263,5.263,5.275,5.275,5.196,5.38,5.263,5.372,5.275,5.387,5.159,exp_fixed,A-high_confidence_exp,structures/final_581/235.pdb,
236,5.142,6.335,6.845,6.414,7.399,6.019,6.019,5.988,5.988,6.588,6.645,6.017,6.097,5.987,6.056,6.027,esm_pred,P-predicted_no_exp_PDB,structures/final_581/236.pdb,structures/af2_581/236.pdb
237,7.8,6.91,7.097,7.246,7.471,6.322,6.322,6.322,6.322,7.134,7.105,6.352,6.678,6.349,6.678,6.16,exp_filled,B-trusted_exp_annotated,structures/final_581/237.pdb,
238,4.7,6.296,6.448,6.674,6.714,5.892,5.892,5.919,5.919,6.822,6.827,5.878,5.898,5.905,5.925,5.987,esm_pred,D-exp_structure_rejected,structures/final_581/238.pdb,structures/af2_581/238.pdb
239,4.83,6.607,6.564,6.676,6.663,6.224,6.224,6.082,6.082,6.525,6.525,6.224,6.224,6.082,6.082,5.864,esm_pred,P-predicted_no_exp_PDB,structures/final_581/239.pdb,structures/af2_581/239.pdb
240,8.5,8.099,8.063,8.13,8.401,7.124,7.124,7.008,7.008,7.989,7.978,7.124,7.178,7.008,7.086,6.827,exp_fixed,B-trusted_exp_annotated,structures/final_581/240.pdb,
241,4.34,5.192,5.326,5.637,6.117,5.293,5.293,5.302,5.302,5.276,5.385,5.297,5.423,5.307,5.434,5.17,esm_pred,P-predicted_no_exp_PDB,structures/final_581/241.pdb,structures/af2_581/241.pdb
242,4.92,4.777,4.796,5.021,4.916,4.916,4.916,4.917,4.917,4.757,4.756,4.927,4.927,4.928,4.928,4.879,esm_pred,P-predicted_no_exp_PDB,structures/final_581/242.pdb,structures/af2_581/242.pdb
243,8.33,7.901,7.937,8.552,8.752,7.128,7.128,7.169,7.169,7.902,7.925,7.129,7.204,7.171,7.248,6.865,esm_pred,P-predicted_no_exp_PDB,structures/final_581/243.pdb,structures/af2_581/243.pdb
244,8.7,7.326,7.326,8.065,9.051,6.572,6.572,6.559,6.559,7.325,7.325,6.572,6.572,6.559,6.559,6.909,esm_pred,P-predicted_no_exp_PDB,structures/final_581/244.pdb,structures/af2_581/244.pdb
245,5.34,5.393,5.441,5.734,5.618,5.561,5.561,5.583,5.583,5.424,5.398,5.561,5.537,5.583,5.562,5.425,exp_fixed,B-trusted_exp_annotated,structures/final_581/245.pdb,
246,4.99,4.806,4.974,5.182,5.483,5.025,5.025,5.026,5.026,4.859,4.959,5.025,5.151,5.026,5.153,5.009,esm_pred,P-predicted_no_exp_PDB,structures/final_581/246.pdb,structures/af2_581/246.pdb
247,7.0,6.609,6.839,6.604,7.017,5.832,5.832,5.847,5.847,6.642,6.726,5.921,6.112,5.931,6.103,5.899,exp_fixed,C-limited_exp_caution,structures/final_581/247.pdb,
248,5.5,5.256,5.211,5.558,5.594,5.153,5.153,5.167,5.167,5.355,5.346,5.148,5.237,5.161,5.25,5.206,esm_pred,P-predicted_no_exp_PDB,structures/final_581/248.pdb,structures/af2_581/248.pdb
249,4.7,5.579,5.565,5.803,5.691,5.636,5.636,5.65,5.65,5.588,5.545,5.662,5.622,5.674,5.639,5.442,esm_pred,P-predicted_no_exp_PDB,structures/final_581/249.pdb,structures/af2_581/249.pdb
250,5.41,5.306,5.39,5.591,5.683,5.451,5.451,5.467,5.467,5.272,5.292,5.456,5.459,5.473,5.477,5.304,exp_fixed,A-high_confidence_exp,structures/final_581/250.pdb,
251,5.3,7.829,7.767,8.171,8.201,7.003,7.003,6.948,6.948,7.882,7.761,7.003,7.043,6.948,6.992,6.949,esm_pred,P-predicted_no_exp_PDB,structures/final_581/251.pdb,structures/af2_581/251.pdb
252,6.7,6.509,6.782,6.656,6.984,5.923,5.923,5.944,5.944,6.814,6.796,5.973,6.6,5.992,6.59,6.037,esm_pred,P-predicted_no_exp_PDB,structures/final_581/252.pdb,structures/af2_581/252.pdb
253,4.85,5.192,5.218,5.609,5.745,5.144,5.144,5.152,5.152,5.206,5.248,5.164,5.3,5.174,5.308,5.154,esm_pred,P-predicted_no_exp_PDB,structures/final_581/253.pdb,structures/af2_581/253.pdb
254,6.9,6.815,6.864,6.691,6.772,5.89,5.89,5.917,5.917,6.865,6.852,5.89,6.253,5.917,6.249,6.046,exp_fixed,C-limited_exp_caution,structures/final_581/254.pdb,
255,5.6,5.958,5.972,6.23,6.224,5.541,5.541,5.565,5.565,6.276,6.218,5.541,5.706,5.565,5.723,5.637,esm_pred,P-predicted_no_exp_PDB,structures/final_581/255.pdb,structures/af2_581/255.pdb
256,6.8,6.745,6.772,6.796,6.657,6.104,6.104,6.099,6.099,6.974,6.778,6.156,6.449,6.144,6.402,6.106,esm_pred,D-exp_structure_rejected,structures/final_581/256.pdb,structures/af2_581/256.pdb
257,8.3,8.399,8.384,8.928,9.04,7.658,7.658,7.702,7.702,8.391,8.377,7.661,7.688,7.706,7.732,7.482,exp_fixed,C-limited_exp_caution,structures/final_581/257.pdb,
258,6.4825,8.335,8.342,8.823,9.026,7.586,7.586,7.624,7.624,8.331,8.333,7.586,7.615,7.624,7.652,7.229,exp_fixed,C-limited_exp_caution,structures/final_581/258.pdb,
259,8.4,8.733,8.761,8.946,8.923,8.096,8.096,8.058,8.058,8.694,8.711,8.096,8.299,8.058,8.257,7.909,esm_pred,P-predicted_no_exp_PDB,structures/final_581/259.pdb,structures/af2_581/259.pdb
260,7.9,7.39,7.812,7.485,8.252,6.552,6.552,6.465,6.465,7.468,7.791,6.553,7.335,6.466,7.327,6.422,esm_pred,P-predicted_no_exp_PDB,structures/final_581/260.pdb,structures/af2_581/260.pdb
261,8.2,7.428,7.91,7.509,8.078,6.545,6.545,6.458,6.458,7.497,7.894,6.751,7.392,6.665,7.389,6.429,exp_fixed,B-trusted_exp_annotated,structures/final_581/261.pdb,
262,4.5,5.43,5.087,5.699,5.811,5.215,5.215,5.236,5.236,5.564,5.174,5.213,5.098,5.234,5.113,5.192,esm_pred,P-predicted_no_exp_PDB,structures/final_581/262.pdb,structures/af2_581/262.pdb
263,7.0975,8.762,8.887,8.866,9.306,7.826,7.826,7.81,7.81,8.679,8.776,7.826,8.083,7.81,8.082,7.721,esm_pred,P-predicted_no_exp_PDB,structures/final_581/263.pdb,structures/af2_581/263.pdb
264,4.92,4.566,4.669,4.892,4.908,4.749,4.749,4.738,4.738,4.551,4.605,4.751,4.783,4.741,4.776,4.723,esm_pred,P-predicted_no_exp_PDB,structures/final_581/264.pdb,structures/af2_581/264.pdb
265,9.24,7.57,7.519,7.915,8.234,6.733,6.733,6.643,6.643,7.582,7.519,6.733,6.759,6.643,6.673,7.22,exp_fixed,C-limited_exp_caution,structures/final_581/265.pdb,
266,5.062,4.952,4.903,5.238,5.452,5.083,5.083,5.089,5.089,4.985,5.001,5.074,5.071,5.08,5.08,5.015,esm_pred,P-predicted_no_exp_PDB,structures/final_581/266.pdb,structures/af2_581/266.pdb
267,5.0,6.238,6.317,6.632,6.855,5.862,5.862,5.878,5.878,6.664,6.463,5.876,6.076,5.892,6.072,5.609,exp_fixed,B-trusted_exp_annotated,structures/final_581/267.pdb,
268,5.49,5.532,5.483,5.606,5.613,5.214,5.214,5.237,5.237,5.565,5.685,5.242,5.331,5.265,5.359,5.241,esm_pred,P-predicted_no_exp_PDB,structures/final_581/268.pdb,structures/af2_581/268.pdb
269,5.06,4.718,4.505,5.043,4.948,4.896,4.896,4.893,4.893,4.768,4.629,4.905,4.805,4.903,4.799,4.906,exp_fixed,B-trusted_exp_annotated,structures/final_581/269.pdb,
270,2.86,3.685,3.763,4.009,4.164,3.88,3.88,3.837,3.837,3.677,3.707,3.869,3.862,3.827,3.831,3.809,esm_pred,P-predicted_no_exp_PDB,structures/final_581/270.pdb,structures/af2_581/270.pdb
271,4.83,4.729,4.714,4.949,4.805,4.861,4.861,4.853,4.853,4.654,4.672,4.869,4.878,4.861,4.872,4.988,exp_fixed,C-limited_exp_caution,structures/final_581/271.pdb,
272,4.873,6.959,6.87,6.757,6.852,6.009,6.009,5.992,5.992,6.796,6.795,6.014,6.016,5.997,5.998,5.994,exp_fixed,C-limited_exp_caution,structures/final_581/272.pdb,
273,7.5,5.939,6.018,6.064,6.535,5.449,5.449,5.475,5.475,6.113,6.059,5.449,5.904,5.476,5.9,5.251,esm_pred,P-predicted_no_exp_PDB,structures/final_581/273.pdb,structures/af2_581/273.pdb
274,4.9,4.734,4.903,5.115,5.581,4.941,4.941,4.938,4.938,4.75,5.019,4.938,5.117,4.936,5.127,4.91,esm_pred,P-predicted_no_exp_PDB,structures/final_581/274.pdb,structures/af2_581/274.pdb
275,5.44,6.052,5.579,6.089,5.799,5.705,5.705,5.721,5.721,6.134,5.949,5.794,5.763,5.8,5.769,5.754,exp_filled,A-high_confidence_exp,structures/final_581/275.pdb,
276,6.0,7.105,7.491,7.214,8.258,6.437,6.437,6.331,6.331,7.221,7.485,6.437,6.981,6.331,6.919,6.209,esm_pred,P-predicted_no_exp_PDB,structures/final_581/276.pdb,structures/af2_581/276.pdb
277,5.3,5.984,5.352,6.277,5.574,5.978,5.978,5.949,5.949,6.148,5.445,5.978,5.676,5.949,5.682,5.719,exp_filled,B-trusted_exp_annotated,structures/final_581/277.pdb,
278,6.86,8.128,8.03,8.61,8.24,7.339,7.339,7.355,7.355,8.131,7.965,7.337,7.29,7.353,7.299,6.963,exp_fixed,B-trusted_exp_annotated,structures/final_581/278.pdb,
279,9.5,8.592,8.581,8.871,9.067,7.959,7.959,7.974,7.974,8.579,8.552,7.959,7.983,7.974,7.997,7.784,esm_pred,P-predicted_no_exp_PDB,structures/final_581/279.pdb,structures/af2_581/279.pdb
280,4.42187,4.045,4.051,4.357,4.173,4.26,4.26,4.23,4.23,4.05,4.031,4.261,4.222,4.231,4.195,4.41,esm_pred,P-predicted_no_exp_PDB,structures/final_581/280.pdb,structures/af2_581/280.pdb
281,4.6,5.16,4.959,5.746,5.474,5.156,5.156,5.162,5.162,5.344,5.051,5.204,5.098,5.212,5.1,5.15,esm_pred,P-predicted_no_exp_PDB,structures/final_581/281.pdb,structures/af2_581/281.pdb
282,4.5,4.432,4.466,4.829,4.8,4.697,4.697,4.686,4.686,4.508,4.509,4.697,4.701,4.686,4.691,4.689,esm_pred,D-exp_structure_rejected,structures/final_581/282.pdb,structures/af2_581/282.pdb
283,4.0,6.974,7.104,7.087,7.205,6.179,6.179,6.177,6.177,7.118,7.047,6.179,6.462,6.177,6.424,6.192,exp_fixed,C-limited_exp_caution,structures/final_581/283.pdb,
284,4.9,5.253,5.123,5.572,5.541,5.189,5.189,5.2,5.2,5.334,5.26,5.212,5.196,5.224,5.206,5.209,esm_pred,P-predicted_no_exp_PDB,structures/final_581/284.pdb,structures/af2_581/284.pdb
285,6.0,6.263,5.906,6.393,6.645,5.746,5.746,5.76,5.76,6.315,6.027,5.744,5.807,5.758,5.811,5.731,esm_pred,P-predicted_no_exp_PDB,structures/final_581/285.pdb,structures/af2_581/285.pdb
286,6.9,7.003,7.176,6.974,7.426,6.25,6.25,6.221,6.221,7.065,7.26,6.25,6.629,6.221,6.578,6.118,esm_pred,P-predicted_no_exp_PDB,structures/final_581/286.pdb,structures/af2_581/286.pdb
287,6.22,7.677,7.617,8.02,7.977,6.825,6.825,6.781,6.781,7.658,7.648,6.825,7.024,6.781,7.009,6.593,esm_pred,P-predicted_no_exp_PDB,structures/final_581/287.pdb,structures/af2_581/287.pdb
288,5.6,6.744,7.53,6.499,6.396,6.011,6.011,6.0,6.0,6.85,7.548,6.115,7.025,6.08,6.946,6.104,esm_pred,P-predicted_no_exp_PDB,structures/final_581/288.pdb,structures/af2_581/288.pdb
289,4.9,3.75,3.862,4.033,4.213,4.045,4.045,4.001,4.001,3.86,3.943,4.045,4.095,4.001,4.062,3.937,exp_filled,C-limited_exp_caution,structures/final_581/289.pdb,
290,4.905,4.992,4.821,5.377,5.475,5.232,5.232,5.228,5.228,5.013,4.981,5.233,5.194,5.229,5.192,5.221,esm_pred,P-predicted_no_exp_PDB,structures/final_581/290.pdb,structures/af2_581/290.pdb
291,6.2,6.947,6.993,7.049,6.935,6.145,6.145,6.142,6.142,7.052,6.839,6.145,6.117,6.142,6.106,6.171,exp_filled,B-trusted_exp_annotated,structures/final_581/291.pdb,
292,5.8625,6.603,6.382,6.532,7.09,5.864,5.864,5.878,5.878,6.639,6.488,5.863,5.907,5.878,5.913,5.85,esm_pred,P-predicted_no_exp_PDB,structures/final_581/292.pdb,structures/af2_581/292.pdb
293,4.93,4.419,4.588,4.704,4.76,4.643,4.643,4.636,4.636,4.409,4.451,4.643,4.627,4.636,4.621,4.546,esm_pred,P-predicted_no_exp_PDB,structures/final_581/293.pdb,structures/af2_581/293.pdb
294,5.1,7.792,7.903,8.162,8.701,6.929,6.929,6.852,6.852,7.792,7.844,6.93,7.184,6.854,7.163,6.661,esm_pred,P-predicted_no_exp_PDB,structures/final_581/294.pdb,structures/af2_581/294.pdb
295,7.2,9.312,9.324,9.378,9.649,8.506,8.506,8.493,8.493,9.255,9.261,8.525,8.543,8.511,8.528,8.558,esm_pred,P-predicted_no_exp_PDB,structures/final_581/295.pdb,structures/af2_581/295.pdb
296,7.10909,8.288,8.309,8.689,8.855,7.508,7.508,7.507,7.507,8.298,8.289,7.507,7.586,7.506,7.591,7.275,esm_pred,P-predicted_no_exp_PDB,structures/final_581/296.pdb,structures/af2_581/296.pdb
297,6.8,8.746,8.816,8.813,8.842,7.691,7.691,7.669,7.669,8.661,8.685,7.691,7.808,7.669,7.793,7.599,esm_pred,P-predicted_no_exp_PDB,structures/final_581/297.pdb,structures/af2_581/297.pdb
298,8.55,9.004,8.937,9.595,9.298,8.224,8.224,8.231,8.231,8.962,8.908,8.228,8.233,8.234,8.238,8.274,exp_fixed,C-limited_exp_caution,structures/final_581/298.pdb,
299,7.282,9.405,9.377,9.602,9.761,8.622,8.622,8.58,8.58,9.334,9.299,8.622,8.684,8.58,8.632,8.658,esm_pred,P-predicted_no_exp_PDB,structures/final_581/299.pdb,structures/af2_581/299.pdb
300,5.87,6.192,6.635,6.088,5.914,5.502,5.502,5.536,5.536,6.268,6.522,5.502,5.854,5.536,5.869,5.681,exp_fixed,B-trusted_exp_annotated,structures/final_581/300.pdb,
301,5.4,6.503,6.607,6.546,6.689,5.879,5.879,5.9,5.9,6.758,6.763,5.896,5.946,5.913,5.96,5.979,esm_pred,P-predicted_no_exp_PDB,structures/final_581/301.pdb,structures/af2_581/301.pdb
302,6.94333,7.099,7.376,7.054,7.237,6.356,6.356,6.303,6.303,7.179,7.325,6.492,6.815,6.414,6.7,6.414,exp_fixed,C-limited_exp_caution,structures/final_581/302.pdb,
303,6.11,6.416,5.852,6.162,6.242,5.553,5.553,5.587,5.587,6.262,5.744,5.553,5.523,5.587,5.551,5.404,esm_pred,P-predicted_no_exp_PDB,structures/final_581/303.pdb,structures/af2_581/303.pdb
304,7.35,8.714,8.724,9.142,9.393,7.92,7.92,7.954,7.954,8.686,8.684,7.92,7.931,7.954,7.965,7.687,esm_pred,P-predicted_no_exp_PDB,structures/final_581/304.pdb,structures/af2_581/304.pdb
305,4.88,4.581,4.732,5.088,5.217,4.861,4.861,4.859,4.859,4.714,4.863,4.875,4.998,4.874,5.007,4.77,exp_fixed,B-trusted_exp_annotated,structures/final_581/305.pdb,
306,5.5,5.649,6.319,5.751,6.097,5.332,5.332,5.352,5.352,5.662,6.232,5.329,5.902,5.349,5.902,5.28,esm_pred,P-predicted_no_exp_PDB,structures/final_581/306.pdb,structures/af2_581/306.pdb
307,3.5,3.892,4.123,4.342,4.18,4.372,4.372,4.36,4.36,4.098,4.122,4.372,4.381,4.36,4.372,4.295,exp_fixed,B-trusted_exp_annotated,structures/final_581/307.pdb,
308,4.6,5.879,5.977,6.105,5.877,5.533,5.533,5.565,5.565,6.177,5.845,5.541,5.572,5.57,5.595,5.69,esm_pred,P-predicted_no_exp_PDB,structures/final_581/308.pdb,structures/af2_581/308.pdb
309,8.82,8.819,8.827,9.253,9.159,7.805,7.805,7.796,7.796,8.724,8.721,7.805,7.804,7.796,7.795,7.734,esm_pred,P-predicted_no_exp_PDB,structures/final_581/309.pdb,structures/af2_581/309.pdb
310,6.6,6.824,7.096,6.813,6.921,5.961,5.961,5.971,5.971,6.901,6.901,5.961,5.95,5.971,5.962,6.04,exp_filled,C-limited_exp_caution,structures/final_581/310.pdb,
311,4.83,4.542,4.486,5.001,4.752,4.789,4.789,4.779,4.779,4.612,4.472,4.826,4.717,4.82,4.707,4.841,esm_pred,P-predicted_no_exp_PDB,structures/final_581/311.pdb,structures/af2_581/311.pdb
312,5.78,6.381,6.591,6.206,6.545,5.635,5.635,5.658,5.658,6.368,6.325,5.726,5.902,5.744,5.901,5.709,esm_pred,P-predicted_no_exp_PDB,structures/final_581/312.pdb,structures/af2_581/312.pdb
313,5.1,5.965,5.81,6.039,6.319,5.493,5.493,5.511,5.511,6.035,5.889,5.493,5.689,5.511,5.699,5.348,esm_pred,P-predicted_no_exp_PDB,structures/final_581/313.pdb,structures/af2_581/313.pdb
314,5.32,5.164,4.946,5.465,5.513,5.199,5.199,5.206,5.206,5.252,5.12,5.212,5.211,5.219,5.214,5.183,exp_filled,B-trusted_exp_annotated,structures/final_581/314.pdb,
315,4.83,4.811,4.559,5.179,4.934,4.871,4.871,4.863,4.863,4.704,4.677,4.919,4.901,4.913,4.894,4.935,esm_pred,P-predicted_no_exp_PDB,structures/final_581/315.pdb,structures/af2_581/315.pdb
316,5.175,5.64,5.97,5.813,6.384,5.488,5.488,5.509,5.509,5.661,5.907,5.517,5.726,5.536,5.735,5.555,exp_fixed,B-trusted_exp_annotated,structures/final_581/316.pdb,
317,4.7,5.976,5.937,5.973,5.932,5.585,5.585,5.614,5.614,6.249,6.027,5.637,5.618,5.661,5.641,5.78,esm_pred,P-predicted_no_exp_PDB,structures/final_581/317.pdb,structures/af2_581/317.pdb
318,6.49,7.008,7.649,6.815,7.716,6.291,6.291,6.243,6.243,7.161,7.15,6.437,6.437,6.364,6.369,6.373,esm_pred,P-predicted_no_exp_PDB,structures/final_581/318.pdb,structures/af2_581/318.pdb
319,6.64,8.019,7.835,8.141,7.073,7.104,7.104,6.995,6.995,8.005,7.796,7.104,7.281,6.995,7.241,6.781,exp_filled,C-limited_exp_caution,structures/final_581/319.pdb,
320,5.3,5.127,5.099,5.467,5.481,5.292,5.292,5.303,5.303,5.226,5.226,5.288,5.359,5.3,5.37,5.262,exp_fixed,A-high_confidence_exp,structures/final_581/320.pdb,
321,5.92,7.774,7.954,7.396,7.937,6.544,6.544,6.393,6.393,7.517,7.868,6.551,7.29,6.401,7.203,6.623,exp_fixed,B-trusted_exp_annotated,structures/final_581/321.pdb,
322,4.8575,4.565,4.503,4.923,4.869,4.778,4.778,4.762,4.762,4.591,4.555,4.776,4.746,4.76,4.73,4.86,esm_pred,P-predicted_no_exp_PDB,structures/final_581/322.pdb,structures/af2_581/322.pdb
323,5.22,5.035,4.822,5.406,5.36,5.059,5.059,5.068,5.068,5.176,4.996,5.059,5.048,5.069,5.056,5.059,esm_pred,P-predicted_no_exp_PDB,structures/final_581/323.pdb,structures/af2_581/323.pdb
324,6.1,6.748,7.121,6.859,7.573,6.048,6.048,6.061,6.061,6.973,7.127,6.052,6.667,6.065,6.646,6.076,esm_pred,P-predicted_no_exp_PDB,structures/final_581/324.pdb,structures/af2_581/324.pdb
325,5.01333,4.629,4.728,5.145,5.019,4.945,4.945,4.955,4.955,4.82,4.712,4.951,4.876,4.961,4.882,4.951,esm_pred,P-predicted_no_exp_PDB,structures/final_581/325.pdb,structures/af2_581/325.pdb
326,7.37,5.634,5.599,5.936,5.481,5.371,5.371,5.405,5.405,5.908,5.609,5.371,5.421,5.405,5.449,5.5,esm_pred,P-predicted_no_exp_PDB,structures/final_581/326.pdb,structures/af2_581/326.pdb
327,9.4,9.392,9.371,9.407,9.405,8.618,8.618,8.614,8.614,9.329,9.326,8.618,8.694,8.614,8.689,8.612,exp_fixed,B-trusted_exp_annotated,structures/final_581/327.pdb,
328,5.99,7.469,7.615,7.317,7.469,6.444,6.444,6.282,6.282,7.43,7.43,6.444,6.446,6.282,6.284,6.593,esm_pred,P-predicted_no_exp_PDB,structures/final_581/328.pdb,structures/af2_581/328.pdb
329,4.84,4.761,4.755,5.071,5.134,4.955,4.955,4.961,4.961,4.728,4.781,4.955,5.001,4.961,5.01,4.945,esm_pred,P-predicted_no_exp_PDB,structures/final_581/329.pdb,structures/af2_581/329.pdb
330,4.5,6.174,5.802,6.224,5.908,5.578,5.578,5.601,5.601,6.349,6.016,5.578,5.628,5.602,5.642,5.649,exp_filled,A-high_confidence_exp,structures/final_581/330.pdb,
331,5.1,5.685,5.983,5.911,5.914,5.406,5.406,5.423,5.423,5.918,6.067,5.445,5.82,5.462,5.826,5.404,esm_pred,P-predicted_no_exp_PDB,structures/final_581/331.pdb,structures/af2_581/331.pdb
332,7.0,7.248,7.235,7.283,7.398,6.369,6.369,6.349,6.349,7.329,7.281,6.506,6.7,6.476,6.671,6.256,esm_pred,P-predicted_no_exp_PDB,structures/final_581/332.pdb,structures/af2_581/332.pdb
333,5.665,6.033,5.934,6.197,5.901,5.624,5.624,5.648,5.648,6.333,6.14,5.623,5.932,5.647,5.93,5.656,esm_pred,P-predicted_no_exp_PDB,structures/final_581/333.pdb,structures/af2_581/333.pdb
334,6.56,8.02,8.03,8.439,8.333,7.204,7.204,7.19,7.19,8.017,8.025,7.203,7.38,7.189,7.386,6.827,esm_pred,P-predicted_no_exp_PDB,structures/final_581/334.pdb,structures/af2_581/334.pdb
335,5.5,6.174,6.132,6.309,6.275,5.635,5.635,5.659,5.659,6.378,6.315,5.631,5.84,5.654,5.851,5.696,esm_pred,P-predicted_no_exp_PDB,structures/final_581/335.pdb,structures/af2_581/335.pdb
336,7.2,7.307,7.39,7.04,7.248,6.333,6.333,6.321,6.321,7.294,7.341,6.33,6.784,6.318,6.736,6.443,exp_filled,B-trusted_exp_annotated,structures/final_581/336.pdb,
337,6.67667,7.227,7.205,6.919,6.735,6.151,6.151,6.154,6.154,7.102,7.139,6.164,6.741,6.167,6.697,6.298,esm_pred,P-predicted_no_exp_PDB,structures/final_581/337.pdb,structures/af2_581/337.pdb
338,6.6,7.23,7.177,6.95,6.915,6.197,6.197,6.2,6.2,7.254,6.991,6.323,6.503,6.312,6.469,6.349,exp_filled,B-trusted_exp_annotated,structures/final_581/338.pdb,
339,5.34,5.397,5.525,5.583,5.863,5.472,5.472,5.498,5.498,5.617,5.601,5.494,5.64,5.516,5.654,5.531,esm_pred,P-predicted_no_exp_PDB,structures/final_581/339.pdb,structures/af2_581/339.pdb
340,7.43,8.169,8.154,8.194,8.372,7.352,7.352,7.372,7.372,8.131,8.135,7.425,7.383,7.447,7.404,7.019,esm_pred,P-predicted_no_exp_PDB,structures/final_581/340.pdb,structures/af2_581/340.pdb
341,7.5,8.052,8.029,8.653,9.017,7.244,7.244,7.282,7.282,8.018,8.01,7.245,7.3,7.283,7.337,6.971,esm_pred,P-predicted_no_exp_PDB,structures/final_581/341.pdb,structures/af2_581/341.pdb
342,5.27,5.148,5.082,5.566,5.417,5.16,5.16,5.168,5.168,5.19,5.077,5.165,5.155,5.174,5.162,5.138,esm_pred,P-predicted_no_exp_PDB,structures/final_581/342.pdb,structures/af2_581/342.pdb
343,6.8,6.788,6.969,6.876,7.069,6.231,6.231,6.22,6.22,7.072,7.062,6.273,6.507,6.258,6.472,6.253,esm_pred,P-predicted_no_exp_PDB,structures/final_581/343.pdb,structures/af2_581/343.pdb
344,6.7,6.708,6.908,6.556,6.435,5.928,5.928,5.942,5.942,6.768,6.781,5.928,6.191,5.942,6.168,5.968,esm_pred,P-predicted_no_exp_PDB,structures/final_581/344.pdb,structures/af2_581/344.pdb
345,5.135,5.008,4.903,5.335,5.177,5.079,5.079,5.099,5.099,5.079,5.08,5.076,5.159,5.096,5.179,5.091,esm_pred,P-predicted_no_exp_PDB,structures/final_581/345.pdb,structures/af2_581/345.pdb
346,4.92,4.799,4.831,5.174,5.071,4.983,4.983,4.987,4.987,4.815,4.772,4.979,4.938,4.983,4.942,4.972,exp_filled,B-trusted_exp_annotated,structures/final_581/346.pdb,
347,6.77333,6.017,6.337,6.203,6.417,5.607,5.607,5.634,5.634,6.213,6.315,5.584,5.812,5.609,5.824,5.664,esm_pred,P-predicted_no_exp_PDB,structures/final_581/347.pdb,structures/af2_581/347.pdb
348,4.69,5.644,5.502,5.813,6.004,5.408,5.408,5.42,5.42,5.796,5.529,5.413,5.471,5.426,5.478,5.462,esm_pred,P-predicted_no_exp_PDB,structures/final_581/348.pdb,structures/af2_581/348.pdb
349,4.8,5.4,4.992,5.707,5.482,5.462,5.462,5.481,5.481,5.533,5.201,5.513,5.344,5.531,5.36,5.396,esm_pred,P-predicted_no_exp_PDB,structures/final_581/349.pdb,structures/af2_581/349.pdb
350,10.7,8.319,8.323,8.969,9.574,7.5,7.5,7.52,7.52,8.313,8.313,7.5,7.5,7.52,7.52,7.118,esm_pred,P-predicted_no_exp_PDB,structures/final_581/350.pdb,structures/af2_581/350.pdb
351,4.35,3.949,4.178,4.255,3.964,4.165,4.165,4.131,4.131,3.962,4.052,4.165,4.247,4.131,4.22,3.986,exp_fixed,B-trusted_exp_annotated,structures/final_581/351.pdb,
352,4.9,6.416,6.458,6.561,6.568,5.85,5.85,5.868,5.868,6.665,6.728,5.851,6.039,5.869,6.045,5.937,exp_fixed,C-limited_exp_caution,structures/final_581/352.pdb,
353,5.3,5.736,6.922,5.931,6.525,5.323,5.323,5.366,5.366,5.918,6.901,5.312,6.439,5.356,6.391,5.494,exp_fixed,C-limited_exp_caution,structures/final_581/353.pdb,
354,5.9,5.557,5.1,5.76,5.251,5.335,5.335,5.368,5.368,5.972,5.25,5.335,5.285,5.368,5.305,5.416,esm_pred,P-predicted_no_exp_PDB,structures/final_581/354.pdb,structures/af2_581/354.pdb
355,6.1,6.803,6.585,6.76,6.643,5.888,5.888,5.905,5.905,6.745,6.621,5.888,6.098,5.906,6.091,6.018,esm_pred,P-predicted_no_exp_PDB,structures/final_581/355.pdb,structures/af2_581/355.pdb
356,4.6,6.169,6.154,6.444,6.438,5.621,5.621,5.646,5.646,6.511,6.245,5.679,5.767,5.705,5.782,5.592,esm_pred,P-predicted_no_exp_PDB,structures/final_581/356.pdb,structures/af2_581/356.pdb
357,4.81,4.459,4.527,4.836,4.753,4.739,4.739,4.733,4.733,4.497,4.494,4.745,4.739,4.739,4.734,4.814,exp_filled,B-trusted_exp_annotated,structures/final_581/357.pdb,
358,4.82,5.341,5.136,5.623,5.431,5.561,5.561,5.596,5.596,5.234,5.231,5.57,5.567,5.605,5.602,5.165,exp_fixed,A-high_confidence_exp,structures/final_581/358.pdb,
359,3.9,4.68,4.62,5.096,5.333,4.874,4.874,4.866,4.866,4.763,4.741,4.888,4.846,4.881,4.842,4.77,esm_pred,P-predicted_no_exp_PDB,structures/final_581/359.pdb,structures/af2_581/359.pdb
360,7.08786,7.616,7.586,7.38,7.685,6.8,6.8,6.706,6.706,7.783,7.744,6.985,6.809,6.9,6.71,6.704,esm_pred,D-exp_structure_rejected,structures/final_581/360.pdb,structures/af2_581/360.pdb
361,5.38,5.511,5.367,5.834,5.749,5.256,5.256,5.274,5.274,5.559,5.285,5.307,5.298,5.326,5.314,5.288,exp_filled,C-limited_exp_caution,structures/final_581/361.pdb,
362,8.8,7.783,7.803,7.966,8.313,7.0,7.0,6.906,6.906,7.793,7.803,6.998,7.238,6.903,7.205,6.727,esm_pred,P-predicted_no_exp_PDB,structures/final_581/362.pdb,structures/af2_581/362.pdb
363,5.81857,5.874,6.46,6.007,6.512,5.589,5.589,5.605,5.605,6.019,6.32,5.589,5.857,5.605,5.865,5.573,exp_fixed,B-trusted_exp_annotated,structures/final_581/363.pdb,
364,5.522,6.146,7.036,6.407,7.853,5.786,5.786,5.805,5.805,6.536,6.783,5.786,6.213,5.805,6.193,5.639,esm_pred,P-predicted_no_exp_PDB,structures/final_581/364.pdb,structures/af2_581/364.pdb
365,5.5,5.346,5.154,5.693,5.653,5.462,5.462,5.483,5.483,5.487,5.453,5.459,5.421,5.48,5.445,5.354,exp_fixed,B-trusted_exp_annotated,structures/final_581/365.pdb,
366,5.0,4.705,4.816,4.934,5.049,4.923,4.923,4.925,4.925,4.681,4.765,4.894,4.942,4.893,4.945,4.857,esm_pred,P-predicted_no_exp_PDB,structures/final_581/366.pdb,structures/af2_581/366.pdb
367,8.46,8.76,8.85,9.03,9.147,8.095,8.095,8.11,8.11,8.805,8.829,8.081,8.111,8.097,8.124,7.953,exp_fixed,C-limited_exp_caution,structures/final_581/367.pdb,
368,5.77,5.943,5.709,6.112,5.853,5.489,5.489,5.517,5.517,6.228,5.809,5.491,5.515,5.519,5.536,5.618,esm_pred,P-predicted_no_exp_PDB,structures/final_581/368.pdb,structures/af2_581/368.pdb
369,4.88889,4.523,4.4,4.943,4.829,4.846,4.846,4.835,4.835,4.611,4.599,4.853,4.842,4.842,4.831,4.94,exp_fixed,B-trusted_exp_annotated,structures/final_581/369.pdb,
370,6.3,5.285,5.495,5.722,5.909,5.436,5.436,5.448,5.448,5.477,5.546,5.444,5.53,5.456,5.542,5.328,exp_fixed,A-high_confidence_exp,structures/final_581/370.pdb,
371,4.0,3.806,3.775,4.136,4.045,4.085,4.085,4.043,4.043,3.892,3.794,4.086,3.965,4.044,3.93,4.142,esm_pred,P-predicted_no_exp_PDB,structures/final_581/371.pdb,structures/af2_581/371.pdb
372,7.6,8.19,8.218,8.744,9.557,7.453,7.453,7.504,7.504,8.191,8.205,7.453,7.543,7.504,7.59,8.513,esm_pred,P-predicted_no_exp_PDB,structures/final_581/372.pdb,structures/af2_581/372.pdb
373,3.7,4.011,4.016,4.202,4.32,4.181,4.181,4.153,4.153,3.931,4.033,4.181,4.273,4.153,4.253,4.107,esm_pred,P-predicted_no_exp_PDB,structures/final_581/373.pdb,structures/af2_581/373.pdb
374,4.99,4.736,4.659,5.136,5.054,5.023,5.023,5.018,5.018,4.82,4.782,5.023,4.993,5.018,4.986,5.022,exp_filled,C-limited_exp_caution,structures/final_581/374.pdb,
375,5.2,4.404,4.239,4.707,4.812,4.587,4.587,4.574,4.574,4.363,4.307,4.593,4.506,4.58,4.496,4.659,esm_pred,P-predicted_no_exp_PDB,structures/final_581/375.pdb,structures/af2_581/375.pdb
376,6.0,7.335,7.306,7.211,7.78,6.466,6.466,6.475,6.475,7.343,7.22,6.557,6.515,6.566,6.518,6.31,esm_pred,P-predicted_no_exp_PDB,structures/final_581/376.pdb,structures/af2_581/376.pdb
377,4.815,4.501,4.284,4.791,4.663,4.598,4.598,4.578,4.578,4.378,4.353,4.617,4.598,4.598,4.581,4.671,esm_pred,P-predicted_no_exp_PDB,structures/final_581/377.pdb,structures/af2_581/377.pdb
378,5.8,6.158,5.865,6.048,5.799,5.483,5.483,5.512,5.512,6.22,5.987,5.479,5.51,5.508,5.534,5.507,esm_pred,P-predicted_no_exp_PDB,structures/final_581/378.pdb,structures/af2_581/378.pdb
379,4.92,4.891,4.726,5.137,4.964,5.053,5.053,5.071,5.071,4.815,4.782,5.053,5.023,5.071,5.041,5.121,esm_pred,P-predicted_no_exp_PDB,structures/final_581/379.pdb,structures/af2_581/379.pdb
380,6.83,8.501,8.484,8.916,9.432,7.648,7.648,7.672,7.672,8.455,8.44,7.691,7.677,7.714,7.7,7.281,esm_pred,P-predicted_no_exp_PDB,structures/final_581/380.pdb,structures/af2_581/380.pdb
381,8.0,6.576,6.857,6.562,6.693,5.924,5.924,5.928,5.928,6.689,6.86,5.924,6.521,5.928,6.48,5.732,esm_pred,P-predicted_no_exp_PDB,structures/final_581/381.pdb,structures/af2_581/381.pdb
382,8.35,7.448,7.549,7.869,8.198,6.599,6.599,6.557,6.557,7.426,7.551,6.599,6.973,6.557,6.978,6.866,esm_pred,P-predicted_no_exp_PDB,structures/final_581/382.pdb,structures/af2_581/382.pdb
383,4.85,7.235,7.342,7.394,7.697,6.477,6.477,6.374,6.374,7.395,7.428,6.477,6.723,6.374,6.616,6.413,esm_pred,P-predicted_no_exp_PDB,structures/final_581/383.pdb,structures/af2_581/383.pdb
384,6.5,7.048,7.082,6.998,6.797,6.076,6.076,6.091,6.091,7.041,6.98,6.08,6.026,6.095,6.043,6.153,exp_fixed,A-high_confidence_exp,structures/final_581/384.pdb,
385,5.545,6.204,6.101,6.135,6.044,5.579,5.579,5.609,5.609,6.253,6.097,5.595,5.701,5.622,5.719,5.647,exp_fixed,B-trusted_exp_annotated,structures/final_581/385.pdb,
386,5.18,5.095,5.016,5.406,5.365,5.132,5.132,5.135,5.135,5.095,5.101,5.149,5.143,5.153,5.148,5.143,esm_pred,P-predicted_no_exp_PDB,structures/final_581/386.pdb,structures/af2_581/386.pdb
387,8.7,7.624,7.544,8.002,9.378,6.773,6.773,6.788,6.788,7.626,7.554,6.895,6.838,6.924,6.858,7.409,esm_pred,P-predicted_no_exp_PDB,structures/final_581/387.pdb,structures/af2_581/387.pdb
388,6.29866,7.259,7.148,7.121,7.208,6.275,6.275,6.287,6.287,7.22,7.149,6.487,6.499,6.494,6.504,6.115,exp_fixed,B-trusted_exp_annotated,structures/final_581/388.pdb,
389,5.705,6.016,5.864,5.887,5.859,5.436,5.436,5.467,5.467,6.177,6.111,5.475,5.418,5.507,5.452,5.603,exp_fixed,B-trusted_exp_annotated,structures/final_581/389.pdb,
390,5.3625,5.226,5.123,5.536,5.486,5.261,5.261,5.265,5.265,5.207,5.203,5.252,5.269,5.255,5.27,5.295,esm_pred,D-exp_structure_rejected,structures/final_581/390.pdb,structures/af2_581/390.pdb
391,6.5,8.886,8.849,8.63,8.734,7.526,7.526,7.284,7.284,8.684,8.684,7.526,7.526,7.284,7.284,7.607,exp_fixed,C-limited_exp_caution,structures/final_581/391.pdb,
392,4.4,4.856,4.888,5.147,5.15,4.957,4.957,4.971,4.971,4.845,4.849,4.957,4.961,4.971,4.977,4.914,esm_pred,P-predicted_no_exp_PDB,structures/final_581/392.pdb,structures/af2_581/392.pdb
393,6.53,7.351,7.175,7.364,7.409,6.41,6.41,6.421,6.421,7.387,7.259,6.625,6.667,6.633,6.67,6.376,exp_fixed,C-limited_exp_caution,structures/final_581/393.pdb,
394,4.88667,4.679,4.543,4.991,4.87,4.829,4.829,4.819,4.819,4.688,4.652,4.841,4.819,4.832,4.81,4.903,esm_pred,P-predicted_no_exp_PDB,structures/final_581/394.pdb,structures/af2_581/394.pdb
395,7.8,8.616,8.62,9.144,9.301,7.888,7.888,7.934,7.934,8.607,8.604,7.888,7.907,7.934,7.952,7.763,esm_pred,P-predicted_no_exp_PDB,structures/final_581/395.pdb,structures/af2_581/395.pdb
396,8.9,8.932,8.964,8.969,9.043,8.032,8.032,8.038,8.038,8.846,8.847,8.039,8.041,8.045,8.046,7.954,esm_pred,P-predicted_no_exp_PDB,structures/final_581/396.pdb,structures/af2_581/396.pdb
397,8.6,9.101,8.583,9.362,9.157,8.365,8.365,8.332,8.332,9.066,8.543,8.365,7.963,8.332,7.952,8.451,esm_pred,P-predicted_no_exp_PDB,structures/final_581/397.pdb,structures/af2_581/397.pdb
398,8.9,9.218,9.243,9.459,9.771,8.659,8.659,8.645,8.645,9.178,9.177,8.66,8.661,8.645,8.647,8.563,exp_fixed,C-limited_exp_caution,structures/final_581/398.pdb,
399,6.3,8.775,8.793,9.54,9.347,7.954,7.954,7.966,7.966,8.758,8.762,7.953,7.985,7.966,7.997,7.9,esm_pred,P-predicted_no_exp_PDB,structures/final_581/399.pdb,structures/af2_581/399.pdb
400,5.3,5.629,5.531,5.848,5.987,5.316,5.316,5.338,5.338,5.885,5.762,5.319,5.418,5.341,5.44,5.377,exp_fixed,B-trusted_exp_annotated,structures/final_581/400.pdb,
401,4.0,4.063,4.045,4.465,4.267,4.275,4.275,4.242,4.242,4.106,4.1,4.284,4.259,4.253,4.231,4.011,exp_fixed,C-limited_exp_caution,structures/final_581/401.pdb,
402,5.42,5.382,5.244,5.703,5.695,5.336,5.336,5.343,5.343,5.397,5.326,5.337,5.345,5.345,5.351,5.337,exp_fixed,A-high_confidence_exp,structures/final_581/402.pdb,
403,9.1,8.614,8.619,9.778,10.042,7.854,7.854,7.906,7.906,8.601,8.608,7.859,7.888,7.911,7.938,7.929,esm_pred,P-predicted_no_exp_PDB,structures/final_581/403.pdb,structures/af2_581/403.pdb
404,4.2,4.737,4.512,5.213,4.807,4.947,4.947,4.954,4.954,4.864,4.662,4.939,4.848,4.947,4.846,4.909,esm_pred,P-predicted_no_exp_PDB,structures/final_581/404.pdb,structures/af2_581/404.pdb
405,5.25,5.364,5.42,5.631,5.87,5.346,5.346,5.355,5.355,5.437,5.457,5.364,5.351,5.373,5.362,5.167,esm_pred,P-predicted_no_exp_PDB,structures/final_581/405.pdb,structures/af2_581/405.pdb
406,8.995,7.242,7.243,6.972,6.811,6.236,6.236,6.218,6.218,7.058,7.157,6.307,6.5,6.282,6.46,6.117,esm_pred,P-predicted_no_exp_PDB,structures/final_581/406.pdb,structures/af2_581/406.pdb
407,5.3,6.163,6.324,6.196,6.26,5.549,5.549,5.573,5.573,6.295,6.287,5.55,5.731,5.574,5.749,5.672,esm_pred,P-predicted_no_exp_PDB,structures/final_581/407.pdb,structures/af2_581/407.pdb
408,7.6,7.64,7.663,7.663,8.203,6.713,6.713,6.641,6.641,7.666,7.665,6.712,6.963,6.64,6.9,6.634,exp_fixed,A-high_confidence_exp,structures/final_581/408.pdb,
409,5.9,6.787,6.93,6.74,7.11,5.991,5.991,6.0,6.0,6.896,6.869,6.001,6.11,6.009,6.103,6.182,esm_pred,P-predicted_no_exp_PDB,structures/final_581/409.pdb,structures/af2_581/409.pdb
410,6.5,7.009,6.941,6.91,6.644,6.232,6.232,6.232,6.232,7.208,6.925,6.441,6.344,6.417,6.319,6.362,esm_pred,P-predicted_no_exp_PDB,structures/final_581/410.pdb,structures/af2_581/410.pdb
411,4.71,4.468,4.464,4.763,4.91,4.747,4.747,4.741,4.741,4.536,4.541,4.74,4.74,4.735,4.737,4.789,exp_fixed,C-limited_exp_caution,structures/final_581/411.pdb,
412,4.80667,4.574,4.648,4.764,4.654,4.676,4.676,4.667,4.667,4.392,4.537,4.676,4.83,4.667,4.836,4.7,exp_fixed,B-trusted_exp_annotated,structures/final_581/412.pdb,
413,5.27,4.901,4.773,5.411,5.026,5.021,5.021,5.015,5.015,4.879,4.826,5.019,5.0,5.014,4.992,5.048,exp_fixed,C-limited_exp_caution,structures/final_581/413.pdb,
414,4.9,4.114,4.093,4.504,4.335,4.44,4.44,4.426,4.426,4.215,4.243,4.44,4.459,4.426,4.447,4.356,exp_fixed,C-limited_exp_caution,structures/final_581/414.pdb,
415,3.5,4.571,5.022,5.021,5.531,4.845,4.845,4.84,4.84,4.712,5.109,4.845,5.169,4.84,5.176,4.856,exp_fixed,B-trusted_exp_annotated,structures/final_581/415.pdb,
416,6.5,5.315,5.255,5.602,5.289,5.388,5.388,5.409,5.409,5.435,5.464,5.406,5.469,5.425,5.487,5.363,esm_pred,P-predicted_no_exp_PDB,structures/final_581/416.pdb,structures/af2_581/416.pdb
417,5.895,5.982,5.646,6.142,6.034,5.591,5.591,5.611,5.611,6.216,5.689,5.599,5.594,5.618,5.602,5.637,exp_filled,B-trusted_exp_annotated,structures/final_581/417.pdb,
418,5.92333,6.677,6.762,6.654,6.762,6.088,6.088,6.054,6.054,6.83,6.828,6.088,6.073,6.054,6.042,6.234,esm_pred,D-exp_structure_rejected,structures/final_581/418.pdb,structures/af2_581/418.pdb
419,6.08,6.071,6.379,6.141,5.991,5.661,5.661,5.677,5.677,6.276,6.401,5.703,6.07,5.717,6.055,5.718,esm_pred,P-predicted_no_exp_PDB,structures/final_581/419.pdb,structures/af2_581/419.pdb
420,5.4,5.915,5.795,6.073,6.088,5.584,5.584,5.597,5.597,6.05,5.941,5.595,5.653,5.608,5.663,5.582,esm_pred,P-predicted_no_exp_PDB,structures/final_581/420.pdb,structures/af2_581/420.pdb
421,6.0,7.194,6.599,7.642,7.202,5.907,5.907,5.902,5.902,7.116,6.428,6.619,5.97,6.539,5.961,5.803,esm_pred,P-predicted_no_exp_PDB,structures/final_581/421.pdb,structures/af2_581/421.pdb
422,6.0,6.369,5.956,6.353,6.309,5.904,5.904,5.905,5.905,6.563,5.982,5.905,6.064,5.905,6.024,5.905,esm_pred,P-predicted_no_exp_PDB,structures/final_581/422.pdb,structures/af2_581/422.pdb
423,4.7,5.338,5.268,5.666,5.471,5.221,5.221,5.246,5.246,5.564,5.365,5.221,5.316,5.246,5.339,5.205,exp_filled,C-limited_exp_caution,structures/final_581/423.pdb,
424,4.5,5.169,5.035,5.512,5.385,5.203,5.203,5.208,5.208,5.258,5.095,5.22,5.171,5.226,5.173,5.202,esm_pred,P-predicted_no_exp_PDB,structures/final_581/424.pdb,structures/af2_581/424.pdb
425,4.8,4.85,4.744,5.035,4.999,4.91,4.91,4.904,4.904,4.677,4.677,4.91,4.91,4.904,4.904,4.799,esm_pred,P-predicted_no_exp_PDB,structures/final_581/425.pdb,structures/af2_581/425.pdb
426,3.6,3.979,3.971,4.269,4.207,4.146,4.146,4.109,4.109,3.971,3.999,4.168,4.172,4.133,4.142,3.874,exp_fixed,C-limited_exp_caution,structures/final_581/426.pdb,
427,8.0,9.02,9.062,9.245,9.471,8.132,8.132,8.135,8.135,8.944,8.947,8.132,8.155,8.135,8.157,8.152,esm_pred,P-predicted_no_exp_PDB,structures/final_581/427.pdb,structures/af2_581/427.pdb
428,6.31,7.813,7.868,7.894,8.216,6.899,6.899,6.887,6.887,7.788,7.803,6.998,7.255,6.994,7.267,6.718,esm_pred,P-predicted_no_exp_PDB,structures/final_581/428.pdb,structures/af2_581/428.pdb
429,4.8,4.494,4.402,4.849,4.811,4.759,4.759,4.745,4.745,4.548,4.523,4.759,4.724,4.745,4.709,4.786,esm_pred,P-predicted_no_exp_PDB,structures/final_581/429.pdb,structures/af2_581/429.pdb
430,5.8,5.042,5.17,5.381,5.51,5.193,5.193,5.214,5.214,5.16,5.276,5.175,5.223,5.19,5.242,5.237,esm_pred,P-predicted_no_exp_PDB,structures/final_581/430.pdb,structures/af2_581/430.pdb
431,4.9,6.222,5.985,6.093,5.834,5.533,5.533,5.559,5.559,6.224,6.267,5.533,5.741,5.559,5.758,5.701,esm_pred,P-predicted_no_exp_PDB,structures/final_581/431.pdb,structures/af2_581/431.pdb
432,4.7,5.002,4.982,5.302,5.345,5.071,5.071,5.083,5.083,4.832,4.914,5.071,5.113,5.083,5.13,5.024,esm_pred,P-predicted_no_exp_PDB,structures/final_581/432.pdb,structures/af2_581/432.pdb
433,5.63,5.422,5.371,5.551,5.546,5.377,5.377,5.381,5.381,5.22,5.211,5.379,5.377,5.382,5.381,5.333,esm_pred,P-predicted_no_exp_PDB,structures/final_581/433.pdb,structures/af2_581/433.pdb
434,5.474,5.548,5.478,5.705,5.616,5.516,5.516,5.519,5.519,5.353,5.345,5.566,5.56,5.567,5.561,5.396,esm_pred,P-predicted_no_exp_PDB,structures/final_581/434.pdb,structures/af2_581/434.pdb
435,5.64,5.67,5.461,5.953,5.741,5.495,5.495,5.513,5.513,5.887,5.529,5.55,5.444,5.568,5.463,5.494,exp_filled,B-trusted_exp_annotated,structures/final_581/435.pdb,
436,4.89,4.721,4.79,5.105,5.253,4.961,4.961,4.949,4.949,4.748,4.862,4.956,5.053,4.945,5.045,5.022,esm_pred,P-predicted_no_exp_PDB,structures/final_581/436.pdb,structures/af2_581/436.pdb
437,5.518,5.61,5.375,5.641,5.357,5.283,5.283,5.306,5.306,5.69,5.438,5.291,5.285,5.313,5.303,5.349,exp_filled,C-limited_exp_caution,structures/final_581/437.pdb,
438,5.0,4.328,4.324,4.687,4.731,4.591,4.591,4.573,4.573,4.356,4.391,4.576,4.592,4.558,4.577,4.662,esm_pred,P-predicted_no_exp_PDB,structures/final_581/438.pdb,structures/af2_581/438.pdb
439,5.24,5.044,5.098,5.326,5.504,5.189,5.189,5.197,5.197,5.033,5.049,5.203,5.202,5.209,5.211,5.147,exp_fixed,C-limited_exp_caution,structures/final_581/439.pdb,
440,4.68,4.156,4.256,4.591,4.61,4.566,4.566,4.545,4.545,4.325,4.307,4.566,4.547,4.545,4.528,4.614,esm_pred,P-predicted_no_exp_PDB,structures/final_581/440.pdb,structures/af2_581/440.pdb
441,7.35,9.193,9.164,9.374,9.527,8.299,8.299,8.298,8.298,9.119,9.109,8.299,8.314,8.298,8.313,8.378,exp_fixed,A-high_confidence_exp,structures/final_581/441.pdb,
442,8.3,8.75,8.742,9.021,8.968,7.907,7.907,7.912,7.912,8.705,8.703,7.922,7.958,7.926,7.962,7.714,exp_filled,B-trusted_exp_annotated,structures/final_581/442.pdb,
443,5.1,6.374,5.863,6.366,5.925,5.797,5.797,5.815,5.815,6.562,5.926,5.873,5.703,5.885,5.716,5.878,exp_fixed,C-limited_exp_caution,structures/final_581/443.pdb,
444,5.0525,4.767,4.667,5.112,5.098,4.984,4.984,4.992,4.992,4.825,4.779,5.002,4.978,5.011,4.984,4.975,exp_filled,B-trusted_exp_annotated,structures/final_581/444.pdb,
445,5.75,6.735,6.72,6.503,6.713,5.814,5.814,5.84,5.84,6.704,6.727,5.838,6.223,5.862,6.217,5.855,esm_pred,P-predicted_no_exp_PDB,structures/final_581/445.pdb,structures/af2_581/445.pdb
446,5.02333,4.666,4.85,5.071,5.459,4.984,4.984,4.992,4.992,4.83,4.894,5.006,5.021,5.013,5.033,4.937,exp_fixed,A-high_confidence_exp,structures/final_581/446.pdb,
447,5.98667,5.648,6.518,6.15,6.563,5.598,5.598,5.609,5.609,6.024,6.449,5.571,6.143,5.581,6.142,5.58,esm_pred,P-predicted_no_exp_PDB,structures/final_581/447.pdb,structures/af2_581/447.pdb
448,5.3,4.891,5.305,5.237,5.317,4.983,4.983,4.995,4.995,5.002,5.383,4.983,5.266,4.995,5.29,4.866,exp_fixed,A-high_confidence_exp,structures/final_581/448.pdb,
449,8.75,8.208,8.257,8.606,9.054,7.354,7.354,7.368,7.368,8.196,8.228,7.357,7.479,7.37,7.499,6.885,exp_fixed,A-high_confidence_exp,structures/final_581/449.pdb,
450,6.1,7.365,7.344,7.343,7.178,6.431,6.431,6.406,6.406,7.36,7.274,6.432,6.683,6.406,6.644,6.431,esm_pred,P-predicted_no_exp_PDB,structures/final_581/450.pdb,structures/af2_581/450.pdb
451,5.18,4.92,4.872,5.47,5.392,5.155,5.155,5.165,5.165,5.096,4.997,5.144,5.113,5.154,5.123,5.16,esm_pred,P-predicted_no_exp_PDB,structures/final_581/451.pdb,structures/af2_581/451.pdb
452,3.5,5.919,6.172,5.894,5.921,5.41,5.41,5.435,5.435,6.134,6.173,5.441,5.737,5.465,5.753,5.466,esm_pred,P-predicted_no_exp_PDB,structures/final_581/452.pdb,structures/af2_581/452.pdb
453,8.1,5.027,5.186,5.594,5.659,5.176,5.176,5.182,5.182,5.142,5.284,5.178,5.266,5.185,5.277,5.116,esm_pred,P-predicted_no_exp_PDB,structures/final_581/453.pdb,structures/af2_581/453.pdb
454,6.2,6.272,5.584,6.393,6.108,5.843,5.843,5.864,5.864,6.62,5.666,5.83,5.605,5.849,5.615,5.89,exp_filled,B-trusted_exp_annotated,structures/final_581/454.pdb,
455,5.12,5.548,5.238,5.718,5.508,5.325,5.325,5.338,5.338,5.558,5.353,5.326,5.361,5.34,5.371,5.347,exp_fixed,C-limited_exp_caution,structures/final_581/455.pdb,
456,4.89,4.652,4.468,5.175,5.111,4.933,4.933,4.928,4.928,4.721,4.697,4.946,4.9,4.943,4.898,4.867,esm_pred,P-predicted_no_exp_PDB,structures/final_581/456.pdb,structures/af2_581/456.pdb
457,3.5,4.57,4.512,4.88,4.613,4.682,4.682,4.672,4.672,4.62,4.571,4.682,4.682,4.672,4.673,4.581,esm_pred,P-predicted_no_exp_PDB,structures/final_581/457.pdb,structures/af2_581/457.pdb
458,6.3,7.177,7.286,7.19,7.156,6.346,6.346,6.343,6.343,7.228,7.242,6.348,6.682,6.344,6.661,6.35,exp_filled,B-trusted_exp_annotated,structures/final_581/458.pdb,
459,6.3,7.062,6.95,7.02,7.092,6.163,6.163,6.171,6.171,7.082,6.927,6.24,6.39,6.244,6.378,6.225,exp_filled,B-trusted_exp_annotated,structures/final_581/459.pdb,
460,5.6,6.868,7.041,6.627,6.964,6.057,6.057,6.072,6.072,7.099,7.044,6.306,6.558,6.295,6.523,6.186,exp_filled,C-limited_exp_caution,structures/final_581/460.pdb,
461,5.17,5.213,5.203,5.459,5.584,5.385,5.385,5.391,5.391,5.096,5.085,5.385,5.372,5.391,5.379,5.321,exp_fixed,B-trusted_exp_annotated,structures/final_581/461.pdb,
462,5.78,5.777,5.285,5.946,5.738,5.528,5.528,5.554,5.554,6.071,5.377,5.509,5.351,5.533,5.368,5.643,exp_fixed,A-high_confidence_exp,structures/final_581/462.pdb,
463,7.55,8.221,8.242,8.692,8.814,7.361,7.361,7.351,7.351,8.202,8.212,7.361,7.458,7.351,7.46,6.993,esm_pred,P-predicted_no_exp_PDB,structures/final_581/463.pdb,structures/af2_581/463.pdb
464,5.0225,4.821,5.217,5.277,5.712,5.106,5.106,5.11,5.11,4.914,5.347,5.094,5.34,5.099,5.362,4.955,exp_fixed,A-high_confidence_exp,structures/final_581/464.pdb,
465,4.65,6.12,6.324,5.909,6.337,5.371,5.371,5.402,5.402,6.012,6.411,5.361,5.711,5.393,5.738,5.47,esm_pred,P-predicted_no_exp_PDB,structures/final_581/465.pdb,structures/af2_581/465.pdb
466,6.05,6.46,6.157,6.202,6.283,5.693,5.693,5.726,5.726,6.516,6.546,5.789,5.692,5.811,5.725,5.939,exp_filled,C-limited_exp_caution,structures/final_581/466.pdb,
467,5.33,5.404,5.805,5.602,5.621,5.243,5.243,5.27,5.27,5.579,5.854,5.243,5.538,5.27,5.563,5.222,esm_pred,P-predicted_no_exp_PDB,structures/final_581/467.pdb,structures/af2_581/467.pdb
468,5.92,6.329,5.852,6.349,6.606,5.688,5.688,5.712,5.712,6.411,5.897,5.719,5.591,5.741,5.616,5.859,esm_pred,P-predicted_no_exp_PDB,structures/final_581/468.pdb,structures/af2_581/468.pdb
469,4.85,5.806,5.808,5.991,5.702,5.572,5.572,5.589,5.589,6.059,5.97,5.602,5.758,5.618,5.764,5.589,esm_pred,P-predicted_no_exp_PDB,structures/final_581/469.pdb,structures/af2_581/469.pdb
470,7.05,8.545,8.06,8.484,8.028,7.513,7.513,7.33,7.33,8.503,8.046,7.513,7.45,7.33,7.324,7.438,exp_fixed,A-high_confidence_exp,structures/final_581/470.pdb,
471,8.3,9.112,9.065,9.322,9.299,8.245,8.245,8.257,8.257,9.052,9.048,8.245,8.253,8.257,8.265,8.313,exp_fixed,C-limited_exp_caution,structures/final_581/471.pdb,
472,4.68,4.678,4.528,4.957,4.698,4.82,4.82,4.816,4.816,4.612,4.578,4.815,4.785,4.811,4.78,4.791,exp_filled,C-limited_exp_caution,structures/final_581/472.pdb,
473,4.45,7.451,7.45,7.463,7.796,6.39,6.39,6.386,6.386,7.435,7.473,6.65,6.942,6.644,6.95,6.296,esm_pred,P-predicted_no_exp_PDB,structures/final_581/473.pdb,structures/af2_581/473.pdb
474,5.4,6.745,6.755,6.631,6.413,5.83,5.83,5.858,5.858,6.786,6.649,5.825,6.132,5.853,6.124,5.979,esm_pred,P-predicted_no_exp_PDB,structures/final_581/474.pdb,structures/af2_581/474.pdb
475,5.11333,4.795,4.895,5.159,5.261,5.041,5.041,5.038,5.038,4.85,4.913,5.041,5.09,5.038,5.088,5.069,exp_fixed,A-high_confidence_exp,structures/final_581/475.pdb,
476,3.9,3.882,4.09,4.306,4.531,4.218,4.218,4.194,4.194,3.979,4.098,4.205,4.306,4.181,4.29,3.956,esm_pred,P-predicted_no_exp_PDB,structures/final_581/476.pdb,structures/af2_581/476.pdb
477,4.2,4.615,4.524,5.146,4.976,4.811,4.811,4.805,4.805,4.691,4.586,4.879,4.797,4.878,4.79,4.792,esm_pred,P-predicted_no_exp_PDB,structures/final_581/477.pdb,structures/af2_581/477.pdb
478,5.3,6.851,6.688,7.029,7.023,6.085,6.085,6.086,6.086,6.92,6.91,6.153,6.295,6.147,6.271,6.175,exp_fixed,B-trusted_exp_annotated,structures/final_581/478.pdb,
479,6.19,5.198,5.076,5.278,5.27,5.099,5.099,5.102,5.102,4.958,4.957,5.112,5.099,5.115,5.102,5.006,esm_pred,D-exp_structure_rejected,structures/final_581/479.pdb,structures/af2_581/479.pdb
480,3.09,3.701,3.757,4.064,4.307,3.98,3.98,3.943,3.943,3.737,3.825,3.933,4.014,3.898,3.991,3.897,esm_pred,P-predicted_no_exp_PDB,structures/final_581/480.pdb,structures/af2_581/480.pdb
481,6.5,6.348,6.663,6.6,6.63,5.961,5.961,5.961,5.961,6.707,6.706,5.96,5.948,5.96,5.95,5.927,esm_pred,P-predicted_no_exp_PDB,structures/final_581/481.pdb,structures/af2_581/481.pdb
482,5.1,4.845,4.91,5.395,5.455,5.266,5.266,5.276,5.276,5.058,5.037,5.266,5.234,5.276,5.246,5.153,esm_pred,P-predicted_no_exp_PDB,structures/final_581/482.pdb,structures/af2_581/482.pdb
483,6.92,7.734,7.678,8.045,8.115,6.885,6.885,6.812,6.812,7.689,7.663,6.887,6.956,6.814,6.9,6.604,esm_pred,P-predicted_no_exp_PDB,structures/final_581/483.pdb,structures/af2_581/483.pdb
484,5.6,5.627,5.682,5.763,5.442,5.353,5.353,5.381,5.381,5.661,5.707,5.353,5.4,5.381,5.43,5.37,exp_fixed,B-trusted_exp_annotated,structures/final_581/484.pdb,
485,8.58,7.933,7.943,8.465,9.3,7.154,7.154,7.176,7.176,7.926,7.937,7.154,7.22,7.176,7.247,8.143,esm_pred,P-predicted_no_exp_PDB,structures/final_581/485.pdb,structures/af2_581/485.pdb
486,5.06333,4.862,5.059,5.176,5.439,5.105,5.105,5.105,5.105,4.878,5.105,5.105,5.294,5.105,5.303,5.048,exp_filled,A-high_confidence_exp,structures/final_581/486.pdb,
487,5.2,5.024,5.148,5.448,5.45,5.18,5.18,5.189,5.189,5.091,5.166,5.18,5.259,5.189,5.269,5.141,exp_fixed,A-high_confidence_exp,structures/final_581/487.pdb,
488,5.38,5.464,5.515,5.591,5.604,5.43,5.43,5.47,5.47,5.607,5.697,5.499,5.43,5.534,5.47,5.419,esm_pred,P-predicted_no_exp_PDB,structures/final_581/488.pdb,structures/af2_581/488.pdb
489,5.78333,5.889,6.328,5.84,5.982,5.364,5.364,5.398,5.398,6.103,6.195,5.362,5.525,5.396,5.559,5.513,exp_fixed,A-high_confidence_exp,structures/final_581/489.pdb,
490,4.6375,4.199,4.194,4.618,4.552,4.532,4.532,4.518,4.518,4.314,4.3,4.535,4.515,4.52,4.499,4.643,esm_pred,P-predicted_no_exp_PDB,structures/final_581/490.pdb,structures/af2_581/490.pdb
491,5.3,5.076,5.205,5.513,5.91,5.253,5.253,5.261,5.261,5.237,5.366,5.25,5.36,5.258,5.371,5.207,exp_fixed,A-high_confidence_exp,structures/final_581/491.pdb,
492,5.76,6.222,5.664,6.189,5.957,5.543,5.543,5.562,5.562,6.186,5.619,5.633,5.476,5.652,5.491,5.706,esm_pred,P-predicted_no_exp_PDB,structures/final_581/492.pdb,structures/af2_581/492.pdb
493,5.22,4.99,4.885,5.351,5.285,5.136,5.136,5.141,5.141,5.039,5.011,5.135,5.117,5.14,5.121,5.112,esm_pred,P-predicted_no_exp_PDB,structures/final_581/493.pdb,structures/af2_581/493.pdb
494,7.0,4.81,4.873,5.243,5.159,5.033,5.033,5.03,5.03,4.883,4.887,5.038,5.045,5.035,5.042,4.962,esm_pred,P-predicted_no_exp_PDB,structures/final_581/494.pdb,structures/af2_581/494.pdb
495,4.83,4.507,4.606,4.916,4.791,4.805,4.805,4.797,4.797,4.601,4.646,4.801,4.843,4.793,4.837,4.77,exp_fixed,B-trusted_exp_annotated,structures/final_581/495.pdb,
496,7.0,5.43,5.475,5.786,6.052,5.338,5.338,5.35,5.35,5.588,5.603,5.337,5.503,5.349,5.513,5.348,esm_pred,P-predicted_no_exp_PDB,structures/final_581/496.pdb,structures/af2_581/496.pdb
497,5.31,5.161,4.922,5.443,6.139,5.168,5.168,5.176,5.176,5.161,5.062,5.168,5.134,5.176,5.142,5.123,esm_pred,P-predicted_no_exp_PDB,structures/final_581/497.pdb,structures/af2_581/497.pdb
498,5.17,4.915,4.882,5.327,5.316,5.115,5.115,5.121,5.121,5.079,4.99,5.115,5.087,5.121,5.092,5.104,esm_pred,P-predicted_no_exp_PDB,structures/final_581/498.pdb,structures/af2_581/498.pdb
499,6.0,5.82,5.889,6.062,6.037,5.638,5.638,5.654,5.654,5.888,5.888,5.638,5.638,5.654,5.654,5.586,exp_fixed,C-limited_exp_caution,structures/final_581/499.pdb,
500,4.2,5.665,6.109,5.893,6.313,5.395,5.395,5.42,5.42,5.902,6.106,5.422,5.885,5.444,5.886,5.348,esm_pred,P-predicted_no_exp_PDB,structures/final_581/500.pdb,structures/af2_581/500.pdb
501,5.24,5.115,4.815,5.378,5.702,5.303,5.303,5.315,5.315,5.122,4.948,5.351,5.159,5.362,5.17,5.258,esm_pred,P-predicted_no_exp_PDB,structures/final_581/501.pdb,structures/af2_581/501.pdb
502,5.0,5.84,5.47,5.81,5.702,5.399,5.399,5.42,5.42,5.858,5.517,5.399,5.331,5.42,5.35,5.381,esm_pred,P-predicted_no_exp_PDB,structures/final_581/502.pdb,structures/af2_581/502.pdb
503,8.4,6.985,6.534,7.241,7.361,6.309,6.309,6.266,6.266,7.241,6.826,6.322,6.375,6.274,6.302,6.397,exp_fixed,A-high_confidence_exp,structures/final_581/503.pdb,
504,5.1,6.119,6.297,6.166,6.473,5.658,5.658,5.676,5.676,6.217,6.328,5.689,5.934,5.705,5.936,5.637,exp_fixed,A-high_confidence_exp,structures/final_581/504.pdb,
505,5.89,5.957,6.06,5.9,5.953,5.539,5.539,5.575,5.575,6.213,6.065,5.528,5.752,5.561,5.766,5.776,exp_fixed,A-high_confidence_exp,structures/final_581/505.pdb,
506,5.3,6.556,6.496,6.67,6.565,5.922,5.922,5.942,5.942,6.826,6.788,5.922,5.955,5.942,5.971,6.008,esm_pred,D-exp_structure_rejected,structures/final_581/506.pdb,structures/af2_581/506.pdb
507,7.3,8.786,8.793,9.109,9.155,8.084,8.084,8.111,8.111,8.768,8.769,8.084,8.097,8.111,8.125,8.051,exp_fixed,B-trusted_exp_annotated,structures/final_581/507.pdb,
508,5.285,5.451,5.132,5.636,5.559,5.328,5.328,5.343,5.343,5.256,5.27,5.332,5.297,5.347,5.315,5.231,exp_fixed,C-limited_exp_caution,structures/final_581/508.pdb,
509,4.85,5.197,5.035,5.536,5.74,5.243,5.243,5.257,5.257,5.26,5.205,5.26,5.229,5.273,5.243,5.25,exp_filled,C-limited_exp_caution,structures/final_581/509.pdb,
510,5.56,5.574,5.313,5.898,5.503,5.354,5.354,5.367,5.367,5.693,5.5,5.348,5.466,5.362,5.473,5.381,exp_fixed,B-trusted_exp_annotated,structures/final_581/510.pdb,
511,5.1,6.675,6.668,6.519,6.965,5.776,5.776,5.802,5.802,6.687,6.706,5.815,6.416,5.838,6.382,5.986,esm_pred,P-predicted_no_exp_PDB,structures/final_581/511.pdb,structures/af2_581/511.pdb
512,4.96667,5.02,4.975,5.151,5.167,5.022,5.022,5.02,5.02,4.847,4.87,5.024,5.054,5.022,5.053,5.018,esm_pred,P-predicted_no_exp_PDB,structures/final_581/512.pdb,structures/af2_581/512.pdb
513,4.5,4.357,4.295,4.77,4.818,4.634,4.634,4.617,4.617,4.426,4.417,4.627,4.611,4.609,4.596,4.655,esm_pred,P-predicted_no_exp_PDB,structures/final_581/513.pdb,structures/af2_581/513.pdb
514,5.54,5.298,5.649,5.47,5.557,5.135,5.135,5.156,5.156,5.352,5.886,5.181,5.451,5.203,5.479,5.14,exp_fixed,B-trusted_exp_annotated,structures/final_581/514.pdb,
515,4.55,5.046,5.056,5.403,5.379,5.115,5.115,5.125,5.125,5.133,5.132,5.107,5.159,5.117,5.168,5.111,exp_fixed,A-high_confidence_exp,structures/final_581/515.pdb,
516,4.7,4.873,4.842,5.123,5.013,5.08,5.08,5.089,5.089,4.814,4.856,5.08,5.123,5.089,5.134,5.025,esm_pred,P-predicted_no_exp_PDB,structures/final_581/516.pdb,structures/af2_581/516.pdb
517,4.84,4.654,4.387,4.936,4.852,4.876,4.876,4.879,4.879,4.699,4.637,4.929,4.864,4.933,4.867,4.909,esm_pred,P-predicted_no_exp_PDB,structures/final_581/517.pdb,structures/af2_581/517.pdb
518,5.0,5.846,5.279,6.002,5.431,5.376,5.376,5.402,5.402,6.082,5.306,5.376,5.31,5.402,5.323,5.487,esm_pred,P-predicted_no_exp_PDB,structures/final_581/518.pdb,structures/af2_581/518.pdb
519,7.0,6.996,7.114,6.804,7.001,6.123,6.123,6.125,6.125,6.963,7.054,6.309,6.684,6.284,6.633,6.21,exp_fixed,A-high_confidence_exp,structures/final_581/519.pdb,
520,3.6,4.034,4.096,4.453,4.401,4.379,4.379,4.349,4.349,4.174,4.226,4.355,4.374,4.325,4.349,4.446,esm_pred,P-predicted_no_exp_PDB,structures/final_581/520.pdb,structures/af2_581/520.pdb
521,4.85,4.738,4.518,5.057,4.713,4.889,4.889,4.893,4.893,4.794,4.607,4.889,4.786,4.893,4.783,4.873,esm_pred,P-predicted_no_exp_PDB,structures/final_581/521.pdb,structures/af2_581/521.pdb
522,5.41,5.055,5.514,5.542,5.918,5.242,5.242,5.256,5.256,5.263,5.568,5.242,5.619,5.256,5.63,5.234,exp_fixed,A-high_confidence_exp,structures/final_581/522.pdb,
523,7.9,9.128,9.046,9.395,9.608,8.549,8.549,8.509,8.509,9.1,9.047,8.549,8.617,8.509,8.569,8.544,esm_pred,P-predicted_no_exp_PDB,structures/final_581/523.pdb,structures/af2_581/523.pdb
524,5.6,4.956,5.005,5.3,5.583,5.058,5.058,5.058,5.058,4.939,4.991,5.06,5.076,5.06,5.079,5.049,esm_pred,P-predicted_no_exp_PDB,structures/final_581/524.pdb,structures/af2_581/524.pdb
525,7.0,6.704,6.124,6.532,6.076,5.844,5.844,5.871,5.871,6.82,6.454,5.843,5.958,5.87,5.953,6.078,esm_pred,P-predicted_no_exp_PDB,structures/final_581/525.pdb,structures/af2_581/525.pdb
526,5.33,5.177,5.358,5.442,5.558,5.217,5.217,5.24,5.24,5.321,5.574,5.263,5.453,5.285,5.48,5.191,esm_pred,P-predicted_no_exp_PDB,structures/final_581/526.pdb,structures/af2_581/526.pdb
527,4.545,4.303,4.18,4.671,4.543,4.554,4.554,4.535,4.535,4.319,4.288,4.555,4.514,4.536,4.496,4.712,esm_pred,P-predicted_no_exp_PDB,structures/final_581/527.pdb,structures/af2_581/527.pdb
528,6.5,6.735,6.842,6.298,6.263,5.945,5.945,5.929,5.929,6.566,6.567,5.945,5.947,5.929,5.931,5.956,esm_pred,P-predicted_no_exp_PDB,structures/final_581/528.pdb,structures/af2_581/528.pdb
529,7.1,7.777,7.843,7.992,8.244,6.89,6.89,6.824,6.824,7.765,7.798,6.898,7.136,6.834,7.115,6.663,esm_pred,P-predicted_no_exp_PDB,structures/final_581/529.pdb,structures/af2_581/529.pdb
530,8.32,8.494,8.49,8.861,8.985,7.632,7.632,7.649,7.649,8.446,8.438,7.632,7.675,7.649,7.692,7.298,exp_fixed,C-limited_exp_caution,structures/final_581/530.pdb,
531,7.99333,8.348,8.348,8.731,9.018,7.535,7.535,7.553,7.553,8.332,8.321,7.578,7.588,7.598,7.608,7.16,exp_fixed,A-high_confidence_exp,structures/final_581/531.pdb,
532,6.88,7.239,7.374,7.049,7.81,6.345,6.345,6.314,6.314,7.326,7.349,6.527,6.559,6.47,6.48,6.394,esm_pred,P-predicted_no_exp_PDB,structures/final_581/532.pdb,structures/af2_581/532.pdb
533,5.06,5.367,5.442,5.72,5.858,5.401,5.401,5.412,5.412,5.465,5.498,5.394,5.524,5.406,5.532,5.401,exp_fixed,B-trusted_exp_annotated,structures/final_581/533.pdb,
534,8.04857,8.431,8.342,8.412,8.652,7.334,7.334,7.245,7.245,8.349,8.287,7.603,7.335,7.577,7.246,7.183,exp_fixed,A-high_confidence_exp,structures/final_581/534.pdb,
535,9.4,7.802,7.874,7.964,8.814,6.907,6.907,6.839,6.839,7.754,7.868,6.907,7.322,6.839,7.323,6.716,esm_pred,P-predicted_no_exp_PDB,structures/final_581/535.pdb,structures/af2_581/535.pdb
536,9.05154,8.863,8.922,9.101,9.298,7.939,7.939,7.938,7.938,8.814,8.816,7.939,7.964,7.937,7.963,8.045,exp_fixed,A-high_confidence_exp,structures/final_581/536.pdb,
537,5.2,6.698,6.618,6.579,6.87,5.936,5.936,5.939,5.939,6.717,6.804,5.991,6.087,5.988,6.067,5.768,exp_filled,B-trusted_exp_annotated,structures/final_581/537.pdb,
538,6.75,6.707,6.526,6.826,6.892,6.033,6.033,6.043,6.043,6.849,6.657,6.034,6.258,6.044,6.249,6.027,esm_pred,P-predicted_no_exp_PDB,structures/final_581/538.pdb,structures/af2_581/538.pdb
539,4.8,7.384,7.549,7.247,8.001,6.407,6.407,6.376,6.376,7.365,7.577,6.407,6.949,6.376,6.905,6.381,esm_pred,P-predicted_no_exp_PDB,structures/final_581/539.pdb,structures/af2_581/539.pdb
540,3.13,4.049,3.971,4.469,4.637,4.558,4.558,4.545,4.545,4.223,4.13,4.558,4.419,4.545,4.404,4.482,exp_fixed,C-limited_exp_caution,structures/final_581/540.pdb,
541,5.12667,4.978,4.87,5.226,5.128,5.063,5.063,5.066,5.066,4.96,4.902,5.055,5.067,5.058,5.067,5.063,esm_pred,P-predicted_no_exp_PDB,structures/final_581/541.pdb,structures/af2_581/541.pdb
542,5.7,6.841,6.461,6.483,6.632,6.016,6.016,5.989,5.989,6.578,6.443,6.016,6.16,5.989,6.107,5.931,esm_pred,P-predicted_no_exp_PDB,structures/final_581/542.pdb,structures/af2_581/542.pdb
543,5.12,4.946,5.073,5.411,5.446,5.205,5.205,5.205,5.205,4.977,5.122,5.2,5.318,5.201,5.321,5.126,esm_pred,P-predicted_no_exp_PDB,structures/final_581/543.pdb,structures/af2_581/543.pdb
544,9.65,9.73,9.673,10.004,10.217,9.088,9.088,8.95,8.95,9.698,9.678,9.088,9.123,8.95,8.973,8.99,exp_fixed,C-limited_exp_caution,structures/final_581/544.pdb,
545,5.4,6.576,6.232,6.309,6.283,5.675,5.675,5.704,5.704,6.543,6.224,5.675,5.642,5.704,5.666,5.754,esm_pred,P-predicted_no_exp_PDB,structures/final_581/545.pdb,structures/af2_581/545.pdb
546,6.7,7.365,7.295,7.332,7.517,6.424,6.424,6.404,6.404,7.365,7.205,6.423,6.455,6.404,6.424,6.442,esm_pred,P-predicted_no_exp_PDB,structures/final_581/546.pdb,structures/af2_581/546.pdb
547,5.475,5.586,5.916,6.182,6.673,5.465,5.465,5.476,5.476,5.78,6.026,5.504,5.72,5.514,5.73,5.415,esm_pred,P-predicted_no_exp_PDB,structures/final_581/547.pdb,structures/af2_581/547.pdb
548,5.544,5.684,5.463,5.849,5.911,5.42,5.42,5.435,5.435,5.737,5.567,5.418,5.391,5.434,5.405,5.49,esm_pred,P-predicted_no_exp_PDB,structures/final_581/548.pdb,structures/af2_581/548.pdb
549,4.1,4.569,4.382,5.011,4.92,4.812,4.812,4.817,4.817,4.714,4.747,4.812,4.89,4.817,4.896,4.768,esm_pred,P-predicted_no_exp_PDB,structures/final_581/549.pdb,structures/af2_581/549.pdb
550,4.55,6.833,6.663,6.911,6.665,6.188,6.188,6.172,6.172,7.009,6.933,6.187,6.178,6.171,6.161,5.968,esm_pred,P-predicted_no_exp_PDB,structures/final_581/550.pdb,structures/af2_581/550.pdb
551,4.9,5.783,5.998,6.049,6.082,5.524,5.524,5.545,5.545,6.182,6.232,5.52,5.574,5.541,5.595,5.383,exp_fixed,C-limited_exp_caution,structures/final_581/551.pdb,
552,5.1,5.768,5.428,6.03,5.685,5.773,5.773,5.786,5.786,5.954,5.297,5.762,5.629,5.776,5.655,5.496,esm_pred,P-predicted_no_exp_PDB,structures/final_581/552.pdb,structures/af2_581/552.pdb
553,5.29,5.493,6.174,5.752,5.869,5.324,5.324,5.35,5.35,5.813,6.236,5.324,5.903,5.35,5.909,5.244,esm_pred,P-predicted_no_exp_PDB,structures/final_581/553.pdb,structures/af2_581/553.pdb
554,4.9,5.895,5.83,5.807,5.964,5.422,5.422,5.445,5.445,5.884,5.929,5.42,5.615,5.444,5.634,5.426,exp_filled,B-trusted_exp_annotated,structures/final_581/554.pdb,
555,5.08,5.247,5.179,5.621,5.879,5.288,5.288,5.294,5.294,5.39,5.281,5.291,5.327,5.298,5.329,5.252,esm_pred,P-predicted_no_exp_PDB,structures/final_581/555.pdb,structures/af2_581/555.pdb
556,5.88,5.196,4.714,5.27,4.92,5.013,5.013,5.021,5.021,5.247,4.761,5.25,4.955,5.271,4.96,4.97,esm_pred,P-predicted_no_exp_PDB,structures/final_581/556.pdb,structures/af2_581/556.pdb
557,4.7,4.915,4.911,5.366,5.398,5.241,5.241,5.255,5.255,5.039,4.935,5.231,5.16,5.242,5.171,5.184,esm_pred,P-predicted_no_exp_PDB,structures/final_581/557.pdb,structures/af2_581/557.pdb
558,4.88,8.035,7.945,8.4,7.497,7.238,7.238,7.232,7.232,8.053,7.914,7.24,7.315,7.234,7.314,6.885,esm_pred,P-predicted_no_exp_PDB,structures/final_581/558.pdb,structures/af2_581/558.pdb
559,3.7,4.079,4.233,4.461,4.625,4.339,4.339,4.309,4.309,4.177,4.326,4.375,4.53,4.349,4.513,4.114,esm_pred,P-predicted_no_exp_PDB,structures/final_581/559.pdb,structures/af2_581/559.pdb
560,7.28,7.935,7.537,7.922,7.743,6.993,6.993,6.915,6.915,7.866,7.411,6.993,6.888,6.915,6.832,6.72,exp_fixed,B-trusted_exp_annotated,structures/final_581/560.pdb,
561,6.9,7.964,8.058,8.258,8.208,7.058,7.058,6.981,6.981,7.965,7.954,7.058,7.232,6.981,7.196,6.776,esm_pred,P-predicted_no_exp_PDB,structures/final_581/561.pdb,structures/af2_581/561.pdb
562,6.8,4.783,5.261,5.003,5.29,5.033,5.033,5.047,5.047,4.761,5.147,5.033,5.425,5.047,5.456,4.943,esm_pred,P-predicted_no_exp_PDB,structures/final_581/562.pdb,structures/af2_581/562.pdb
563,9.33,7.353,7.373,6.978,7.394,6.324,6.324,6.243,6.243,7.344,7.247,6.659,6.33,6.56,6.249,6.39,esm_pred,P-predicted_no_exp_PDB,structures/final_581/563.pdb,structures/af2_581/563.pdb
564,4.4,5.464,5.412,5.519,5.484,5.398,5.398,5.506,5.506,5.46,5.46,5.398,5.398,5.506,5.506,5.348,esm_pred,P-predicted_no_exp_PDB,structures/final_581/564.pdb,structures/af2_581/564.pdb
565,4.3,4.606,4.617,4.775,4.793,4.757,4.757,4.746,4.746,4.49,4.738,4.743,4.932,4.731,4.932,4.801,esm_pred,P-predicted_no_exp_PDB,structures/final_581/565.pdb,structures/af2_581/565.pdb
566,4.5,6.903,7.19,7.044,7.167,6.282,6.282,6.124,6.124,7.234,7.234,6.282,6.282,6.124,6.124,6.733,esm_pred,P-predicted_no_exp_PDB,structures/final_581/566.pdb,structures/af2_581/566.pdb
567,5.1,6.011,6.002,6.186,6.152,5.624,5.624,5.647,5.647,6.288,6.122,5.624,5.771,5.647,5.781,5.668,esm_pred,P-predicted_no_exp_PDB,structures/final_581/567.pdb,structures/af2_581/567.pdb
568,8.2,7.488,7.766,7.272,7.574,6.528,6.528,6.389,6.389,7.455,7.536,6.528,6.809,6.389,6.679,6.495,esm_pred,P-predicted_no_exp_PDB,structures/final_581/568.pdb,structures/af2_581/568.pdb
569,6.0,4.456,4.429,4.662,4.894,5.201,5.201,5.308,5.308,4.619,4.619,5.201,5.201,5.308,5.308,5.321,esm_pred,P-predicted_no_exp_PDB,structures/final_581/569.pdb,structures/af2_581/569.pdb
570,6.8,7.398,7.349,7.462,7.552,6.492,6.492,6.406,6.406,7.42,7.449,6.492,6.74,6.406,6.66,6.404,esm_pred,P-predicted_no_exp_PDB,structures/final_581/570.pdb,structures/af2_581/570.pdb
571,7.9,7.028,7.227,6.97,7.093,6.224,6.224,6.189,6.189,7.021,6.923,6.217,6.162,6.183,6.13,6.181,esm_pred,P-predicted_no_exp_PDB,structures/final_581/571.pdb,structures/af2_581/571.pdb
572,3.9,4.596,4.704,4.981,4.57,4.717,4.717,4.708,4.708,4.676,4.734,4.713,4.833,4.704,4.83,4.638,esm_pred,P-predicted_no_exp_PDB,structures/final_581/572.pdb,structures/af2_581/572.pdb
573,6.7,8.44,7.254,8.4,6.739,5.992,5.992,5.975,5.975,6.815,7.147,5.992,6.728,5.975,6.593,6.115,esm_pred,P-predicted_no_exp_PDB,structures/final_581/573.pdb,structures/af2_581/573.pdb
574,4.64,4.696,4.628,5.071,4.618,4.959,4.959,4.963,4.963,4.741,4.647,5.028,4.943,5.038,4.951,4.875,exp_fixed,A-high_confidence_exp,structures/final_581/574.pdb,
575,8.1,9.39,9.461,9.596,9.706,8.548,8.548,8.552,8.552,9.368,9.377,8.548,8.569,8.552,8.572,8.711,esm_pred,D-exp_structure_rejected,structures/final_581/575.pdb,structures/af2_581/575.pdb
576,10.0,7.343,7.442,7.295,8.074,6.463,6.463,6.426,6.426,7.414,7.282,6.463,6.802,6.426,6.742,6.433,esm_pred,P-predicted_no_exp_PDB,structures/final_581/576.pdb,structures/af2_581/576.pdb
577,6.0,4.206,4.165,4.495,4.426,4.514,4.514,4.502,4.502,4.189,4.248,4.514,4.557,4.502,4.551,4.514,esm_pred,P-predicted_no_exp_PDB,structures/final_581/577.pdb,structures/af2_581/577.pdb
578,5.8,5.265,5.328,5.565,5.472,5.248,5.248,5.284,5.284,5.551,5.363,5.231,5.26,5.268,5.293,5.081,exp_fixed,A-high_confidence_exp,structures/final_581/578.pdb,
579,5.0,7.344,7.309,6.935,7.087,6.302,6.302,6.258,6.258,7.226,7.331,6.297,6.816,6.254,6.731,6.421,esm_pred,P-predicted_no_exp_PDB,structures/final_581/579.pdb,structures/af2_581/579.pdb
580,6.6,6.645,6.668,6.934,6.843,6.101,6.101,6.079,6.079,7.058,6.926,6.101,6.22,6.079,6.163,6.177,esm_pred,P-predicted_no_exp_PDB,structures/final_581/580.pdb,structures/af2_581/580.pdb
581,6.0,6.252,6.402,6.407,6.075,5.686,5.686,5.718,5.718,6.611,6.677,5.686,6.006,5.718,6.005,5.814,exp_fixed,B-trusted_exp_annotated,structures/final_581/581.pdb,
