seq_no,source,exp_pdb_id,final_chain,fill_status,src_path,final_pdb,af_pdb_ref,conf_class,genuine_maxgap,gap_special_action,inv_titr_frac_test,qc_status,deepka_status,pypka_status,dssp_status,pi_status,n_chains,n_res,ca_only,propka_status
1,esm_pred,,,,structures/esmfold_581/1.pdb,structures/final_581/1.pdb,structures/af2_581/1.pdb,P-predicted_no_exp_PDB,,nan,,ok,ok,pending,pending,pending,1,37,False,ok
2,esm_pred,,,,structures/esmfold_581/2.pdb,structures/final_581/2.pdb,structures/af2_581/2.pdb,P-predicted_no_exp_PDB,,nan,,ok,ok,pending,pending,pending,1,119,False,ok
3,exp_fixed,1GWY,A,no_gap,structures/exp_pdb_repaired_215/3-1GWY.pdb,structures/final_581/3.pdb,nan,A-high_confidence_exp,0.0,R0_no_gap,0.0,ok,ok,pending,pending,pending,1,175,False,ok
4,esm_pred,,,,structures/esmfold_581/4.pdb,structures/final_581/4.pdb,structures/af2_581/4.pdb,P-predicted_no_exp_PDB,,nan,,ok,ok,pending,pending,pending,1,557,False,ok
5,esm_pred,,,,structures/esmfold_581/5.pdb,structures/final_581/5.pdb,structures/af2_581/5.pdb,P-predicted_no_exp_PDB,,nan,,ok,ok,pending,pending,pending,1,228,False,ok
6,esm_pred,,,,structures/esmfold_581/6.pdb,structures/final_581/6.pdb,structures/af2_581/6.pdb,P-predicted_no_exp_PDB,,nan,,ok,ok,pending,pending,pending,1,242,False,ok
7,exp_fixed,1R2R,B,no_valid_segment(signal_peptide/propeptide/tag_not_filled),structures/exp_pdb_repaired_215/7-1R2R.pdb,structures/final_581/7.pdb,nan,A-high_confidence_exp,1.0,R1_small_gap_fill_atoms+fallback_model_pKa,0.0,ok,ok,pending,pending,pending,1,247,False,ok
8,esm_pred,,,,structures/esmfold_581/8.pdb,structures/final_581/8.pdb,structures/af2_581/8.pdb,P-predicted_no_exp_PDB,,nan,,ok,ok,pending,pending,pending,1,213,False,ok
9,esm_pred,1MN1,A,,structures/esmfold_581/9.pdb,structures/final_581/9.pdb,structures/af2_581/9.pdb,D-exp_structure_rejected,,nan,,ok,ok,pending,pending,pending,1,70,False,ok
10,esm_pred,,,,structures/esmfold_581/10.pdb,structures/final_581/10.pdb,structures/af2_581/10.pdb,P-predicted_no_exp_PDB,,nan,,ok,ok,pending,pending,pending,1,185,False,ok
11,exp_fixed,4EC7,A,no_valid_segment(signal_peptide/propeptide/tag_not_filled),structures/exp_pdb_repaired_215/11-4EC7.pdb,structures/final_581/11.pdb,nan,B-trusted_exp_annotated,8.0,R1_small_gap_fill_atoms+fallback_model_pKa,0.0976,ok,ok,pending,pending,pending,1,108,False,ok
12,esm_pred,,,,structures/esmfold_581/12.pdb,structures/final_581/12.pdb,structures/af2_581/12.pdb,P-predicted_no_exp_PDB,,nan,,ok,ok,pending,pending,pending,1,531,False,ok
13,esm_pred,,,,structures/esmfold_581/13.pdb,structures/final_581/13.pdb,structures/af2_581/13.pdb,P-predicted_no_exp_PDB,,nan,,ok,ok,pending,pending,pending,1,554,False,ok
14,esm_pred,,,,structures/esmfold_581/14.pdb,structures/final_581/14.pdb,structures/af2_581/14.pdb,P-predicted_no_exp_PDB,,nan,,ok,ok,pending,pending,pending,1,391,False,ok
15,esm_pred,,,,structures/esmfold_581/15.pdb,structures/final_581/15.pdb,structures/af2_581/15.pdb,P-predicted_no_exp_PDB,,nan,,ok,ok,pending,pending,pending,1,72,False,ok
16,esm_pred,,,,structures/esmfold_581/16.pdb,structures/final_581/16.pdb,structures/af2_581/16.pdb,P-predicted_no_exp_PDB,,nan,,ok,ok,pending,pending,pending,1,405,False,ok
17,esm_pred,,,,structures/esmfold_581/17.pdb,structures/final_581/17.pdb,structures/af2_581/17.pdb,P-predicted_no_exp_PDB,,nan,,ok,ok,pending,pending,pending,1,326,False,ok
18,esm_pred,,,,structures/esmfold_581/18.pdb,structures/final_581/18.pdb,structures/af2_581/18.pdb,P-predicted_no_exp_PDB,,nan,,ok,ok,pending,pending,pending,1,321,False,ok
19,exp_filled,2ZPQ,A,OK,structures/exp_pdb_filled_pdbfixer/19-2ZPQ.pdb,structures/final_581/19.pdb,nan,A-high_confidence_exp,2.0,R1_small_gap_fill_atoms+fallback_model_pKa,0.0169,ok,ok,pending,pending,pending,1,222,False,ok
20,esm_pred,,,,structures/esmfold_581/20.pdb,structures/final_581/20.pdb,structures/af2_581/20.pdb,P-predicted_no_exp_PDB,,nan,,ok,ok,pending,pending,pending,1,217,False,ok
21,esm_pred,,,,structures/esmfold_581/21.pdb,structures/final_581/21.pdb,structures/af2_581/21.pdb,P-predicted_no_exp_PDB,,nan,,ok,ok,pending,pending,pending,1,43,False,ok
22,esm_pred,,,,structures/esmfold_581/22.pdb,structures/final_581/22.pdb,structures/af2_581/22.pdb,P-predicted_no_exp_PDB,,nan,,ok,ok,pending,pending,pending,1,234,False,ok
23,esm_pred,,,,structures/esmfold_581/23.pdb,structures/final_581/23.pdb,structures/af2_581/23.pdb,P-predicted_no_exp_PDB,,nan,,ok,ok,pending,pending,pending,1,83,False,ok
24,esm_pred,,,,structures/esmfold_581/24.pdb,structures/final_581/24.pdb,structures/af2_581/24.pdb,P-predicted_no_exp_PDB,,nan,,ok,ok,pending,pending,pending,1,323,False,ok
25,esm_pred,,,,structures/esmfold_581/25.pdb,structures/final_581/25.pdb,structures/af2_581/25.pdb,P-predicted_no_exp_PDB,,nan,,ok,ok_tailfix,pending,pending,pending,1,990,False,ok
26,esm_pred,,,,structures/esmfold_581/26.pdb,structures/final_581/26.pdb,structures/af2_581/26.pdb,P-predicted_no_exp_PDB,,nan,,ok,ok,pending,pending,pending,1,405,False,ok
27,esm_pred,,,,structures/esmfold_581/27.pdb,structures/final_581/27.pdb,structures/af2_581/27.pdb,P-predicted_no_exp_PDB,,nan,,ok,ok_tailfix,pending,pending,pending,1,1040,False,ok
28,exp_fixed,5JCG,A,no_valid_segment(signal_peptide/propeptide/tag_not_filled),structures/exp_pdb_repaired_215/28-5JCG.pdb,structures/final_581/28.pdb,nan,C-limited_exp_caution,1.0,R1_small_gap_fill_atoms+fallback_model_pKa,0.0,ok,ok,pending,pending,pending,1,195,False,ok
29,exp_fixed,2QC7,A,no_valid_segment(signal_peptide/propeptide/tag_not_filled),structures/exp_pdb_repaired_215/29-2QC7.pdb,structures/final_581/29.pdb,nan,C-limited_exp_caution,5.0,R1_small_gap_fill_atoms+fallback_model_pKa,0.0476,ok,ok,pending,pending,pending,1,224,False,ok
30,esm_pred,,,,structures/esmfold_581/30.pdb,structures/final_581/30.pdb,structures/af2_581/30.pdb,P-predicted_no_exp_PDB,,nan,,ok,ok,pending,pending,pending,1,905,False,ok
31,exp_fixed,9I4T,O,not_filled_gt30_dual_track,structures/exp_pdb_repaired_215/31-9I4T.pdb,structures/final_581/31.pdb,nan,C-limited_exp_caution,90.0,"R3_long_gap(31-100) | forced_dual_track_pI(exp+fallback vs full_seq_ESMFold_pred,no_fragment_grafting) + predicted_gap_medium_confidence,dual_track_diff_reported_as_uncertainty",0.2,ok,ok,pending,pending,pending,1,241,False,ok
32,exp_fixed,1IMJ,A,no_valid_segment(signal_peptide/propeptide/tag_not_filled),structures/exp_pdb_repaired_215/32-1IMJ.pdb,structures/final_581/32.pdb,nan,A-high_confidence_exp,1.0,R1_small_gap_fill_atoms+fallback_model_pKa,0.0,ok,ok,pending,pending,pending,1,208,False,ok
33,exp_fixed,2Q99,A,no_gap,structures/exp_pdb_repaired_215/33-2Q99.pdb,structures/final_581/33.pdb,nan,B-trusted_exp_annotated,0.0,R0_no_gap,0.0,ok,ok,pending,pending,pending,1,369,False,ok
34,exp_fixed,1M31,A,no_gap,structures/exp_pdb_repaired_215/34-1M31.pdb,structures/final_581/34.pdb,nan,A-high_confidence_exp,0.0,R0_no_gap,0.0,ok,ok,pending,pending,pending,1,101,False,ok
35,esm_pred,,,,structures/esmfold_581/35.pdb,structures/final_581/35.pdb,structures/af2_581/35.pdb,P-predicted_no_exp_PDB,,nan,,ok,ok,pending,pending,pending,1,531,False,ok
36,esm_pred,,,,structures/esmfold_581/36.pdb,structures/final_581/36.pdb,structures/af2_581/36.pdb,P-predicted_no_exp_PDB,,nan,,ok,ok,pending,pending,pending,1,135,False,ok
37,esm_pred,,,,structures/esmfold_581/37.pdb,structures/final_581/37.pdb,structures/af2_581/37.pdb,P-predicted_no_exp_PDB,,nan,,ok,ok,pending,pending,pending,1,328,False,ok
38,exp_filled,12DK,B,OK,structures/exp_pdb_filled_pdbfixer/38-12DK.pdb,structures/final_581/38.pdb,nan,C-limited_exp_caution,5.0,R1_small_gap_fill_atoms+fallback_model_pKa,0.0545,ok,ok,pending,pending,pending,1,144,False,ok
39,exp_filled,7B53,A,OK,structures/exp_pdb_filled_pdbfixer/39-7B53.pdb,structures/final_581/39.pdb,nan,B-trusted_exp_annotated,5.0,R1_small_gap_fill_atoms+fallback_model_pKa,0.0069,ok,ok,pending,pending,pending,1,492,False,ok
40,esm_pred,,,,structures/esmfold_581/40.pdb,structures/final_581/40.pdb,structures/af2_581/40.pdb,P-predicted_no_exp_PDB,,nan,,ok,ok,pending,pending,pending,1,318,False,ok
41,exp_filled,1KAG,A,OK,structures/exp_pdb_filled_pdbfixer/41-1KAG.pdb,structures/final_581/41.pdb,nan,C-limited_exp_caution,6.0,R1_small_gap_fill_atoms+fallback_model_pKa,0.1333,ok,ok,pending,pending,pending,1,169,False,ok
42,exp_fixed,6EPC,B,no_gap,structures/exp_pdb_repaired_215/42-6EPC.pdb,structures/final_581/42.pdb,nan,A-high_confidence_exp,0.0,R0_no_gap,0.0,ok,ok,pending,pending,pending,1,234,False,ok
43,exp_fixed,3HDH,A,no_valid_segment(signal_peptide/propeptide/tag_not_filled),structures/exp_pdb_repaired_215/43-3HDH.pdb,structures/final_581/43.pdb,nan,B-trusted_exp_annotated,11.0,R1_small_gap_fill_atoms+fallback_model_pKa,0.0112,ok,ok,pending,pending,pending,1,291,False,ok
44,exp_fixed,5N56,A,no_valid_segment(signal_peptide/propeptide/tag_not_filled),structures/exp_pdb_repaired_215/44-5N56.pdb,structures/final_581/44.pdb,nan,A-high_confidence_exp,1.0,R1_small_gap_fill_atoms+fallback_model_pKa,0.0,ok,ok,pending,pending,pending,1,198,False,ok
45,esm_pred,,,,structures/esmfold_581/45.pdb,structures/final_581/45.pdb,structures/af2_581/45.pdb,P-predicted_no_exp_PDB,,nan,,ok,ok,pending,pending,pending,1,463,False,ok
46,esm_pred,,,,structures/esmfold_581/46.pdb,structures/final_581/46.pdb,structures/af2_581/46.pdb,P-predicted_no_exp_PDB,,nan,,ok,ok,pending,pending,pending,1,200,False,ok
47,esm_pred,,,,structures/esmfold_581/47.pdb,structures/final_581/47.pdb,structures/af2_581/47.pdb,P-predicted_no_exp_PDB,,nan,,ok,ok,pending,pending,pending,1,209,False,ok
48,esm_pred,,,,structures/esmfold_581/48.pdb,structures/final_581/48.pdb,structures/af2_581/48.pdb,P-predicted_no_exp_PDB,,nan,,ok,ok,pending,pending,pending,1,221,False,ok
49,esm_pred,,,,structures/esmfold_581/49.pdb,structures/final_581/49.pdb,structures/af2_581/49.pdb,P-predicted_no_exp_PDB,,nan,,ok,ok,pending,pending,pending,1,198,False,ok
50,esm_pred,,,,structures/esmfold_581/50.pdb,structures/final_581/50.pdb,structures/af2_581/50.pdb,P-predicted_no_exp_PDB,,nan,,ok,ok,pending,pending,pending,1,134,False,ok
51,esm_pred,,,,structures/esmfold_581/51.pdb,structures/final_581/51.pdb,structures/af2_581/51.pdb,P-predicted_no_exp_PDB,,nan,,ok,ok,pending,pending,pending,1,423,False,ok
52,esm_pred,,,,structures/esmfold_581/52.pdb,structures/final_581/52.pdb,structures/af2_581/52.pdb,P-predicted_no_exp_PDB,,nan,,ok,ok,pending,pending,pending,1,529,False,ok
53,esm_pred,13ER,G,,structures/esmfold_581/53.pdb,structures/final_581/53.pdb,structures/af2_581/53.pdb,D-exp_structure_rejected,,nan,,ok,ok,pending,pending,pending,1,622,False,ok
54,exp_fixed,2HUR,A,no_gap,structures/exp_pdb_repaired_215/54-2HUR.pdb,structures/final_581/54.pdb,nan,A-high_confidence_exp,0.0,R0_no_gap,0.0,ok,ok,pending,pending,pending,1,142,False,ok
55,exp_fixed,2FQ1,A,no_valid_segment(signal_peptide/propeptide/tag_not_filled),structures/exp_pdb_repaired_215/55-2FQ1.pdb,structures/final_581/55.pdb,nan,A-high_confidence_exp,2.0,R1_small_gap_fill_atoms+fallback_model_pKa,0.0108,ok,ok,pending,pending,pending,1,279,False,ok
56,esm_pred,,,,structures/esmfold_581/56.pdb,structures/final_581/56.pdb,structures/af2_581/56.pdb,P-predicted_no_exp_PDB,,nan,,ok,ok,pending,pending,pending,1,358,False,ok
57,esm_pred,,,,structures/esmfold_581/57.pdb,structures/final_581/57.pdb,structures/af2_581/57.pdb,P-predicted_no_exp_PDB,,nan,,ok,ok,pending,pending,pending,1,548,False,ok
58,esm_pred,,,,structures/esmfold_581/58.pdb,structures/final_581/58.pdb,structures/af2_581/58.pdb,P-predicted_no_exp_PDB,,nan,,ok,ok,pending,pending,pending,1,260,False,ok
59,exp_fixed,7LL3,B,no_valid_segment(signal_peptide/propeptide/tag_not_filled),structures/exp_pdb_repaired_215/59-7LL3.pdb,structures/final_581/59.pdb,nan,A-high_confidence_exp,5.0,R1_small_gap_fill_atoms+fallback_model_pKa,0.0172,ok,ok,pending,pending,pending,1,379,False,ok
60,esm_pred,,,,structures/esmfold_581/60.pdb,structures/final_581/60.pdb,structures/af2_581/60.pdb,P-predicted_no_exp_PDB,,nan,,ok,ok,pending,pending,pending,1,408,False,ok
61,esm_pred,,,,structures/esmfold_581/61.pdb,structures/final_581/61.pdb,structures/af2_581/61.pdb,P-predicted_no_exp_PDB,,nan,,ok,ok,pending,pending,pending,1,310,False,ok
62,exp_fixed,4DG5,A,no_gap,structures/exp_pdb_repaired_215/62-4DG5.pdb,structures/final_581/62.pdb,nan,A-high_confidence_exp,0.0,R0_no_gap,0.0,ok,ok,pending,pending,pending,1,395,False,ok
63,esm_pred,,,,structures/esmfold_581/63.pdb,structures/final_581/63.pdb,structures/af2_581/63.pdb,P-predicted_no_exp_PDB,,nan,,ok,ok,pending,pending,pending,1,355,False,ok
64,esm_pred,,,,structures/esmfold_581/64.pdb,structures/final_581/64.pdb,structures/af2_581/64.pdb,P-predicted_no_exp_PDB,,nan,,ok,ok,pending,pending,pending,1,430,False,ok
65,esm_pred,,,,structures/esmfold_581/65.pdb,structures/final_581/65.pdb,structures/af2_581/65.pdb,P-predicted_no_exp_PDB,,nan,,ok,ok,pending,pending,pending,1,397,False,ok
66,esm_pred,,,,structures/esmfold_581/66.pdb,structures/final_581/66.pdb,structures/af2_581/66.pdb,P-predicted_no_exp_PDB,,nan,,ok,ok,pending,pending,pending,1,554,False,ok
67,esm_pred,,,,structures/esmfold_581/67.pdb,structures/final_581/67.pdb,structures/af2_581/67.pdb,P-predicted_no_exp_PDB,,nan,,ok,ok,pending,pending,pending,1,389,False,ok
68,exp_fixed,3KQ0,A,no_valid_segment(signal_peptide/propeptide/tag_not_filled),structures/exp_pdb_repaired_215/68-3KQ0.pdb,structures/final_581/68.pdb,nan,C-limited_exp_caution,8.0,R1_small_gap_fill_atoms+fallback_model_pKa,0.0704,ok,ok,pending,pending,pending,1,174,False,ok
69,esm_pred,,,,structures/esmfold_581/69.pdb,structures/final_581/69.pdb,structures/af2_581/69.pdb,P-predicted_no_exp_PDB,,nan,,ok,ok,pending,pending,pending,1,563,False,ok
70,esm_pred,,,,structures/esmfold_581/70.pdb,structures/final_581/70.pdb,structures/af2_581/70.pdb,P-predicted_no_exp_PDB,,nan,,ok,ok,pending,pending,pending,1,414,False,ok
71,esm_pred,,,,structures/esmfold_581/71.pdb,structures/final_581/71.pdb,structures/af2_581/71.pdb,P-predicted_no_exp_PDB,,nan,,ok,ok,pending,pending,pending,1,188,False,ok
72,esm_pred,,,,structures/esmfold_581/72.pdb,structures/final_581/72.pdb,structures/af2_581/72.pdb,P-predicted_no_exp_PDB,,nan,,ok,ok,pending,pending,pending,1,338,False,ok
73,exp_fixed,1EKX,A,no_valid_segment(signal_peptide/propeptide/tag_not_filled),structures/exp_pdb_repaired_215/73-1EKX.pdb,structures/final_581/73.pdb,nan,A-high_confidence_exp,1.0,R1_small_gap_fill_atoms+fallback_model_pKa,0.0,ok,ok,pending,pending,pending,1,310,False,ok
74,exp_fixed,2PN7,A,no_valid_segment(signal_peptide/propeptide/tag_not_filled),structures/exp_pdb_repaired_215/74-2PN7.pdb,structures/final_581/74.pdb,nan,B-trusted_exp_annotated,13.0,R1_small_gap_fill_atoms+fallback_model_pKa,0.0833,ok,ok,pending,pending,pending,1,169,False,ok
75,exp_fixed,1YRL,A,no_valid_segment(signal_peptide/propeptide/tag_not_filled),structures/exp_pdb_repaired_215/75-1YRL.pdb,structures/final_581/75.pdb,nan,A-high_confidence_exp,2.0,R1_small_gap_fill_atoms+fallback_model_pKa,0.0,ok,ok,pending,pending,pending,1,487,False,ok
76,esm_pred,1DIA,B,,structures/esmfold_581/76.pdb,structures/final_581/76.pdb,structures/af2_581/76.pdb,D-exp_structure_rejected,,nan,,ok,ok,pending,pending,pending,1,935,False,ok
77,esm_pred,,,,structures/esmfold_581/77.pdb,structures/final_581/77.pdb,structures/af2_581/77.pdb,P-predicted_no_exp_PDB,,nan,,ok,ok,pending,pending,pending,1,498,False,ok
78,exp_fixed,7QIO,P,no_valid_segment(signal_peptide/propeptide/tag_not_filled),structures/exp_pdb_repaired_215/78-7QIO.pdb,structures/final_581/78.pdb,nan,C-limited_exp_caution,20.0,R2_medium_gap(16-30) | gap_site_fallback_pKa+gap_sensitivity_annotation(optional_full_seq_prediction_dual_track),0.1754,ok,ok,pending,pending,pending,1,143,False,ok
79,esm_pred,,,,structures/esmfold_581/79.pdb,structures/final_581/79.pdb,structures/af2_581/79.pdb,P-predicted_no_exp_PDB,,nan,,ok,ok,pending,pending,pending,1,478,False,ok
80,esm_pred,,,,structures/esmfold_581/80.pdb,structures/final_581/80.pdb,structures/af2_581/80.pdb,P-predicted_no_exp_PDB,,nan,,ok,ok,pending,pending,pending,1,857,False,ok
81,esm_pred,,,,structures/esmfold_581/81.pdb,structures/final_581/81.pdb,structures/af2_581/81.pdb,P-predicted_no_exp_PDB,,nan,,ok,ok,pending,pending,pending,1,413,False,ok
82,esm_pred,,,,structures/esmfold_581/82.pdb,structures/final_581/82.pdb,structures/af2_581/82.pdb,P-predicted_no_exp_PDB,,nan,,ok,ok,pending,pending,pending,1,413,False,ok
83,exp_fixed,1CJC,A,no_valid_segment(signal_peptide/propeptide/tag_not_filled),structures/exp_pdb_repaired_215/83-1CJC.pdb,structures/final_581/83.pdb,nan,B-trusted_exp_annotated,5.0,R1_small_gap_fill_atoms+fallback_model_pKa,0.0072,ok,ok,pending,pending,pending,1,455,False,ok
84,exp_fixed,2C9Y,A,no_valid_segment(signal_peptide/propeptide/tag_not_filled),structures/exp_pdb_repaired_215/84-2C9Y.pdb,structures/final_581/84.pdb,nan,B-trusted_exp_annotated,14.0,R1_small_gap_fill_atoms+fallback_model_pKa,0.0741,ok,ok,pending,pending,pending,1,218,False,ok
85,exp_fixed,5ACN,A,no_gap,structures/exp_pdb_repaired_215/85-5ACN.pdb,structures/final_581/85.pdb,nan,C-limited_exp_caution,0.0,R0_no_gap,0.0,ok,ok,pending,pending,pending,1,753,False,ok
86,esm_pred,,,,structures/esmfold_581/86.pdb,structures/final_581/86.pdb,structures/af2_581/86.pdb,P-predicted_no_exp_PDB,,nan,,ok,ok,pending,pending,pending,1,430,False,ok
87,esm_pred,,,,structures/esmfold_581/87.pdb,structures/final_581/87.pdb,structures/af2_581/87.pdb,P-predicted_no_exp_PDB,,nan,,ok,ok,pending,pending,pending,1,352,False,ok
88,esm_pred,,,,structures/esmfold_581/88.pdb,structures/final_581/88.pdb,structures/af2_581/88.pdb,P-predicted_no_exp_PDB,,nan,,ok,ok,pending,pending,pending,1,517,False,ok
89,exp_fixed,4XXU,A,no_valid_segment(signal_peptide/propeptide/tag_not_filled),structures/exp_pdb_repaired_215/89-4XXU.pdb,structures/final_581/89.pdb,nan,B-trusted_exp_annotated,26.0,R2_medium_gap(16-30) | gap_site_fallback_pKa+gap_sensitivity_annotation(optional_full_seq_prediction_dual_track),0.0597,ok,ok,pending,pending,pending,1,231,False,ok
90,esm_pred,,,,structures/esmfold_581/90.pdb,structures/final_581/90.pdb,structures/af2_581/90.pdb,P-predicted_no_exp_PDB,,nan,,ok,ok,pending,pending,pending,1,282,False,ok
91,esm_pred,2RDO,7,,structures/esmfold_581/91.pdb,structures/final_581/91.pdb,structures/af2_581/91.pdb,D-exp_structure_rejected,,nan,,ok,ok,pending,pending,pending,1,704,False,ok
92,esm_pred,,,,structures/esmfold_581/92.pdb,structures/final_581/92.pdb,structures/af2_581/92.pdb,P-predicted_no_exp_PDB,,nan,,ok,ok,pending,pending,pending,1,462,False,ok
93,esm_pred,,,,structures/esmfold_581/93.pdb,structures/final_581/93.pdb,structures/af2_581/93.pdb,P-predicted_no_exp_PDB,,nan,,ok,ok,pending,pending,pending,1,464,False,ok
94,esm_pred,,,,structures/esmfold_581/94.pdb,structures/final_581/94.pdb,structures/af2_581/94.pdb,P-predicted_no_exp_PDB,,nan,,ok,ok,pending,pending,pending,1,289,False,ok
95,esm_pred,,,,structures/esmfold_581/95.pdb,structures/final_581/95.pdb,structures/af2_581/95.pdb,P-predicted_no_exp_PDB,,nan,,ok,ok,pending,pending,pending,1,401,False,ok
96,esm_pred,,,,structures/esmfold_581/96.pdb,structures/final_581/96.pdb,structures/af2_581/96.pdb,P-predicted_no_exp_PDB,,nan,,ok,ok,pending,pending,pending,1,198,False,ok
97,exp_fixed,4ANK,A,no_valid_segment(signal_peptide/propeptide/tag_not_filled),structures/exp_pdb_repaired_215/97-4ANK.pdb,structures/final_581/97.pdb,nan,C-limited_exp_caution,29.0,R2_medium_gap(16-30) | gap_site_fallback_pKa+gap_sensitivity_annotation(optional_full_seq_prediction_dual_track),0.186,ok,ok,pending,pending,pending,1,116,False,ok
98,exp_fixed,2ZQY,C,no_valid_segment(signal_peptide/propeptide/tag_not_filled),structures/exp_pdb_repaired_215/98-2ZQY.pdb,structures/final_581/98.pdb,nan,A-high_confidence_exp,9.0,R1_small_gap_fill_atoms+fallback_model_pKa,0.0426,ok,ok,pending,pending,pending,1,316,False,ok
99,esm_pred,,,,structures/esmfold_581/99.pdb,structures/final_581/99.pdb,structures/af2_581/99.pdb,P-predicted_no_exp_PDB,,nan,,ok,ok,pending,pending,pending,1,741,False,ok
100,esm_pred,,,,structures/esmfold_581/100.pdb,structures/final_581/100.pdb,structures/af2_581/100.pdb,P-predicted_no_exp_PDB,,nan,,ok,ok,pending,pending,pending,1,354,False,ok
101,exp_filled,6QB8,B,OK,structures/exp_pdb_filled_pdbfixer/101-6QB8.pdb,structures/final_581/101.pdb,nan,C-limited_exp_caution,16.0,R2_medium_gap(16-30) | gap_site_fallback_pKa+gap_sensitivity_annotation(optional_full_seq_prediction_dual_track),0.0859,ok,ok,pending,pending,pending,1,508,False,ok
102,exp_fixed,9I4T,Q,not_filled_gt30_dual_track,structures/exp_pdb_repaired_215/102-9I4T.pdb,structures/final_581/102.pdb,nan,C-limited_exp_caution,77.0,"R3_long_gap(31-100) | forced_dual_track_pI(exp+fallback vs full_seq_ESMFold_pred,no_fragment_grafting) + predicted_gap_medium_confidence,dual_track_diff_reported_as_uncertainty",0.2063,ok,ok,pending,pending,pending,1,146,False,ok
103,esm_pred,,,,structures/esmfold_581/103.pdb,structures/final_581/103.pdb,structures/af2_581/103.pdb,P-predicted_no_exp_PDB,,nan,,ok,ok,pending,pending,pending,1,183,False,ok
104,exp_fixed,1PXZ,A,no_gap,structures/exp_pdb_repaired_215/104-1PXZ.pdb,structures/final_581/104.pdb,nan,B-trusted_exp_annotated,0.0,R0_no_gap,0.0,ok,ok,pending,pending,pending,1,346,False,ok
105,exp_fixed,1EQQ,B,not_filled_gt30_dual_track,structures/exp_pdb_repaired_215/105-1EQQ.pdb,structures/final_581/105.pdb,nan,C-limited_exp_caution,57.0,"R3_long_gap(31-100) | forced_dual_track_pI(exp+fallback vs full_seq_ESMFold_pred,no_fragment_grafting) + predicted_gap_medium_confidence,dual_track_diff_reported_as_uncertainty",0.1538,ok,ok,pending,pending,pending,1,120,False,ok
106,esm_pred,,,,structures/esmfold_581/106.pdb,structures/final_581/106.pdb,structures/af2_581/106.pdb,P-predicted_no_exp_PDB,,nan,,ok,ok,pending,pending,pending,1,128,False,ok
107,esm_pred,,,,structures/esmfold_581/107.pdb,structures/final_581/107.pdb,structures/af2_581/107.pdb,P-predicted_no_exp_PDB,,nan,,ok,ok,pending,pending,pending,1,149,False,ok
108,esm_pred,,,,structures/esmfold_581/108.pdb,structures/final_581/108.pdb,structures/af2_581/108.pdb,P-predicted_no_exp_PDB,,nan,,ok,ok,pending,pending,pending,1,357,False,ok
109,esm_pred,,,,structures/esmfold_581/109.pdb,structures/final_581/109.pdb,structures/af2_581/109.pdb,P-predicted_no_exp_PDB,,nan,,ok,ok,pending,pending,pending,1,180,False,ok
110,exp_fixed,1OHV,A,no_valid_segment(signal_peptide/propeptide/tag_not_filled),structures/exp_pdb_repaired_215/110-1OHV.pdb,structures/final_581/110.pdb,nan,B-trusted_exp_annotated,10.0,R1_small_gap_fill_atoms+fallback_model_pKa,0.0187,ok,ok,pending,pending,pending,1,461,False,ok
111,esm_pred,3K2B,A,,structures/esmfold_581/111.pdb,structures/recomputed_seq111/111.pdb,structures/af2_581/111.pdb,D-exp_structure_rejected,,nan,,ok,ok_refold,pending,pending,pending,1,500,False,ok
112,esm_pred,,,,structures/esmfold_581/112.pdb,structures/final_581/112.pdb,structures/af2_581/112.pdb,P-predicted_no_exp_PDB,,nan,,ok,ok,pending,pending,pending,1,240,False,ok
113,exp_fixed,1I0A,A,no_valid_segment(signal_peptide/propeptide/tag_not_filled),structures/exp_pdb_repaired_215/113-1I0A.pdb,structures/final_581/113.pdb,nan,A-high_confidence_exp,10.0,R1_small_gap_fill_atoms+fallback_model_pKa,0.0328,ok,ok,pending,pending,pending,1,453,False,ok
114,esm_pred,,,,structures/esmfold_581/114.pdb,structures/final_581/114.pdb,structures/af2_581/114.pdb,P-predicted_no_exp_PDB,,nan,,ok,ok,pending,pending,pending,1,447,False,ok
115,exp_fixed,2ZOC,A,no_gap,structures/exp_pdb_repaired_215/115-2ZOC.pdb,structures/final_581/115.pdb,nan,A-high_confidence_exp,0.0,R0_no_gap,0.0,ok,ok,pending,pending,pending,1,319,False,ok
116,esm_pred,,,,structures/esmfold_581/116.pdb,structures/final_581/116.pdb,structures/af2_581/116.pdb,P-predicted_no_exp_PDB,,nan,,ok,ok,pending,pending,pending,1,332,False,ok
117,esm_pred,,,,structures/esmfold_581/117.pdb,structures/final_581/117.pdb,structures/af2_581/117.pdb,P-predicted_no_exp_PDB,,nan,,ok,ok,pending,pending,pending,1,241,False,ok
118,exp_fixed,1PR0,A,no_valid_segment(signal_peptide/propeptide/tag_not_filled),structures/exp_pdb_repaired_215/118-1PR0.pdb,structures/final_581/118.pdb,nan,A-high_confidence_exp,1.0,R1_small_gap_fill_atoms+fallback_model_pKa,0.0133,ok,ok,pending,pending,pending,1,237,False,ok
119,exp_fixed,6WMU,L,no_valid_segment(signal_peptide/propeptide/tag_not_filled),structures/exp_pdb_repaired_215/119-6WMU.pdb,structures/final_581/119.pdb,nan,C-limited_exp_caution,5.0,R1_small_gap_fill_atoms+fallback_model_pKa,0.0147,ok,ok,pending,pending,pending,1,204,False,ok
120,esm_pred,,,,structures/esmfold_581/120.pdb,structures/final_581/120.pdb,structures/af2_581/120.pdb,P-predicted_no_exp_PDB,,nan,,ok,ok,pending,pending,pending,1,495,False,ok
121,esm_pred,,,,structures/esmfold_581/121.pdb,structures/final_581/121.pdb,structures/af2_581/121.pdb,P-predicted_no_exp_PDB,,nan,,ok,ok,pending,pending,pending,1,437,False,ok
122,esm_pred,5D0O,C,,structures/esmfold_581/122.pdb,structures/final_581/122.pdb,structures/af2_581/122.pdb,D-exp_structure_rejected,,nan,,ok,ok,pending,pending,pending,1,344,False,ok
123,esm_pred,,,,structures/esmfold_581/123.pdb,structures/final_581/123.pdb,structures/af2_581/123.pdb,P-predicted_no_exp_PDB,,nan,,ok,ok,pending,pending,pending,1,200,False,ok
124,esm_pred,,,,structures/esmfold_581/124.pdb,structures/final_581/124.pdb,structures/af2_581/124.pdb,P-predicted_no_exp_PDB,,nan,,ok,ok,pending,pending,pending,1,341,False,ok
125,esm_pred,,,,structures/esmfold_581/125.pdb,structures/final_581/125.pdb,structures/af2_581/125.pdb,P-predicted_no_exp_PDB,,nan,,ok,ok,pending,pending,pending,1,290,False,ok
126,esm_pred,,,,structures/esmfold_581/126.pdb,structures/final_581/126.pdb,structures/af2_581/126.pdb,P-predicted_no_exp_PDB,,nan,,ok,ok,pending,pending,pending,1,836,False,ok
127,esm_pred,,,,structures/esmfold_581/127.pdb,structures/final_581/127.pdb,structures/af2_581/127.pdb,P-predicted_no_exp_PDB,,nan,,ok,ok,pending,pending,pending,1,175,False,ok
128,esm_pred,,,,structures/esmfold_581/128.pdb,structures/final_581/128.pdb,structures/af2_581/128.pdb,P-predicted_no_exp_PDB,,nan,,ok,ok,pending,pending,pending,1,393,False,ok
129,esm_pred,,,,structures/esmfold_581/129.pdb,structures/final_581/129.pdb,structures/af2_581/129.pdb,P-predicted_no_exp_PDB,,nan,,ok,ok,pending,pending,pending,1,326,False,ok
130,esm_pred,,,,structures/esmfold_581/130.pdb,structures/final_581/130.pdb,structures/af2_581/130.pdb,P-predicted_no_exp_PDB,,nan,,ok,ok,pending,pending,pending,1,213,False,ok
131,esm_pred,,,,structures/esmfold_581/131.pdb,structures/final_581/131.pdb,structures/af2_581/131.pdb,P-predicted_no_exp_PDB,,nan,,ok,ok,pending,pending,pending,1,494,False,ok
132,esm_pred,,,,structures/esmfold_581/132.pdb,structures/final_581/132.pdb,structures/af2_581/132.pdb,P-predicted_no_exp_PDB,,nan,,ok,ok,pending,pending,pending,1,434,False,ok
133,esm_pred,,,,structures/esmfold_581/133.pdb,structures/final_581/133.pdb,structures/af2_581/133.pdb,P-predicted_no_exp_PDB,,nan,,ok,ok,pending,pending,pending,1,499,False,ok
134,exp_filled,1DCS,A,OK_close_contacts_present,structures/exp_pdb_filled_pdbfixer/134-1DCS.pdb,structures/final_581/134.pdb,nan,C-limited_exp_caution,17.0,R2_medium_gap(16-30) | gap_site_fallback_pKa+gap_sensitivity_annotation(optional_full_seq_prediction_dual_track),0.1398,ok,ok,pending,pending,pending,1,311,False,ok
135,esm_pred,,,,structures/esmfold_581/135.pdb,structures/final_581/135.pdb,structures/af2_581/135.pdb,P-predicted_no_exp_PDB,,nan,,ok,ok,pending,pending,pending,1,510,False,ok
136,esm_pred,,,,structures/esmfold_581/136.pdb,structures/final_581/136.pdb,structures/af2_581/136.pdb,P-predicted_no_exp_PDB,,nan,,ok,ok,pending,pending,pending,1,248,False,ok
137,esm_pred,,,,structures/esmfold_581/137.pdb,structures/final_581/137.pdb,structures/af2_581/137.pdb,P-predicted_no_exp_PDB,,nan,,ok,ok,pending,pending,pending,1,194,False,ok
138,esm_pred,,,,structures/esmfold_581/138.pdb,structures/final_581/138.pdb,structures/af2_581/138.pdb,P-predicted_no_exp_PDB,,nan,,ok,ok,pending,pending,pending,1,343,False,ok
139,exp_fixed,2HQQ,A,no_valid_segment(signal_peptide/propeptide/tag_not_filled),structures/exp_pdb_repaired_215/139-2HQQ.pdb,structures/final_581/139.pdb,nan,A-high_confidence_exp,2.0,R1_small_gap_fill_atoms+fallback_model_pKa,0.0111,ok,ok,pending,pending,pending,1,296,False,ok
140,exp_fixed,6XRE,M,not_filled_gt30_dual_track,structures/exp_pdb_repaired_215/140-6XRE.pdb,structures/final_581/140.pdb,nan,C-limited_exp_caution,42.0,"R3_long_gap(31-100) | forced_dual_track_pI(exp+fallback vs full_seq_ESMFold_pred,no_fragment_grafting) + predicted_gap_medium_confidence,dual_track_diff_reported_as_uncertainty",0.189,ok,ok,pending,pending,pending,1,314,False,ok
141,esm_pred,,,,structures/esmfold_581/141.pdb,structures/final_581/141.pdb,structures/af2_581/141.pdb,P-predicted_no_exp_PDB,,nan,,ok,ok,pending,pending,pending,1,299,False,ok
142,esm_pred,,,,structures/esmfold_581/142.pdb,structures/final_581/142.pdb,structures/af2_581/142.pdb,P-predicted_no_exp_PDB,,nan,,ok,ok,pending,pending,pending,1,637,False,ok
143,esm_pred,,,,structures/esmfold_581/143.pdb,structures/final_581/143.pdb,structures/af2_581/143.pdb,P-predicted_no_exp_PDB,,nan,,ok,ok,pending,pending,pending,1,225,False,ok
144,esm_pred,,,,structures/esmfold_581/144.pdb,structures/final_581/144.pdb,structures/af2_581/144.pdb,P-predicted_no_exp_PDB,,nan,,ok,ok,pending,pending,pending,1,824,False,ok
145,esm_pred,,,,structures/esmfold_581/145.pdb,structures/final_581/145.pdb,structures/af2_581/145.pdb,P-predicted_no_exp_PDB,,nan,,ok,ok,pending,pending,pending,1,306,False,ok
146,esm_pred,,,,structures/esmfold_581/146.pdb,structures/final_581/146.pdb,structures/af2_581/146.pdb,P-predicted_no_exp_PDB,,nan,,ok,ok,pending,pending,pending,1,372,False,ok
147,exp_fixed,1QMJ,A,no_gap,structures/exp_pdb_repaired_215/147-1QMJ.pdb,structures/final_581/147.pdb,nan,A-high_confidence_exp,0.0,R0_no_gap,0.0,ok,ok,pending,pending,pending,1,132,False,ok
148,exp_fixed,1U8W,A,no_gap,structures/exp_pdb_repaired_215/148-1U8W.pdb,structures/final_581/148.pdb,nan,A-high_confidence_exp,0.0,R0_no_gap,0.0,ok,ok,pending,pending,pending,1,149,False,ok
149,esm_pred,,,,structures/esmfold_581/149.pdb,structures/final_581/149.pdb,structures/af2_581/149.pdb,P-predicted_no_exp_PDB,,nan,,ok,ok,pending,pending,pending,1,484,False,ok
150,esm_pred,,,,structures/esmfold_581/150.pdb,structures/final_581/150.pdb,structures/af2_581/150.pdb,P-predicted_no_exp_PDB,,nan,,ok,ok,pending,pending,pending,1,463,False,ok
151,esm_pred,,,,structures/esmfold_581/151.pdb,structures/final_581/151.pdb,structures/af2_581/151.pdb,P-predicted_no_exp_PDB,,nan,,ok,ok,pending,pending,pending,1,278,False,ok
152,esm_pred,,,,structures/esmfold_581/152.pdb,structures/final_581/152.pdb,structures/af2_581/152.pdb,P-predicted_no_exp_PDB,,nan,,ok,ok,pending,pending,pending,1,158,False,ok
153,esm_pred,,,,structures/esmfold_581/153.pdb,structures/final_581/153.pdb,structures/af2_581/153.pdb,P-predicted_no_exp_PDB,,nan,,ok,ok_tailfix,pending,pending,pending,1,998,False,ok
154,esm_pred,,,,structures/esmfold_581/154.pdb,structures/final_581/154.pdb,structures/af2_581/154.pdb,P-predicted_no_exp_PDB,,nan,,ok,ok,pending,pending,pending,1,105,False,ok
155,esm_pred,,,,structures/esmfold_581/155.pdb,structures/final_581/155.pdb,structures/af2_581/155.pdb,P-predicted_no_exp_PDB,,nan,,ok,ok,pending,pending,pending,1,166,False,ok
156,esm_pred,,,,structures/esmfold_581/156.pdb,structures/final_581/156.pdb,structures/af2_581/156.pdb,P-predicted_no_exp_PDB,,nan,,ok,ok,pending,pending,pending,1,377,False,ok
157,esm_pred,,,,structures/esmfold_581/157.pdb,structures/final_581/157.pdb,structures/af2_581/157.pdb,P-predicted_no_exp_PDB,,nan,,ok,ok,pending,pending,pending,1,653,False,ok
158,esm_pred,9HX4,F,,structures/esmfold_581/158.pdb,structures/final_581/158.pdb,structures/af2_581/158.pdb,D-exp_structure_rejected,,nan,,ok,ok,pending,pending,pending,1,396,False,ok
159,exp_fixed,3QUW,A,no_valid_segment(signal_peptide/propeptide/tag_not_filled),structures/exp_pdb_repaired_215/159-3QUW.pdb,structures/final_581/159.pdb,nan,C-limited_exp_caution,19.0,R2_medium_gap(16-30) | gap_site_fallback_pKa+gap_sensitivity_annotation(optional_full_seq_prediction_dual_track),0.1176,ok,ok,pending,pending,pending,1,125,False,ok
160,exp_fixed,8R3S,A,no_gap,structures/exp_pdb_repaired_215/160-8R3S.pdb,structures/final_581/160.pdb,nan,A-high_confidence_exp,0.0,R0_no_gap,0.0,ok,ok,pending,pending,pending,1,662,False,ok
161,esm_pred,,,,structures/esmfold_581/161.pdb,structures/final_581/161.pdb,structures/af2_581/161.pdb,P-predicted_no_exp_PDB,,nan,,ok,ok_tailfix,pending,pending,pending,1,1236,False,ok
162,esm_pred,,,,structures/esmfold_581/162.pdb,structures/final_581/162.pdb,structures/af2_581/162.pdb,P-predicted_no_exp_PDB,,nan,,ok,ok,pending,pending,pending,1,376,False,ok
163,exp_fixed,1GGR,B,no_gap,structures/exp_pdb_repaired_215/163-1GGR.pdb,structures/final_581/163.pdb,nan,A-high_confidence_exp,0.0,R0_no_gap,0.0,ok,ok,pending,pending,pending,1,85,False,ok
164,esm_pred,,,,structures/esmfold_581/164.pdb,structures/final_581/164.pdb,structures/af2_581/164.pdb,P-predicted_no_exp_PDB,,nan,,ok,ok,pending,pending,pending,1,579,False,ok
165,esm_pred,,,,structures/esmfold_581/165.pdb,structures/final_581/165.pdb,structures/af2_581/165.pdb,P-predicted_no_exp_PDB,,nan,,ok,ok_tailfix,pending,pending,pending,1,989,False,ok
166,esm_pred,,,,structures/esmfold_581/166.pdb,structures/final_581/166.pdb,structures/af2_581/166.pdb,P-predicted_no_exp_PDB,,nan,,ok,ok,pending,pending,pending,1,366,False,ok
167,esm_pred,,,,structures/esmfold_581/167.pdb,structures/final_581/167.pdb,structures/af2_581/167.pdb,P-predicted_no_exp_PDB,,nan,,ok,ok,pending,pending,pending,1,144,False,ok
168,exp_fixed,2B4Z,A,no_gap,structures/exp_pdb_repaired_215/168-2B4Z.pdb,structures/final_581/168.pdb,nan,A-high_confidence_exp,0.0,R0_no_gap,0.0,ok,ok,pending,pending,pending,1,104,False,ok
169,esm_pred,,,,structures/esmfold_581/169.pdb,structures/final_581/169.pdb,structures/af2_581/169.pdb,P-predicted_no_exp_PDB,,nan,,ok,ok,pending,pending,pending,1,528,False,ok
170,esm_pred,,,,structures/esmfold_581/170.pdb,structures/final_581/170.pdb,structures/af2_581/170.pdb,P-predicted_no_exp_PDB,,nan,,ok,ok,pending,pending,pending,1,816,False,ok
171,esm_pred,,,,structures/esmfold_581/171.pdb,structures/final_581/171.pdb,structures/af2_581/171.pdb,P-predicted_no_exp_PDB,,nan,,ok,ok,pending,pending,pending,1,387,False,ok
172,exp_fixed,8KIE,y,no_gap,structures/exp_pdb_repaired_215/172-8KIE.pdb,structures/final_581/172.pdb,nan,C-limited_exp_caution,0.0,R0_no_gap,0.0,ok,ok,pending,pending,pending,1,363,False,ok
173,esm_pred,,,,structures/esmfold_581/173.pdb,structures/final_581/173.pdb,structures/af2_581/173.pdb,P-predicted_no_exp_PDB,,nan,,ok,ok,pending,pending,pending,1,350,False,ok
174,esm_pred,,,,structures/esmfold_581/174.pdb,structures/final_581/174.pdb,structures/af2_581/174.pdb,P-predicted_no_exp_PDB,,nan,,ok,ok,pending,pending,pending,1,371,False,ok
175,exp_fixed,1MBU,C,no_valid_segment(signal_peptide/propeptide/tag_not_filled),structures/exp_pdb_repaired_215/175-1MBU.pdb,structures/final_581/175.pdb,nan,C-limited_exp_caution,20.0,R2_medium_gap(16-30) | gap_site_fallback_pKa+gap_sensitivity_annotation(optional_full_seq_prediction_dual_track),0.2368,ok,ok,pending,pending,pending,1,86,False,ok
176,exp_fixed,6GYZ,A,no_valid_segment(signal_peptide/propeptide/tag_not_filled),structures/exp_pdb_repaired_215/176-6GYZ.pdb,structures/final_581/176.pdb,nan,B-trusted_exp_annotated,2.0,R1_small_gap_fill_atoms+fallback_model_pKa,0.0142,ok,ok,pending,pending,pending,1,447,False,ok
177,exp_fixed,4JBW,M,no_valid_segment(signal_peptide/propeptide/tag_not_filled),structures/exp_pdb_repaired_215/177-4JBW.pdb,structures/final_581/177.pdb,nan,C-limited_exp_caution,19.0,R2_medium_gap(16-30) | gap_site_fallback_pKa+gap_sensitivity_annotation(optional_full_seq_prediction_dual_track),0.1538,ok,ok,pending,pending,pending,1,150,False,ok
178,esm_pred,,,,structures/esmfold_581/178.pdb,structures/final_581/178.pdb,structures/af2_581/178.pdb,P-predicted_no_exp_PDB,,nan,,ok,ok,pending,pending,pending,1,415,False,ok
179,esm_pred,,,,structures/esmfold_581/179.pdb,structures/final_581/179.pdb,structures/af2_581/179.pdb,P-predicted_no_exp_PDB,,nan,,ok,ok,pending,pending,pending,1,277,False,ok
180,esm_pred,,,,structures/esmfold_581/180.pdb,structures/final_581/180.pdb,structures/af2_581/180.pdb,P-predicted_no_exp_PDB,,nan,,ok,ok,pending,pending,pending,1,59,False,ok
181,esm_pred,,,,structures/esmfold_581/181.pdb,structures/final_581/181.pdb,structures/af2_581/181.pdb,P-predicted_no_exp_PDB,,nan,,ok,ok,pending,pending,pending,1,494,False,ok
182,exp_fixed,1KJX,A,no_valid_segment(signal_peptide/propeptide/tag_not_filled),structures/exp_pdb_repaired_215/182-1KJX.pdb,structures/final_581/182.pdb,nan,A-high_confidence_exp,1.0,R1_small_gap_fill_atoms+fallback_model_pKa,0.0,ok,ok,pending,pending,pending,1,431,False,ok
183,esm_pred,,,,structures/esmfold_581/183.pdb,structures/final_581/183.pdb,structures/af2_581/183.pdb,P-predicted_no_exp_PDB,,nan,,ok,ok,pending,pending,pending,1,705,False,ok
184,esm_pred,,,,structures/esmfold_581/184.pdb,structures/final_581/184.pdb,structures/af2_581/184.pdb,P-predicted_no_exp_PDB,,nan,,ok,ok,pending,pending,pending,1,533,False,ok
185,esm_pred,,,,structures/esmfold_581/185.pdb,structures/final_581/185.pdb,structures/af2_581/185.pdb,P-predicted_no_exp_PDB,,nan,,ok,ok,pending,pending,pending,1,512,False,ok
186,esm_pred,,,,structures/esmfold_581/186.pdb,structures/final_581/186.pdb,structures/af2_581/186.pdb,P-predicted_no_exp_PDB,,nan,,ok,ok,pending,pending,pending,1,331,False,ok
187,esm_pred,,,,structures/esmfold_581/187.pdb,structures/final_581/187.pdb,structures/af2_581/187.pdb,P-predicted_no_exp_PDB,,nan,,ok,ok,pending,pending,pending,1,265,False,ok
188,exp_fixed,1AVA,C,no_gap,structures/exp_pdb_repaired_215/188-1AVA.pdb,structures/final_581/188.pdb,nan,B-trusted_exp_annotated,0.0,R0_no_gap,0.0,ok,ok,pending,pending,pending,1,181,False,ok
189,exp_fixed,1CL0,A,no_valid_segment(signal_peptide/propeptide/tag_not_filled),structures/exp_pdb_repaired_215/189-1CL0.pdb,structures/final_581/189.pdb,nan,A-high_confidence_exp,3.0,R1_small_gap_fill_atoms+fallback_model_pKa,0.022,ok,ok,pending,pending,pending,1,317,False,ok
190,esm_pred,,,,structures/esmfold_581/190.pdb,structures/final_581/190.pdb,structures/af2_581/190.pdb,P-predicted_no_exp_PDB,,nan,,ok,ok,pending,pending,pending,1,362,False,ok
191,esm_pred,,,,structures/esmfold_581/191.pdb,structures/final_581/191.pdb,structures/af2_581/191.pdb,P-predicted_no_exp_PDB,,nan,,ok,ok,pending,pending,pending,1,875,False,ok
192,exp_fixed,2Z0I,A,no_valid_segment(signal_peptide/propeptide/tag_not_filled),structures/exp_pdb_repaired_215/192-2Z0I.pdb,structures/final_581/192.pdb,nan,C-limited_exp_caution,18.0,R2_medium_gap(16-30) | gap_site_fallback_pKa+gap_sensitivity_annotation(optional_full_seq_prediction_dual_track),0.1895,ok,ok,pending,pending,pending,1,274,False,ok
193,esm_pred,,,,structures/esmfold_581/193.pdb,structures/final_581/193.pdb,structures/af2_581/193.pdb,P-predicted_no_exp_PDB,,nan,,ok,ok,pending,pending,pending,1,424,False,ok
194,exp_fixed,6IB7,A,no_valid_segment(signal_peptide/propeptide/tag_not_filled),structures/exp_pdb_repaired_215/194-6IB7.pdb,structures/final_581/194.pdb,nan,B-trusted_exp_annotated,9.0,R1_small_gap_fill_atoms+fallback_model_pKa,0.0658,ok,ok,pending,pending,pending,1,257,False,ok
195,exp_fixed,4TPK,A,not_filled_gt30_dual_track,structures/exp_pdb_repaired_215/195-4TPK.pdb,structures/final_581/195.pdb,nan,C-limited_exp_caution,44.0,"R3_long_gap(31-100) | forced_dual_track_pI(exp+fallback vs full_seq_ESMFold_pred,no_fragment_grafting) + predicted_gap_medium_confidence,dual_track_diff_reported_as_uncertainty",0.1605,ok,ok,pending,pending,pending,1,528,False,ok
196,exp_filled,5HEX,B,OK,structures/exp_pdb_filled_pdbfixer/196-5HEX.pdb,structures/final_581/196.pdb,nan,B-trusted_exp_annotated,6.0,R1_small_gap_fill_atoms+fallback_model_pKa,0.0096,ok,ok,pending,pending,pending,1,897,False,ok
197,exp_filled,7CWV,D,OK,structures/exp_pdb_filled_pdbfixer/197-7CWV.pdb,structures/final_581/197.pdb,nan,A-high_confidence_exp,1.0,R1_small_gap_fill_atoms+fallback_model_pKa,0.0059,ok,ok,pending,pending,pending,1,496,False,ok
198,exp_filled,1EQ2,D,OK,structures/exp_pdb_filled_pdbfixer/198-1EQ2.pdb,structures/final_581/198.pdb,nan,B-trusted_exp_annotated,3.0,R1_small_gap_fill_atoms+fallback_model_pKa,0.0202,ok,ok,pending,pending,pending,1,310,False,ok
199,exp_fixed,3TZ0,A,not_filled_gt30_dual_track,structures/exp_pdb_repaired_215/199-3TZ0.pdb,structures/final_581/199.pdb,nan,C-limited_exp_caution,67.0,"R3_long_gap(31-100) | forced_dual_track_pI(exp+fallback vs full_seq_ESMFold_pred,no_fragment_grafting) + predicted_gap_medium_confidence,dual_track_diff_reported_as_uncertainty",0.2015,ok,ok,pending,pending,pending,1,302,False,ok
200,esm_pred,,,,structures/esmfold_581/200.pdb,structures/final_581/200.pdb,structures/af2_581/200.pdb,P-predicted_no_exp_PDB,,nan,,ok,ok,pending,pending,pending,1,224,False,ok
201,esm_pred,,,,structures/esmfold_581/201.pdb,structures/final_581/201.pdb,structures/af2_581/201.pdb,P-predicted_no_exp_PDB,,nan,,ok,ok,pending,pending,pending,1,609,False,ok
202,exp_fixed,2ERO,A,no_valid_segment(signal_peptide/propeptide/tag_not_filled),structures/exp_pdb_repaired_215/202-2ERO.pdb,structures/final_581/202.pdb,nan,C-limited_exp_caution,1.0,R1_small_gap_fill_atoms+fallback_model_pKa,0.0,ok,ok,pending,pending,pending,1,426,False,ok
203,exp_fixed,1BRU,P,no_gap,structures/exp_pdb_repaired_215/203-1BRU.pdb,structures/final_581/203.pdb,nan,B-trusted_exp_annotated,0.0,R0_no_gap,0.0,ok,ok,pending,pending,pending,1,241,False,ok
204,esm_pred,,,,structures/esmfold_581/204.pdb,structures/final_581/204.pdb,structures/af2_581/204.pdb,P-predicted_no_exp_PDB,,nan,,ok,ok,pending,pending,pending,1,190,False,ok
205,exp_fixed,1NEK,C,no_gap,structures/exp_pdb_repaired_215/205-1NEK.pdb,structures/final_581/205.pdb,nan,A-high_confidence_exp,0.0,R0_no_gap,0.0,ok,ok,pending,pending,pending,1,129,False,ok
206,exp_fixed,9QID,A,no_valid_segment(signal_peptide/propeptide/tag_not_filled),structures/exp_pdb_repaired_215/206-9QID.pdb,structures/final_581/206.pdb,nan,C-limited_exp_caution,25.0,R2_medium_gap(16-30) | gap_site_fallback_pKa+gap_sensitivity_annotation(optional_full_seq_prediction_dual_track),0.0531,ok,ok,pending,pending,pending,1,605,False,ok
207,esm_pred,,,,structures/esmfold_581/207.pdb,structures/final_581/207.pdb,structures/af2_581/207.pdb,P-predicted_no_exp_PDB,,nan,,ok,ok,pending,pending,pending,1,465,False,ok
208,esm_pred,,,,structures/esmfold_581/208.pdb,structures/final_581/208.pdb,structures/af2_581/208.pdb,P-predicted_no_exp_PDB,,nan,,ok,ok,pending,pending,pending,1,259,False,ok
209,exp_fixed,3K2S,A,no_gap,structures/exp_pdb_repaired_215/209-3K2S.pdb,structures/final_581/209.pdb,nan,B-trusted_exp_annotated,0.0,R0_no_gap,0.0,ok,ok,pending,pending,pending,1,243,False,ok
210,exp_filled,1DKL,A,OK_close_contacts_present,structures/exp_pdb_filled_pdbfixer/210-1DKL.pdb,structures/final_581/210.pdb,nan,C-limited_exp_caution,5.0,R1_small_gap_fill_atoms+fallback_model_pKa,0.0412,ok,ok,pending,pending,pending,1,409,False,ok
211,exp_fixed,1C46,A,no_gap,structures/exp_pdb_repaired_215/211-1C46.pdb,structures/final_581/211.pdb,nan,B-trusted_exp_annotated,0.0,R0_no_gap,0.0,ok,ok,pending,pending,pending,1,131,False,ok
212,exp_fixed,3MND,A,no_gap,structures/exp_pdb_repaired_215/212-3MND.pdb,structures/final_581/212.pdb,nan,A-high_confidence_exp,0.0,R0_no_gap,0.0,ok,ok,pending,pending,pending,1,152,False,ok
213,exp_fixed,5JNM,A,no_gap,structures/exp_pdb_repaired_215/213-5JNM.pdb,structures/final_581/213.pdb,nan,B-trusted_exp_annotated,0.0,R0_no_gap,0.0,ok,ok,pending,pending,pending,1,373,False,ok
214,exp_fixed,6NKQ,B,no_valid_segment(signal_peptide/propeptide/tag_not_filled),structures/exp_pdb_repaired_215/214-6NKQ.pdb,structures/final_581/214.pdb,nan,B-trusted_exp_annotated,17.0,R2_medium_gap(16-30) | gap_site_fallback_pKa+gap_sensitivity_annotation(optional_full_seq_prediction_dual_track),0.0517,ok,ok,pending,pending,pending,1,160,False,ok
215,esm_pred,,,,structures/esmfold_581/215.pdb,structures/final_581/215.pdb,structures/af2_581/215.pdb,P-predicted_no_exp_PDB,,nan,,ok,ok,pending,pending,pending,1,458,False,ok
216,esm_pred,,,,structures/esmfold_581/216.pdb,structures/final_581/216.pdb,structures/af2_581/216.pdb,P-predicted_no_exp_PDB,,nan,,ok,ok,pending,pending,pending,1,313,False,ok
217,esm_pred,,,,structures/esmfold_581/217.pdb,structures/final_581/217.pdb,structures/af2_581/217.pdb,P-predicted_no_exp_PDB,,nan,,ok,ok,pending,pending,pending,1,530,False,ok
218,exp_filled,4YT3,A,OK,structures/exp_pdb_filled_pdbfixer/218-4YT3.pdb,structures/final_581/218.pdb,nan,C-limited_exp_caution,14.0,R1_small_gap_fill_atoms+fallback_model_pKa,0.0704,ok,ok,pending,pending,pending,1,407,False,ok
219,esm_pred,,,,structures/esmfold_581/219.pdb,structures/final_581/219.pdb,structures/af2_581/219.pdb,P-predicted_no_exp_PDB,,nan,,ok,ok,pending,pending,pending,1,288,False,ok
220,esm_pred,,,,structures/esmfold_581/220.pdb,structures/final_581/220.pdb,structures/af2_581/220.pdb,P-predicted_no_exp_PDB,,nan,,ok,ok,pending,pending,pending,1,300,False,ok
221,esm_pred,,,,structures/esmfold_581/221.pdb,structures/final_581/221.pdb,structures/af2_581/221.pdb,P-predicted_no_exp_PDB,,nan,,ok,ok,pending,pending,pending,1,396,False,ok
222,esm_pred,,,,structures/esmfold_581/222.pdb,structures/final_581/222.pdb,structures/af2_581/222.pdb,P-predicted_no_exp_PDB,,nan,,ok,ok,pending,pending,pending,1,487,False,ok
223,esm_pred,,,,structures/esmfold_581/223.pdb,structures/final_581/223.pdb,structures/af2_581/223.pdb,P-predicted_no_exp_PDB,,nan,,ok,ok,pending,pending,pending,1,633,False,ok
224,esm_pred,,,,structures/esmfold_581/224.pdb,structures/final_581/224.pdb,structures/af2_581/224.pdb,P-predicted_no_exp_PDB,,nan,,ok,ok,pending,pending,pending,1,518,False,ok
225,exp_fixed,7ARM,A,no_valid_segment(signal_peptide/propeptide/tag_not_filled),structures/exp_pdb_repaired_215/225-7ARM.pdb,structures/final_581/225.pdb,nan,B-trusted_exp_annotated,2.0,R1_small_gap_fill_atoms+fallback_model_pKa,0.0,ok,ok,pending,pending,pending,1,182,False,ok
226,exp_filled,1OY1,A,OK_close_contacts_present,structures/exp_pdb_filled_pdbfixer/226-1OY1.pdb,structures/final_581/226.pdb,nan,B-trusted_exp_annotated,2.0,R1_small_gap_fill_atoms+fallback_model_pKa,0.0,ok,ok,pending,pending,pending,1,216,False,ok
227,esm_pred,,,,structures/esmfold_581/227.pdb,structures/final_581/227.pdb,structures/af2_581/227.pdb,P-predicted_no_exp_PDB,,nan,,ok,ok,pending,pending,pending,1,877,False,ok
228,exp_fixed,1BLC,A,no_gap,structures/exp_pdb_repaired_215/228-1BLC.pdb,structures/final_581/228.pdb,nan,B-trusted_exp_annotated,0.0,R0_no_gap,0.0,ok,ok,pending,pending,pending,1,257,False,ok
229,exp_fixed,5NG5,F,not_filled_gt30_dual_track,structures/exp_pdb_repaired_215/229-5NG5.pdb,structures/final_581/229.pdb,nan,B-trusted_exp_annotated,43.0,"R3_long_gap(31-100) | forced_dual_track_pI(exp+fallback vs full_seq_ESMFold_pred,no_fragment_grafting) + predicted_gap_medium_confidence,dual_track_diff_reported_as_uncertainty",0.0826,ok,ok,pending,pending,pending,1,428,False,ok
230,esm_pred,,,,structures/esmfold_581/230.pdb,structures/final_581/230.pdb,structures/af2_581/230.pdb,P-predicted_no_exp_PDB,,nan,,ok,ok,pending,pending,pending,1,201,False,ok
231,exp_filled,4IEF,D,OK,structures/exp_pdb_filled_pdbfixer/231-4IEF.pdb,structures/final_581/231.pdb,nan,C-limited_exp_caution,8.0,R1_small_gap_fill_atoms+fallback_model_pKa,0.0242,ok,ok,pending,pending,pending,1,424,False,ok
232,exp_fixed,8KIC,C,not_filled_gt30_dual_track,structures/exp_pdb_repaired_215/232-8KIC.pdb,structures/final_581/232.pdb,nan,C-limited_exp_caution,94.0,"R3_long_gap(31-100) | forced_dual_track_pI(exp+fallback vs full_seq_ESMFold_pred,no_fragment_grafting) + predicted_gap_high_confidence,second_track_high_reference_value",0.3846,ok,ok,pending,pending,pending,1,300,False,ok
233,esm_pred,,,,structures/esmfold_581/233.pdb,structures/final_581/233.pdb,structures/af2_581/233.pdb,P-predicted_no_exp_PDB,,nan,,ok,ok,pending,pending,pending,1,260,False,ok
234,exp_filled,1ESF,A,OK,structures/exp_pdb_filled_pdbfixer/234-1ESF.pdb,structures/final_581/234.pdb,nan,C-limited_exp_caution,4.0,R1_small_gap_fill_atoms+fallback_model_pKa,0.022,ok,ok,pending,pending,pending,1,233,False,ok
235,exp_fixed,1J32,A,no_gap,structures/exp_pdb_repaired_215/235-1J32.pdb,structures/final_581/235.pdb,nan,A-high_confidence_exp,0.0,R0_no_gap,0.0,ok,ok,pending,pending,pending,1,388,False,ok
236,esm_pred,,,,structures/esmfold_581/236.pdb,structures/final_581/236.pdb,structures/af2_581/236.pdb,P-predicted_no_exp_PDB,,nan,,ok,ok,pending,pending,pending,1,266,False,ok
237,exp_filled,8FEI,A,OK_close_contacts_present,structures/exp_pdb_filled_pdbfixer/237-8FEI.pdb,structures/final_581/237.pdb,nan,B-trusted_exp_annotated,22.0,R2_medium_gap(16-30) | gap_site_fallback_pKa+gap_sensitivity_annotation(optional_full_seq_prediction_dual_track),0.0244,ok,ok,pending,pending,pending,1,683,False,ok
238,esm_pred,7QOT,C,,structures/esmfold_581/238.pdb,structures/final_581/238.pdb,structures/af2_581/238.pdb,D-exp_structure_rejected,,nan,,ok,ok,pending,pending,pending,1,644,False,ok
239,esm_pred,,,,structures/esmfold_581/239.pdb,structures/final_581/239.pdb,structures/af2_581/239.pdb,P-predicted_no_exp_PDB,,nan,,ok,ok,pending,pending,pending,1,102,False,ok
240,exp_fixed,5EOO,A,no_valid_segment(signal_peptide/propeptide/tag_not_filled),structures/exp_pdb_repaired_215/240-5EOO.pdb,structures/final_581/240.pdb,nan,B-trusted_exp_annotated,2.0,R1_small_gap_fill_atoms+fallback_model_pKa,0.0,ok,ok,pending,pending,pending,1,263,False,ok
241,esm_pred,,,,structures/esmfold_581/241.pdb,structures/final_581/241.pdb,structures/af2_581/241.pdb,P-predicted_no_exp_PDB,,nan,,ok,ok,pending,pending,pending,1,587,False,ok
242,esm_pred,,,,structures/esmfold_581/242.pdb,structures/final_581/242.pdb,structures/af2_581/242.pdb,P-predicted_no_exp_PDB,,nan,,ok,ok,pending,pending,pending,1,271,False,ok
243,esm_pred,,,,structures/esmfold_581/243.pdb,structures/final_581/243.pdb,structures/af2_581/243.pdb,P-predicted_no_exp_PDB,,nan,,ok,ok,pending,pending,pending,1,701,False,ok
244,esm_pred,,,,structures/esmfold_581/244.pdb,structures/final_581/244.pdb,structures/af2_581/244.pdb,P-predicted_no_exp_PDB,,nan,,ok,ok,pending,pending,pending,1,212,False,ok
245,exp_fixed,3OSU,A,no_gap,structures/exp_pdb_repaired_215/245-3OSU.pdb,structures/final_581/245.pdb,nan,B-trusted_exp_annotated,0.0,R0_no_gap,0.0,ok,ok,pending,pending,pending,1,236,False,ok
246,esm_pred,,,,structures/esmfold_581/246.pdb,structures/final_581/246.pdb,structures/af2_581/246.pdb,P-predicted_no_exp_PDB,,nan,,ok,ok,pending,pending,pending,1,333,False,ok
247,exp_fixed,1E3A,B,no_gap,structures/exp_pdb_repaired_215/247-1E3A.pdb,structures/final_581/247.pdb,nan,C-limited_exp_caution,0.0,R0_no_gap,0.0,ok,ok,pending,pending,pending,1,560,False,ok
248,esm_pred,,,,structures/esmfold_581/248.pdb,structures/final_581/248.pdb,structures/af2_581/248.pdb,P-predicted_no_exp_PDB,,nan,,ok,ok,pending,pending,pending,1,553,False,ok
249,esm_pred,,,,structures/esmfold_581/249.pdb,structures/final_581/249.pdb,structures/af2_581/249.pdb,P-predicted_no_exp_PDB,,nan,,ok,ok,pending,pending,pending,1,196,False,ok
250,exp_fixed,1TEV,A,no_valid_segment(signal_peptide/propeptide/tag_not_filled),structures/exp_pdb_repaired_215/250-1TEV.pdb,structures/final_581/250.pdb,nan,A-high_confidence_exp,2.0,R1_small_gap_fill_atoms+fallback_model_pKa,0.0135,ok,ok,pending,pending,pending,1,194,False,ok
251,esm_pred,,,,structures/esmfold_581/251.pdb,structures/final_581/251.pdb,structures/af2_581/251.pdb,P-predicted_no_exp_PDB,,nan,,ok,ok,pending,pending,pending,1,184,False,ok
252,esm_pred,,,,structures/esmfold_581/252.pdb,structures/final_581/252.pdb,structures/af2_581/252.pdb,P-predicted_no_exp_PDB,,nan,,ok,ok_tailfix,pending,pending,pending,1,1068,False,ok
253,esm_pred,,,,structures/esmfold_581/253.pdb,structures/final_581/253.pdb,structures/af2_581/253.pdb,P-predicted_no_exp_PDB,,nan,,ok,ok,pending,pending,pending,1,393,False,ok
254,exp_fixed,1VJS,A,no_valid_segment(signal_peptide/propeptide/tag_not_filled),structures/exp_pdb_repaired_215/254-1VJS.pdb,structures/final_581/254.pdb,nan,C-limited_exp_caution,11.0,R1_small_gap_fill_atoms+fallback_model_pKa,0.0233,ok,ok,pending,pending,pending,1,469,False,ok
255,esm_pred,,,,structures/esmfold_581/255.pdb,structures/final_581/255.pdb,structures/af2_581/255.pdb,P-predicted_no_exp_PDB,,nan,,ok,ok,pending,pending,pending,1,572,False,ok
256,esm_pred,1ARB,A,,structures/esmfold_581/256.pdb,structures/final_581/256.pdb,structures/af2_581/256.pdb,D-exp_structure_rejected,,nan,,ok,ok,pending,pending,pending,1,671,False,ok
257,exp_fixed,2C0Y,A,no_valid_segment(signal_peptide/propeptide/tag_not_filled),structures/exp_pdb_repaired_215/257-2C0Y.pdb,structures/final_581/257.pdb,nan,C-limited_exp_caution,6.0,R1_small_gap_fill_atoms+fallback_model_pKa,0.0171,ok,ok,pending,pending,pending,1,308,False,ok
258,exp_fixed,3GHG,B,not_filled_gt30_dual_track,structures/exp_pdb_repaired_215/258-3GHG.pdb,structures/final_581/258.pdb,nan,C-limited_exp_caution,57.0,"R3_long_gap(31-100) | forced_dual_track_pI(exp+fallback vs full_seq_ESMFold_pred,no_fragment_grafting) + predicted_gap_medium_confidence,dual_track_diff_reported_as_uncertainty",0.128,ok,ok,pending,pending,pending,1,401,False,ok
259,esm_pred,,,,structures/esmfold_581/259.pdb,structures/final_581/259.pdb,structures/af2_581/259.pdb,P-predicted_no_exp_PDB,,nan,,ok,ok,pending,pending,pending,1,501,False,ok
260,esm_pred,,,,structures/esmfold_581/260.pdb,structures/final_581/260.pdb,structures/af2_581/260.pdb,P-predicted_no_exp_PDB,,nan,,ok,ok,pending,pending,pending,1,375,False,ok
261,exp_fixed,1AIR,A,no_valid_segment(signal_peptide/propeptide/tag_not_filled),structures/exp_pdb_repaired_215/261-1AIR.pdb,structures/final_581/261.pdb,nan,B-trusted_exp_annotated,1.0,R1_small_gap_fill_atoms+fallback_model_pKa,0.011,ok,ok,pending,pending,pending,1,352,False,ok
262,esm_pred,,,,structures/esmfold_581/262.pdb,structures/final_581/262.pdb,structures/af2_581/262.pdb,P-predicted_no_exp_PDB,,nan,,ok,ok,pending,pending,pending,1,367,False,ok
263,esm_pred,,,,structures/esmfold_581/263.pdb,structures/final_581/263.pdb,structures/af2_581/263.pdb,P-predicted_no_exp_PDB,,nan,,ok,ok,pending,pending,pending,1,248,False,ok
264,esm_pred,,,,structures/esmfold_581/264.pdb,structures/final_581/264.pdb,structures/af2_581/264.pdb,P-predicted_no_exp_PDB,,nan,,ok,ok,pending,pending,pending,1,319,False,ok
265,exp_fixed,6PNW,A,no_gap,structures/exp_pdb_repaired_215/265-6PNW.pdb,structures/final_581/265.pdb,nan,C-limited_exp_caution,0.0,R0_no_gap,0.0,ok,ok,pending,pending,pending,1,62,False,ok
266,esm_pred,,,,structures/esmfold_581/266.pdb,structures/final_581/266.pdb,structures/af2_581/266.pdb,P-predicted_no_exp_PDB,,nan,,ok,ok,pending,pending,pending,1,434,False,ok
267,exp_fixed,9DVQ,A,no_valid_segment(signal_peptide/propeptide/tag_not_filled),structures/exp_pdb_repaired_215/267-9DVQ.pdb,structures/final_581/267.pdb,nan,B-trusted_exp_annotated,12.0,R1_small_gap_fill_atoms+fallback_model_pKa,0.0207,ok,ok,pending,pending,pending,1,719,False,ok
268,esm_pred,,,,structures/esmfold_581/268.pdb,structures/final_581/268.pdb,structures/af2_581/268.pdb,P-predicted_no_exp_PDB,,nan,,ok,ok,pending,pending,pending,1,252,False,ok
269,exp_fixed,1GSO,A,no_identifiable_gap,structures/exp_pdb_repaired_215/269-1GSO.pdb,structures/final_581/269.pdb,nan,B-trusted_exp_annotated,6.0,R1_small_gap_fill_atoms+fallback_model_pKa,0.0397,ok,ok,pending,pending,pending,1,417,False,ok
270,esm_pred,,,,structures/esmfold_581/270.pdb,structures/final_581/270.pdb,structures/af2_581/270.pdb,P-predicted_no_exp_PDB,,nan,,ok,ok,pending,pending,pending,1,385,False,ok
271,exp_fixed,3VO8,A,not_filled_gt30_dual_track,structures/exp_pdb_repaired_215/271-3VO8.pdb,structures/final_581/271.pdb,nan,C-limited_exp_caution,74.0,"R3_long_gap(31-100) | forced_dual_track_pI(exp+fallback vs full_seq_ESMFold_pred,no_fragment_grafting) + predicted_gap_medium_confidence,dual_track_diff_reported_as_uncertainty",0.3053,ok,ok,pending,pending,pending,1,305,False,ok
272,exp_fixed,9I6F,E,not_filled_gt30_dual_track,structures/exp_pdb_repaired_215/272-9I6F.pdb,structures/final_581/272.pdb,nan,C-limited_exp_caution,45.0,"R3_long_gap(31-100) | forced_dual_track_pI(exp+fallback vs full_seq_ESMFold_pred,no_fragment_grafting) + both_source_gaps_low_confidence,reported_as_intrinsic_disorder/unmodelable_region",0.2308,ok,ok,pending,pending,pending,1,105,False,ok
273,esm_pred,,,,structures/esmfold_581/273.pdb,structures/final_581/273.pdb,structures/af2_581/273.pdb,P-predicted_no_exp_PDB,,nan,,ok,ok,pending,pending,pending,1,634,False,ok
274,esm_pred,,,,structures/esmfold_581/274.pdb,structures/final_581/274.pdb,structures/af2_581/274.pdb,P-predicted_no_exp_PDB,,nan,,ok,ok,pending,pending,pending,1,338,False,ok
275,exp_filled,1IHO,A,OK,structures/exp_pdb_filled_pdbfixer/275-1IHO.pdb,structures/final_581/275.pdb,nan,A-high_confidence_exp,1.0,R1_small_gap_fill_atoms+fallback_model_pKa,0.0,ok,ok,pending,pending,pending,1,283,False,ok
276,esm_pred,,,,structures/esmfold_581/276.pdb,structures/final_581/276.pdb,structures/af2_581/276.pdb,P-predicted_no_exp_PDB,,nan,,ok,ok,pending,pending,pending,1,327,False,ok
277,exp_filled,4IED,C,OK_close_contacts_present,structures/exp_pdb_filled_pdbfixer/277-4IED.pdb,structures/final_581/277.pdb,nan,B-trusted_exp_annotated,7.0,R1_small_gap_fill_atoms+fallback_model_pKa,0.0,ok,ok,pending,pending,pending,1,247,False,ok
278,exp_fixed,3V9G,A,no_valid_segment(signal_peptide/propeptide/tag_not_filled),structures/exp_pdb_repaired_215/278-3V9G.pdb,structures/final_581/278.pdb,nan,B-trusted_exp_annotated,5.0,R1_small_gap_fill_atoms+fallback_model_pKa,0.0,ok,ok,pending,pending,pending,1,541,False,ok
279,esm_pred,,,,structures/esmfold_581/279.pdb,structures/final_581/279.pdb,structures/af2_581/279.pdb,P-predicted_no_exp_PDB,,nan,,ok,ok,pending,pending,pending,1,561,False,ok
280,esm_pred,,,,structures/esmfold_581/280.pdb,structures/final_581/280.pdb,structures/af2_581/280.pdb,P-predicted_no_exp_PDB,,nan,,ok,ok,pending,pending,pending,1,416,False,ok
281,esm_pred,,,,structures/esmfold_581/281.pdb,structures/final_581/281.pdb,structures/af2_581/281.pdb,P-predicted_no_exp_PDB,,nan,,ok,ok,pending,pending,pending,1,1098,False,ok
282,esm_pred,8KEW,F,,structures/esmfold_581/282.pdb,structures/final_581/282.pdb,structures/af2_581/282.pdb,D-exp_structure_rejected,,nan,,ok,ok,pending,pending,pending,1,770,False,ok
283,exp_fixed,2VAT,A,not_filled_gt30_dual_track,structures/exp_pdb_repaired_215/283-2VAT.pdb,structures/final_581/283.pdb,nan,C-limited_exp_caution,65.0,"R3_long_gap(31-100) | forced_dual_track_pI(exp+fallback vs full_seq_ESMFold_pred,no_fragment_grafting) + predicted_gap_medium_confidence,dual_track_diff_reported_as_uncertainty",0.1473,ok,ok,pending,pending,pending,1,347,False,ok
284,esm_pred,,,,structures/esmfold_581/284.pdb,structures/final_581/284.pdb,structures/af2_581/284.pdb,P-predicted_no_exp_PDB,,nan,,ok,ok,pending,pending,pending,1,496,False,ok
285,esm_pred,,,,structures/esmfold_581/285.pdb,structures/final_581/285.pdb,structures/af2_581/285.pdb,P-predicted_no_exp_PDB,,nan,,ok,ok,pending,pending,pending,1,532,False,ok
286,esm_pred,,,,structures/esmfold_581/286.pdb,structures/final_581/286.pdb,structures/af2_581/286.pdb,P-predicted_no_exp_PDB,,nan,,ok,ok,pending,pending,pending,1,519,False,ok
287,esm_pred,,,,structures/esmfold_581/287.pdb,structures/final_581/287.pdb,structures/af2_581/287.pdb,P-predicted_no_exp_PDB,,nan,,ok,ok,pending,pending,pending,1,519,False,ok
288,esm_pred,,,,structures/esmfold_581/288.pdb,structures/final_581/288.pdb,structures/af2_581/288.pdb,P-predicted_no_exp_PDB,,nan,,ok,ok,pending,pending,pending,1,148,False,ok
289,exp_filled,1Q9H,A,OK_close_contacts_present,structures/exp_pdb_filled_pdbfixer/289-1Q9H.pdb,structures/final_581/289.pdb,nan,C-limited_exp_caution,5.0,R1_small_gap_fill_atoms+fallback_model_pKa,0.0,ok,ok,pending,pending,pending,1,434,False,ok
290,esm_pred,,,,structures/esmfold_581/290.pdb,structures/final_581/290.pdb,structures/af2_581/290.pdb,P-predicted_no_exp_PDB,,nan,,ok,ok,pending,pending,pending,1,572,False,ok
291,exp_filled,1KVK,A,OK_close_contacts_present,structures/exp_pdb_filled_pdbfixer/291-1KVK.pdb,structures/final_581/291.pdb,nan,B-trusted_exp_annotated,16.0,R2_medium_gap(16-30) | gap_site_fallback_pKa+gap_sensitivity_annotation(optional_full_seq_prediction_dual_track),0.0309,ok,ok,pending,pending,pending,1,395,False,ok
292,esm_pred,,,,structures/esmfold_581/292.pdb,structures/final_581/292.pdb,structures/af2_581/292.pdb,P-predicted_no_exp_PDB,,nan,,ok,ok,pending,pending,pending,1,439,False,ok
293,esm_pred,,,,structures/esmfold_581/293.pdb,structures/final_581/293.pdb,structures/af2_581/293.pdb,P-predicted_no_exp_PDB,,nan,,ok,ok,pending,pending,pending,1,166,False,ok
294,esm_pred,,,,structures/esmfold_581/294.pdb,structures/final_581/294.pdb,structures/af2_581/294.pdb,P-predicted_no_exp_PDB,,nan,,ok,ok,pending,pending,pending,1,330,False,ok
295,esm_pred,,,,structures/esmfold_581/295.pdb,structures/final_581/295.pdb,structures/af2_581/295.pdb,P-predicted_no_exp_PDB,,nan,,ok,ok,pending,pending,pending,1,354,False,ok
296,esm_pred,,,,structures/esmfold_581/296.pdb,structures/final_581/296.pdb,structures/af2_581/296.pdb,P-predicted_no_exp_PDB,,nan,,ok,ok,pending,pending,pending,1,222,False,ok
297,esm_pred,,,,structures/esmfold_581/297.pdb,structures/final_581/297.pdb,structures/af2_581/297.pdb,P-predicted_no_exp_PDB,,nan,,ok,ok,pending,pending,pending,1,334,False,ok
298,exp_fixed,4D6T,R,not_filled_gt30_dual_track,structures/exp_pdb_repaired_215/298-4D6T.pdb,structures/final_581/298.pdb,nan,C-limited_exp_caution,78.0,"R3_long_gap(31-100) | forced_dual_track_pI(exp+fallback vs full_seq_ESMFold_pred,no_fragment_grafting) + predicted_gap_medium_confidence,dual_track_diff_reported_as_uncertainty",0.1728,ok,ok,pending,pending,pending,1,196,False,ok
299,esm_pred,,,,structures/esmfold_581/299.pdb,structures/final_581/299.pdb,structures/af2_581/299.pdb,P-predicted_no_exp_PDB,,nan,,ok,ok,pending,pending,pending,1,553,False,ok
300,exp_fixed,1LM4,A,no_gap,structures/exp_pdb_repaired_215/300-1LM4.pdb,structures/final_581/300.pdb,nan,B-trusted_exp_annotated,0.0,R0_no_gap,0.0,ok,ok,pending,pending,pending,1,182,False,ok
301,esm_pred,,,,structures/esmfold_581/301.pdb,structures/final_581/301.pdb,structures/af2_581/301.pdb,P-predicted_no_exp_PDB,,nan,,ok,ok,pending,pending,pending,1,430,False,ok
302,exp_fixed,1TXK,B,no_identifiable_gap,structures/exp_pdb_repaired_215/302-1TXK.pdb,structures/final_581/302.pdb,nan,C-limited_exp_caution,4.0,R1_small_gap_fill_atoms+fallback_model_pKa,0.0129,ok,ok,pending,pending,pending,1,476,False,ok
303,esm_pred,,,,structures/esmfold_581/303.pdb,structures/final_581/303.pdb,structures/af2_581/303.pdb,P-predicted_no_exp_PDB,,nan,,ok,ok,pending,pending,pending,1,270,False,ok
304,esm_pred,,,,structures/esmfold_581/304.pdb,structures/final_581/304.pdb,structures/af2_581/304.pdb,P-predicted_no_exp_PDB,,nan,,ok,ok,pending,pending,pending,1,393,False,ok
305,exp_fixed,2DG0,A,no_gap,structures/exp_pdb_repaired_215/305-2DG0.pdb,structures/final_581/305.pdb,nan,B-trusted_exp_annotated,0.0,R0_no_gap,0.0,ok,ok,pending,pending,pending,1,316,False,ok
306,esm_pred,,,,structures/esmfold_581/306.pdb,structures/final_581/306.pdb,structures/af2_581/306.pdb,P-predicted_no_exp_PDB,,nan,,ok,ok,pending,pending,pending,1,416,False,ok
307,exp_fixed,1B2M,A,no_gap,structures/exp_pdb_repaired_215/307-1B2M.pdb,structures/final_581/307.pdb,nan,B-trusted_exp_annotated,0.0,R0_no_gap,0.0,ok,ok,pending,pending,pending,1,104,False,ok
308,esm_pred,,,,structures/esmfold_581/308.pdb,structures/final_581/308.pdb,structures/af2_581/308.pdb,P-predicted_no_exp_PDB,,nan,,ok,ok,pending,pending,pending,1,251,False,ok
309,esm_pred,,,,structures/esmfold_581/309.pdb,structures/final_581/309.pdb,structures/af2_581/309.pdb,P-predicted_no_exp_PDB,,nan,,ok,ok,pending,pending,pending,1,127,False,ok
310,exp_filled,1GHE,B,OK,structures/exp_pdb_filled_pdbfixer/310-1GHE.pdb,structures/final_581/310.pdb,nan,C-limited_exp_caution,4.0,R1_small_gap_fill_atoms+fallback_model_pKa,0.0,ok,ok,pending,pending,pending,1,171,False,ok
311,esm_pred,,,,structures/esmfold_581/311.pdb,structures/final_581/311.pdb,structures/af2_581/311.pdb,P-predicted_no_exp_PDB,,nan,,ok,ok,pending,pending,pending,1,215,False,ok
312,esm_pred,,,,structures/esmfold_581/312.pdb,structures/final_581/312.pdb,structures/af2_581/312.pdb,P-predicted_no_exp_PDB,,nan,,ok,ok,pending,pending,pending,1,389,False,ok
313,esm_pred,,,,structures/esmfold_581/313.pdb,structures/final_581/313.pdb,structures/af2_581/313.pdb,P-predicted_no_exp_PDB,,nan,,ok,ok,pending,pending,pending,1,669,False,ok
314,exp_filled,4OBY,A,OK_close_contacts_present,structures/exp_pdb_filled_pdbfixer/314-4OBY.pdb,structures/final_581/314.pdb,nan,B-trusted_exp_annotated,10.0,R1_small_gap_fill_atoms+fallback_model_pKa,0.0263,ok,ok,pending,pending,pending,1,577,False,ok
315,esm_pred,,,,structures/esmfold_581/315.pdb,structures/final_581/315.pdb,structures/af2_581/315.pdb,P-predicted_no_exp_PDB,,nan,,ok,ok,pending,pending,pending,1,296,False,ok
316,exp_fixed,1GLG,A,no_gap,structures/exp_pdb_repaired_215/316-1GLG.pdb,structures/final_581/316.pdb,nan,B-trusted_exp_annotated,0.0,R0_no_gap,0.0,ok,ok,pending,pending,pending,1,309,False,ok
317,esm_pred,,,,structures/esmfold_581/317.pdb,structures/final_581/317.pdb,structures/af2_581/317.pdb,P-predicted_no_exp_PDB,,nan,,ok,ok,pending,pending,pending,1,275,False,ok
318,esm_pred,,,,structures/esmfold_581/318.pdb,structures/final_581/318.pdb,structures/af2_581/318.pdb,P-predicted_no_exp_PDB,,nan,,ok,ok,pending,pending,pending,1,329,False,ok
319,exp_filled,9NSW,A,OK_close_contacts_present,structures/exp_pdb_filled_pdbfixer/319-9NSW.pdb,structures/final_581/319.pdb,nan,C-limited_exp_caution,26.0,R2_medium_gap(16-30) | gap_site_fallback_pKa+gap_sensitivity_annotation(optional_full_seq_prediction_dual_track),0.0857,ok,ok,pending,pending,pending,1,247,False,ok
320,exp_fixed,1JKJ,B,no_gap,structures/exp_pdb_repaired_215/320-1JKJ.pdb,structures/final_581/320.pdb,nan,A-high_confidence_exp,0.0,R0_no_gap,0.0,ok,ok,pending,pending,pending,1,388,False,ok
321,exp_fixed,1URP,A,no_gap,structures/exp_pdb_repaired_215/321-1URP.pdb,structures/final_581/321.pdb,nan,B-trusted_exp_annotated,0.0,R0_no_gap,0.0,ok,ok,pending,pending,pending,1,271,False,ok
322,esm_pred,,,,structures/esmfold_581/322.pdb,structures/final_581/322.pdb,structures/af2_581/322.pdb,P-predicted_no_exp_PDB,,nan,,ok,ok,pending,pending,pending,1,701,False,ok
323,esm_pred,,,,structures/esmfold_581/323.pdb,structures/final_581/323.pdb,structures/af2_581/323.pdb,P-predicted_no_exp_PDB,,nan,,ok,ok,pending,pending,pending,1,588,False,ok
324,esm_pred,,,,structures/esmfold_581/324.pdb,structures/final_581/324.pdb,structures/af2_581/324.pdb,P-predicted_no_exp_PDB,,nan,,ok,ok,pending,pending,pending,1,574,False,ok
325,esm_pred,,,,structures/esmfold_581/325.pdb,structures/final_581/325.pdb,structures/af2_581/325.pdb,P-predicted_no_exp_PDB,,nan,,ok,ok,pending,pending,pending,1,156,False,ok
326,esm_pred,,,,structures/esmfold_581/326.pdb,structures/final_581/326.pdb,structures/af2_581/326.pdb,P-predicted_no_exp_PDB,,nan,,ok,ok,pending,pending,pending,1,144,False,ok
327,exp_fixed,2YGT,A,no_valid_segment(signal_peptide/propeptide/tag_not_filled),structures/exp_pdb_repaired_215/327-2YGT.pdb,structures/final_581/327.pdb,nan,B-trusted_exp_annotated,8.0,R1_small_gap_fill_atoms+fallback_model_pKa,0.037,ok,ok,pending,pending,pending,1,282,False,ok
328,esm_pred,,,,structures/esmfold_581/328.pdb,structures/final_581/328.pdb,structures/af2_581/328.pdb,P-predicted_no_exp_PDB,,nan,,ok,ok,pending,pending,pending,1,68,False,ok
329,esm_pred,,,,structures/esmfold_581/329.pdb,structures/final_581/329.pdb,structures/af2_581/329.pdb,P-predicted_no_exp_PDB,,nan,,ok,ok,pending,pending,pending,1,195,False,ok
330,exp_filled,3N75,A,OK,structures/exp_pdb_filled_pdbfixer/330-3N75.pdb,structures/final_581/330.pdb,nan,A-high_confidence_exp,4.0,R1_small_gap_fill_atoms+fallback_model_pKa,0.0133,ok,ok,pending,pending,pending,1,715,False,ok
331,esm_pred,,,,structures/esmfold_581/331.pdb,structures/final_581/331.pdb,structures/af2_581/331.pdb,P-predicted_no_exp_PDB,,nan,,ok,ok,pending,pending,pending,1,672,False,ok
332,esm_pred,,,,structures/esmfold_581/332.pdb,structures/final_581/332.pdb,structures/af2_581/332.pdb,P-predicted_no_exp_PDB,,nan,,ok,ok,pending,pending,pending,1,331,False,ok
333,esm_pred,,,,structures/esmfold_581/333.pdb,structures/final_581/333.pdb,structures/af2_581/333.pdb,P-predicted_no_exp_PDB,,nan,,ok,ok,pending,pending,pending,1,408,False,ok
334,esm_pred,,,,structures/esmfold_581/334.pdb,structures/final_581/334.pdb,structures/af2_581/334.pdb,P-predicted_no_exp_PDB,,nan,,ok,ok,pending,pending,pending,1,425,False,ok
335,esm_pred,,,,structures/esmfold_581/335.pdb,structures/final_581/335.pdb,structures/af2_581/335.pdb,P-predicted_no_exp_PDB,,nan,,ok,ok,pending,pending,pending,1,611,False,ok
336,exp_filled,1I0E,A,OK,structures/exp_pdb_filled_pdbfixer/336-1I0E.pdb,structures/final_581/336.pdb,nan,B-trusted_exp_annotated,9.0,R1_small_gap_fill_atoms+fallback_model_pKa,0.0145,ok,ok,pending,pending,pending,1,374,False,ok
337,esm_pred,,,,structures/esmfold_581/337.pdb,structures/final_581/337.pdb,structures/af2_581/337.pdb,P-predicted_no_exp_PDB,,nan,,ok,ok,pending,pending,pending,1,381,False,ok
338,exp_filled,8CI4,A,OK,structures/exp_pdb_filled_pdbfixer/338-8CI4.pdb,structures/final_581/338.pdb,nan,B-trusted_exp_annotated,7.0,R1_small_gap_fill_atoms+fallback_model_pKa,0.0072,ok,ok,pending,pending,pending,1,376,False,ok
339,esm_pred,,,,structures/esmfold_581/339.pdb,structures/final_581/339.pdb,structures/af2_581/339.pdb,P-predicted_no_exp_PDB,,nan,,ok,ok,pending,pending,pending,1,224,False,ok
340,esm_pred,,,,structures/esmfold_581/340.pdb,structures/final_581/340.pdb,structures/af2_581/340.pdb,P-predicted_no_exp_PDB,,nan,,ok,ok,pending,pending,pending,1,364,False,ok
341,esm_pred,,,,structures/esmfold_581/341.pdb,structures/final_581/341.pdb,structures/af2_581/341.pdb,P-predicted_no_exp_PDB,,nan,,ok,ok,pending,pending,pending,1,640,False,ok
342,esm_pred,,,,structures/esmfold_581/342.pdb,structures/final_581/342.pdb,structures/af2_581/342.pdb,P-predicted_no_exp_PDB,,nan,,ok,ok,pending,pending,pending,1,438,False,ok
343,esm_pred,,,,structures/esmfold_581/343.pdb,structures/final_581/343.pdb,structures/af2_581/343.pdb,P-predicted_no_exp_PDB,,nan,,ok,ok,pending,pending,pending,1,531,False,ok
344,esm_pred,,,,structures/esmfold_581/344.pdb,structures/final_581/344.pdb,structures/af2_581/344.pdb,P-predicted_no_exp_PDB,,nan,,ok,ok,pending,pending,pending,1,359,False,ok
345,esm_pred,,,,structures/esmfold_581/345.pdb,structures/final_581/345.pdb,structures/af2_581/345.pdb,P-predicted_no_exp_PDB,,nan,,ok,ok,pending,pending,pending,1,171,False,ok
346,exp_filled,4TO8,A,OK,structures/exp_pdb_filled_pdbfixer/346-4TO8.pdb,structures/final_581/346.pdb,nan,B-trusted_exp_annotated,5.0,R1_small_gap_fill_atoms+fallback_model_pKa,0.0444,ok,ok,pending,pending,pending,1,285,False,ok
347,esm_pred,,,,structures/esmfold_581/347.pdb,structures/final_581/347.pdb,structures/af2_581/347.pdb,P-predicted_no_exp_PDB,,nan,,ok,ok,pending,pending,pending,1,318,False,ok
348,esm_pred,,,,structures/esmfold_581/348.pdb,structures/final_581/348.pdb,structures/af2_581/348.pdb,P-predicted_no_exp_PDB,,nan,,ok,ok,pending,pending,pending,1,994,False,ok
349,esm_pred,,,,structures/esmfold_581/349.pdb,structures/final_581/349.pdb,structures/af2_581/349.pdb,P-predicted_no_exp_PDB,,nan,,ok,ok,pending,pending,pending,1,255,False,ok
350,esm_pred,,,,structures/esmfold_581/350.pdb,structures/final_581/350.pdb,structures/af2_581/350.pdb,P-predicted_no_exp_PDB,,nan,,ok,ok,pending,pending,pending,1,182,False,ok
351,exp_fixed,5FB9,A,no_gap,structures/exp_pdb_repaired_215/351-5FB9.pdb,structures/final_581/351.pdb,nan,B-trusted_exp_annotated,0.0,R0_no_gap,0.0,ok,ok,pending,pending,pending,1,267,False,ok
352,exp_fixed,8S5H,A,not_filled_gt30_dual_track,structures/exp_pdb_repaired_215/352-8S5H.pdb,structures/final_581/352.pdb,nan,C-limited_exp_caution,41.0,"R3_long_gap(31-100) | forced_dual_track_pI(exp+fallback vs full_seq_ESMFold_pred,no_fragment_grafting) + predicted_gap_medium_confidence,dual_track_diff_reported_as_uncertainty",0.0888,ok,ok,pending,pending,pending,1,506,False,ok
353,exp_fixed,1QOZ,A,no_gap,structures/exp_pdb_repaired_215/353-1QOZ.pdb,structures/final_581/353.pdb,nan,C-limited_exp_caution,0.0,R0_no_gap,0.0,ok,ok,pending,pending,pending,1,206,False,ok
354,esm_pred,,,,structures/esmfold_581/354.pdb,structures/final_581/354.pdb,structures/af2_581/354.pdb,P-predicted_no_exp_PDB,,nan,,ok,ok,pending,pending,pending,1,210,False,ok
355,esm_pred,,,,structures/esmfold_581/355.pdb,structures/final_581/355.pdb,structures/af2_581/355.pdb,P-predicted_no_exp_PDB,,nan,,ok,ok,pending,pending,pending,1,440,False,ok
356,esm_pred,,,,structures/esmfold_581/356.pdb,structures/final_581/356.pdb,structures/af2_581/356.pdb,P-predicted_no_exp_PDB,,nan,,ok,ok,pending,pending,pending,1,1217,False,ok
357,exp_filled,1GRJ,A,OK,structures/exp_pdb_filled_pdbfixer/357-1GRJ.pdb,structures/final_581/357.pdb,nan,B-trusted_exp_annotated,6.0,R1_small_gap_fill_atoms+fallback_model_pKa,0.0351,ok,ok,pending,pending,pending,1,157,False,ok
358,exp_fixed,1B33,B,no_gap,structures/exp_pdb_repaired_215/358-1B33.pdb,structures/final_581/358.pdb,nan,A-high_confidence_exp,0.0,R0_no_gap,0.0,ok,ok,pending,pending,pending,1,160,False,ok
359,esm_pred,,,,structures/esmfold_581/359.pdb,structures/final_581/359.pdb,structures/af2_581/359.pdb,P-predicted_no_exp_PDB,,nan,,ok,ok,pending,pending,pending,1,878,False,ok
360,esm_pred,8Q7R,U,,structures/esmfold_581/360.pdb,structures/final_581/360.pdb,structures/af2_581/360.pdb,D-exp_structure_rejected,,nan,,ok,ok,pending,pending,pending,1,685,False,ok
361,exp_filled,6AGL,A,OK,structures/exp_pdb_filled_pdbfixer/361-6AGL.pdb,structures/final_581/361.pdb,nan,C-limited_exp_caution,17.0,R2_medium_gap(16-30) | gap_site_fallback_pKa+gap_sensitivity_annotation(optional_full_seq_prediction_dual_track),0.0928,ok,ok,pending,pending,pending,1,341,False,ok
362,esm_pred,,,,structures/esmfold_581/362.pdb,structures/final_581/362.pdb,structures/af2_581/362.pdb,P-predicted_no_exp_PDB,,nan,,ok,ok,pending,pending,pending,1,604,False,ok
363,exp_fixed,3OAA,A,no_valid_segment(signal_peptide/propeptide/tag_not_filled),structures/exp_pdb_repaired_215/363-3OAA.pdb,structures/final_581/363.pdb,nan,B-trusted_exp_annotated,23.0,R2_medium_gap(16-30) | gap_site_fallback_pKa+gap_sensitivity_annotation(optional_full_seq_prediction_dual_track),0.0288,ok,ok,pending,pending,pending,1,488,False,ok
364,esm_pred,,,,structures/esmfold_581/364.pdb,structures/final_581/364.pdb,structures/af2_581/364.pdb,P-predicted_no_exp_PDB,,nan,,ok,ok,pending,pending,pending,1,412,False,ok
365,exp_fixed,3BXY,A,no_valid_segment(signal_peptide/propeptide/tag_not_filled),structures/exp_pdb_repaired_215/365-3BXY.pdb,structures/final_581/365.pdb,nan,B-trusted_exp_annotated,3.0,R1_small_gap_fill_atoms+fallback_model_pKa,0.013,ok,ok,pending,pending,pending,1,275,False,ok
366,esm_pred,,,,structures/esmfold_581/366.pdb,structures/final_581/366.pdb,structures/af2_581/366.pdb,P-predicted_no_exp_PDB,,nan,,ok,ok,pending,pending,pending,1,191,False,ok
367,exp_fixed,5UAK,A,not_filled_gt30_dual_track,structures/exp_pdb_repaired_215/367-5UAK.pdb,structures/final_581/367.pdb,nan,C-limited_exp_caution,198.0,"R4_very_long_gap(>100) | forced_dual_track_pI(exp+fallback vs full_seq_ESMFold_pred,no_fragment_grafting) + both_source_gaps_low_confidence,reported_as_intrinsic_disorder/unmodelable_region + first_verify_expression_construct;structure_based_pI_downweighted,sequence_model_primary + recommend_removal_or_separate_from_structure_main_analysis",0.2649,ok,ok,pending,pending,pending,1,1139,False,ok
368,esm_pred,,,,structures/esmfold_581/368.pdb,structures/final_581/368.pdb,structures/af2_581/368.pdb,P-predicted_no_exp_PDB,,nan,,ok,ok,pending,pending,pending,1,366,False,ok
369,exp_fixed,1W26,A,no_gap,structures/exp_pdb_repaired_215/369-1W26.pdb,structures/final_581/369.pdb,nan,B-trusted_exp_annotated,0.0,R0_no_gap,0.0,ok,ok,pending,pending,pending,1,421,False,ok
370,exp_fixed,2IV0,A,no_gap,structures/exp_pdb_repaired_215/370-2IV0.pdb,structures/final_581/370.pdb,nan,A-high_confidence_exp,0.0,R0_no_gap,0.0,ok,ok,pending,pending,pending,1,412,False,ok
371,esm_pred,,,,structures/esmfold_581/371.pdb,structures/final_581/371.pdb,structures/af2_581/371.pdb,P-predicted_no_exp_PDB,,nan,,ok,ok,pending,pending,pending,1,383,False,ok
372,esm_pred,,,,structures/esmfold_581/372.pdb,structures/final_581/372.pdb,structures/af2_581/372.pdb,P-predicted_no_exp_PDB,,nan,,ok,ok,pending,pending,pending,1,318,False,ok
373,esm_pred,,,,structures/esmfold_581/373.pdb,structures/final_581/373.pdb,structures/af2_581/373.pdb,P-predicted_no_exp_PDB,,nan,,ok,ok,pending,pending,pending,1,138,False,ok
374,exp_filled,3TY7,B,OK_close_contacts_present,structures/exp_pdb_filled_pdbfixer/374-3TY7.pdb,structures/final_581/374.pdb,nan,C-limited_exp_caution,22.0,R2_medium_gap(16-30) | gap_site_fallback_pKa+gap_sensitivity_annotation(optional_full_seq_prediction_dual_track),0.06,ok,ok,pending,pending,pending,1,474,False,ok
375,esm_pred,,,,structures/esmfold_581/375.pdb,structures/final_581/375.pdb,structures/af2_581/375.pdb,P-predicted_no_exp_PDB,,nan,,ok,ok,pending,pending,pending,1,263,False,ok
376,esm_pred,,,,structures/esmfold_581/376.pdb,structures/final_581/376.pdb,structures/af2_581/376.pdb,P-predicted_no_exp_PDB,,nan,,ok,ok,pending,pending,pending,1,698,False,ok
377,esm_pred,,,,structures/esmfold_581/377.pdb,structures/final_581/377.pdb,structures/af2_581/377.pdb,P-predicted_no_exp_PDB,,nan,,ok,ok,pending,pending,pending,1,317,False,ok
378,esm_pred,,,,structures/esmfold_581/378.pdb,structures/final_581/378.pdb,structures/af2_581/378.pdb,P-predicted_no_exp_PDB,,nan,,ok,ok,pending,pending,pending,1,373,False,ok
379,esm_pred,,,,structures/esmfold_581/379.pdb,structures/final_581/379.pdb,structures/af2_581/379.pdb,P-predicted_no_exp_PDB,,nan,,ok,ok,pending,pending,pending,1,105,False,ok
380,esm_pred,,,,structures/esmfold_581/380.pdb,structures/final_581/380.pdb,structures/af2_581/380.pdb,P-predicted_no_exp_PDB,,nan,,ok,ok,pending,pending,pending,1,408,False,ok
381,esm_pred,,,,structures/esmfold_581/381.pdb,structures/final_581/381.pdb,structures/af2_581/381.pdb,P-predicted_no_exp_PDB,,nan,,ok,ok,pending,pending,pending,1,332,False,ok
382,esm_pred,,,,structures/esmfold_581/382.pdb,structures/final_581/382.pdb,structures/af2_581/382.pdb,P-predicted_no_exp_PDB,,nan,,ok,ok,pending,pending,pending,1,320,False,ok
383,esm_pred,,,,structures/esmfold_581/383.pdb,structures/final_581/383.pdb,structures/af2_581/383.pdb,P-predicted_no_exp_PDB,,nan,,ok,ok,pending,pending,pending,1,230,False,ok
384,exp_fixed,7QBF,A,no_gap,structures/exp_pdb_repaired_215/384-7QBF.pdb,structures/final_581/384.pdb,nan,A-high_confidence_exp,0.0,R0_no_gap,0.0,ok,ok,pending,pending,pending,1,409,False,ok
385,exp_fixed,1R9L,A,no_gap,structures/exp_pdb_repaired_215/385-1R9L.pdb,structures/final_581/385.pdb,nan,B-trusted_exp_annotated,0.0,R0_no_gap,0.0,ok,ok,pending,pending,pending,1,309,False,ok
386,esm_pred,,,,structures/esmfold_581/386.pdb,structures/final_581/386.pdb,structures/af2_581/386.pdb,P-predicted_no_exp_PDB,,nan,,ok,ok,pending,pending,pending,1,553,False,ok
387,esm_pred,,,,structures/esmfold_581/387.pdb,structures/final_581/387.pdb,structures/af2_581/387.pdb,P-predicted_no_exp_PDB,,nan,,ok,ok,pending,pending,pending,1,213,False,ok
388,exp_fixed,5DYH,A,no_valid_segment(signal_peptide/propeptide/tag_not_filled),structures/exp_pdb_repaired_215/388-5DYH.pdb,structures/final_581/388.pdb,nan,B-trusted_exp_annotated,21.0,R2_medium_gap(16-30) | gap_site_fallback_pKa+gap_sensitivity_annotation(optional_full_seq_prediction_dual_track),0.0117,ok,ok,pending,pending,pending,1,677,False,ok
389,exp_fixed,1KSK,A,no_gap,structures/exp_pdb_repaired_215/389-1KSK.pdb,structures/final_581/389.pdb,nan,B-trusted_exp_annotated,0.0,R0_no_gap,0.0,ok,ok,pending,pending,pending,1,230,False,ok
390,esm_pred,4D2Q,A,,structures/esmfold_581/390.pdb,structures/final_581/390.pdb,structures/af2_581/390.pdb,D-exp_structure_rejected,,nan,,ok,ok,pending,pending,pending,1,857,False,ok
391,exp_fixed,6DVU,B,no_valid_segment(signal_peptide/propeptide/tag_not_filled),structures/exp_pdb_repaired_215/391-6DVU.pdb,structures/final_581/391.pdb,nan,C-limited_exp_caution,28.0,R2_medium_gap(16-30) | gap_site_fallback_pKa+gap_sensitivity_annotation(optional_full_seq_prediction_dual_track),0.12,ok,ok,pending,pending,pending,1,53,False,ok
392,esm_pred,,,,structures/esmfold_581/392.pdb,structures/final_581/392.pdb,structures/af2_581/392.pdb,P-predicted_no_exp_PDB,,nan,,ok,ok,pending,pending,pending,1,166,False,ok
393,exp_fixed,9U5Z,E,not_filled_gt30_dual_track,structures/exp_pdb_repaired_215/393-9U5Z.pdb,structures/final_581/393.pdb,nan,C-limited_exp_caution,95.0,"R3_long_gap(31-100) | forced_dual_track_pI(exp+fallback vs full_seq_ESMFold_pred,no_fragment_grafting) + predicted_gap_medium_confidence,dual_track_diff_reported_as_uncertainty",0.2085,ok,ok,pending,pending,pending,1,1447,False,ok
394,esm_pred,,,,structures/esmfold_581/394.pdb,structures/final_581/394.pdb,structures/af2_581/394.pdb,P-predicted_no_exp_PDB,,nan,,ok,ok,pending,pending,pending,1,433,False,ok
395,esm_pred,,,,structures/esmfold_581/395.pdb,structures/final_581/395.pdb,structures/af2_581/395.pdb,P-predicted_no_exp_PDB,,nan,,ok,ok,pending,pending,pending,1,553,False,ok
396,esm_pred,,,,structures/esmfold_581/396.pdb,structures/final_581/396.pdb,structures/af2_581/396.pdb,P-predicted_no_exp_PDB,,nan,,ok,ok,pending,pending,pending,1,451,False,ok
397,esm_pred,,,,structures/esmfold_581/397.pdb,structures/final_581/397.pdb,structures/af2_581/397.pdb,P-predicted_no_exp_PDB,,nan,,ok,ok,pending,pending,pending,1,262,False,ok
398,exp_fixed,6VE6,A,no_valid_segment(signal_peptide/propeptide/tag_not_filled),structures/exp_pdb_repaired_215/398-6VE6.pdb,structures/final_581/398.pdb,nan,C-limited_exp_caution,8.0,R1_small_gap_fill_atoms+fallback_model_pKa,0.0227,ok,ok,pending,pending,pending,1,266,False,ok
399,esm_pred,,,,structures/esmfold_581/399.pdb,structures/final_581/399.pdb,structures/af2_581/399.pdb,P-predicted_no_exp_PDB,,nan,,ok,ok,pending,pending,pending,1,133,False,ok
400,exp_fixed,1VBL,A,no_gap,structures/exp_pdb_repaired_215/400-1VBL.pdb,structures/final_581/400.pdb,nan,B-trusted_exp_annotated,0.0,R0_no_gap,0.0,ok,ok,pending,pending,pending,1,416,False,ok
401,exp_fixed,4JJJ,A,no_valid_segment(signal_peptide/propeptide/tag_not_filled),structures/exp_pdb_repaired_215/401-4JJJ.pdb,structures/final_581/401.pdb,nan,C-limited_exp_caution,4.0,R1_small_gap_fill_atoms+fallback_model_pKa,0.0,ok,ok,pending,pending,pending,1,636,False,ok
402,exp_fixed,1EQR,A,no_gap,structures/exp_pdb_repaired_215/402-1EQR.pdb,structures/final_581/402.pdb,nan,A-high_confidence_exp,0.0,R0_no_gap,0.0,ok,ok,pending,pending,pending,1,590,False,ok
403,esm_pred,,,,structures/esmfold_581/403.pdb,structures/final_581/403.pdb,structures/af2_581/403.pdb,P-predicted_no_exp_PDB,,nan,,ok,ok,pending,pending,pending,1,138,False,ok
404,esm_pred,,,,structures/esmfold_581/404.pdb,structures/final_581/404.pdb,structures/af2_581/404.pdb,P-predicted_no_exp_PDB,,nan,,ok,ok,pending,pending,pending,1,348,False,ok
405,esm_pred,,,,structures/esmfold_581/405.pdb,structures/final_581/405.pdb,structures/af2_581/405.pdb,P-predicted_no_exp_PDB,,nan,,ok,ok,pending,pending,pending,1,676,False,ok
406,esm_pred,,,,structures/esmfold_581/406.pdb,structures/final_581/406.pdb,structures/af2_581/406.pdb,P-predicted_no_exp_PDB,,nan,,ok,ok,pending,pending,pending,1,374,False,ok
407,esm_pred,,,,structures/esmfold_581/407.pdb,structures/final_581/407.pdb,structures/af2_581/407.pdb,P-predicted_no_exp_PDB,,nan,,ok,ok,pending,pending,pending,1,695,False,ok
408,exp_fixed,4D12,A,no_valid_segment(signal_peptide/propeptide/tag_not_filled),structures/exp_pdb_repaired_215/408-4D12.pdb,structures/final_581/408.pdb,nan,A-high_confidence_exp,1.0,R1_small_gap_fill_atoms+fallback_model_pKa,0.0,ok,ok,pending,pending,pending,1,301,False,ok
409,esm_pred,,,,structures/esmfold_581/409.pdb,structures/final_581/409.pdb,structures/af2_581/409.pdb,P-predicted_no_exp_PDB,,nan,,ok,ok,pending,pending,pending,1,353,False,ok
410,esm_pred,,,,structures/esmfold_581/410.pdb,structures/final_581/410.pdb,structures/af2_581/410.pdb,P-predicted_no_exp_PDB,,nan,,ok,ok,pending,pending,pending,1,509,False,ok
411,exp_fixed,3ER0,A,no_valid_segment(signal_peptide/propeptide/tag_not_filled),structures/exp_pdb_repaired_215/411-3ER0.pdb,structures/final_581/411.pdb,nan,C-limited_exp_caution,11.0,R1_small_gap_fill_atoms+fallback_model_pKa,0.0926,ok,ok,pending,pending,pending,1,146,False,ok
412,exp_fixed,3DXB,D,no_gap,structures/exp_pdb_repaired_215/412-3DXB.pdb,structures/final_581/412.pdb,nan,B-trusted_exp_annotated,0.0,R0_no_gap,0.0,ok,ok,pending,pending,pending,1,109,False,ok
413,exp_fixed,6RKS,A,not_filled_gt30_dual_track,structures/exp_pdb_repaired_215/413-6RKS.pdb,structures/final_581/413.pdb,nan,C-limited_exp_caution,351.0,"R4_very_long_gap(>100) | forced_dual_track_pI(exp+fallback vs full_seq_ESMFold_pred,no_fragment_grafting) + predicted_gap_high_confidence,second_track_high_reference_value + first_verify_expression_construct;structure_based_pI_downweighted,sequence_model_primary",0.4175,ok,ok,pending,pending,pending,1,508,False,ok
414,exp_fixed,7DMP,A,not_filled_gt30_dual_track,structures/exp_pdb_repaired_215/414-7DMP.pdb,structures/final_581/414.pdb,nan,C-limited_exp_caution,99.0,"R3_long_gap(31-100) | forced_dual_track_pI(exp+fallback vs full_seq_ESMFold_pred,no_fragment_grafting) + predicted_gap_medium_confidence,dual_track_diff_reported_as_uncertainty",0.3197,ok,ok,pending,pending,pending,1,186,False,ok
415,exp_fixed,1T1E,A,no_valid_segment(signal_peptide/propeptide/tag_not_filled),structures/exp_pdb_repaired_215/415-1T1E.pdb,structures/final_581/415.pdb,nan,B-trusted_exp_annotated,11.0,R1_small_gap_fill_atoms+fallback_model_pKa,0.0432,ok,ok,pending,pending,pending,1,534,False,ok
416,esm_pred,,,,structures/esmfold_581/416.pdb,structures/final_581/416.pdb,structures/af2_581/416.pdb,P-predicted_no_exp_PDB,,nan,,ok,ok,pending,pending,pending,1,224,False,ok
417,exp_filled,1O0B,A,OK_close_contacts_present,structures/exp_pdb_filled_pdbfixer/417-1O0B.pdb,structures/final_581/417.pdb,nan,B-trusted_exp_annotated,11.0,R1_small_gap_fill_atoms+fallback_model_pKa,0.0542,ok,ok,pending,pending,pending,1,540,False,ok
418,esm_pred,2JVV,A,,structures/esmfold_581/418.pdb,structures/final_581/418.pdb,structures/af2_581/418.pdb,D-exp_structure_rejected,,nan,,ok,ok,pending,pending,pending,1,181,False,ok
419,esm_pred,,,,structures/esmfold_581/419.pdb,structures/final_581/419.pdb,structures/af2_581/419.pdb,P-predicted_no_exp_PDB,,nan,,ok,ok,pending,pending,pending,1,505,False,ok
420,esm_pred,,,,structures/esmfold_581/420.pdb,structures/final_581/420.pdb,structures/af2_581/420.pdb,P-predicted_no_exp_PDB,,nan,,ok,ok,pending,pending,pending,1,671,False,ok
421,esm_pred,,,,structures/esmfold_581/421.pdb,structures/final_581/421.pdb,structures/af2_581/421.pdb,P-predicted_no_exp_PDB,,nan,,ok,ok,pending,pending,pending,1,335,False,ok
422,esm_pred,,,,structures/esmfold_581/422.pdb,structures/final_581/422.pdb,structures/af2_581/422.pdb,P-predicted_no_exp_PDB,,nan,,ok,ok,pending,pending,pending,1,334,False,ok
423,exp_filled,3RLI,A,OK,structures/exp_pdb_filled_pdbfixer/423-3RLI.pdb,structures/final_581/423.pdb,nan,C-limited_exp_caution,6.0,R1_small_gap_fill_atoms+fallback_model_pKa,0.0133,ok,ok,pending,pending,pending,1,250,False,ok
424,esm_pred,,,,structures/esmfold_581/424.pdb,structures/final_581/424.pdb,structures/af2_581/424.pdb,P-predicted_no_exp_PDB,,nan,,ok,ok,pending,pending,pending,1,749,False,ok
425,esm_pred,,,,structures/esmfold_581/425.pdb,structures/final_581/425.pdb,structures/af2_581/425.pdb,P-predicted_no_exp_PDB,,nan,,ok,ok,pending,pending,pending,1,404,False,ok
426,exp_fixed,6FRV,A,not_filled_gt30_dual_track,structures/exp_pdb_repaired_215/426-6FRV.pdb,structures/final_581/426.pdb,nan,C-limited_exp_caution,149.0,"R4_very_long_gap(>100) | forced_dual_track_pI(exp+fallback vs full_seq_ESMFold_pred,no_fragment_grafting) + predicted_gap_high_confidence,second_track_high_reference_value + first_verify_expression_construct;structure_based_pI_downweighted,sequence_model_primary",0.2222,ok,ok,pending,pending,pending,1,467,False,ok
427,esm_pred,,,,structures/esmfold_581/427.pdb,structures/final_581/427.pdb,structures/af2_581/427.pdb,P-predicted_no_exp_PDB,,nan,,ok,ok,pending,pending,pending,1,222,False,ok
428,esm_pred,,,,structures/esmfold_581/428.pdb,structures/final_581/428.pdb,structures/af2_581/428.pdb,P-predicted_no_exp_PDB,,nan,,ok,ok,pending,pending,pending,1,530,False,ok
429,esm_pred,,,,structures/esmfold_581/429.pdb,structures/final_581/429.pdb,structures/af2_581/429.pdb,P-predicted_no_exp_PDB,,nan,,ok,ok,pending,pending,pending,1,401,False,ok
430,esm_pred,,,,structures/esmfold_581/430.pdb,structures/final_581/430.pdb,structures/af2_581/430.pdb,P-predicted_no_exp_PDB,,nan,,ok,ok,pending,pending,pending,1,247,False,ok
431,esm_pred,,,,structures/esmfold_581/431.pdb,structures/final_581/431.pdb,structures/af2_581/431.pdb,P-predicted_no_exp_PDB,,nan,,ok,ok,pending,pending,pending,1,307,False,ok
432,esm_pred,,,,structures/esmfold_581/432.pdb,structures/final_581/432.pdb,structures/af2_581/432.pdb,P-predicted_no_exp_PDB,,nan,,ok,ok,pending,pending,pending,1,187,False,ok
433,esm_pred,,,,structures/esmfold_581/433.pdb,structures/final_581/433.pdb,structures/af2_581/433.pdb,P-predicted_no_exp_PDB,,nan,,ok,ok,pending,pending,pending,1,469,False,ok
434,esm_pred,,,,structures/esmfold_581/434.pdb,structures/final_581/434.pdb,structures/af2_581/434.pdb,P-predicted_no_exp_PDB,,nan,,ok,ok,pending,pending,pending,1,483,False,ok
435,exp_filled,1A48,A,OK,structures/exp_pdb_filled_pdbfixer/435-1A48.pdb,structures/final_581/435.pdb,nan,B-trusted_exp_annotated,7.0,R1_small_gap_fill_atoms+fallback_model_pKa,0.0374,ok,ok,pending,pending,pending,1,305,False,ok
436,esm_pred,,,,structures/esmfold_581/436.pdb,structures/final_581/436.pdb,structures/af2_581/436.pdb,P-predicted_no_exp_PDB,,nan,,ok,ok,pending,pending,pending,1,642,False,ok
437,exp_filled,5GK3,A,OK,structures/exp_pdb_filled_pdbfixer/437-5GK3.pdb,structures/final_581/437.pdb,nan,C-limited_exp_caution,17.0,R2_medium_gap(16-30) | gap_site_fallback_pKa+gap_sensitivity_annotation(optional_full_seq_prediction_dual_track),0.0769,ok,ok,pending,pending,pending,1,358,False,ok
438,esm_pred,,,,structures/esmfold_581/438.pdb,structures/final_581/438.pdb,structures/af2_581/438.pdb,P-predicted_no_exp_PDB,,nan,,ok,ok,pending,pending,pending,1,572,False,ok
439,exp_fixed,6KV3,B,no_valid_segment(signal_peptide/propeptide/tag_not_filled),structures/exp_pdb_repaired_215/439-6KV3.pdb,structures/final_581/439.pdb,nan,C-limited_exp_caution,18.0,R2_medium_gap(16-30) | gap_site_fallback_pKa+gap_sensitivity_annotation(optional_full_seq_prediction_dual_track),0.0957,ok,ok,pending,pending,pending,1,252,False,ok
440,esm_pred,,,,structures/esmfold_581/440.pdb,structures/final_581/440.pdb,structures/af2_581/440.pdb,P-predicted_no_exp_PDB,,nan,,ok,ok,pending,pending,pending,1,182,False,ok
441,exp_fixed,1BPX,A,no_valid_segment(signal_peptide/propeptide/tag_not_filled),structures/exp_pdb_repaired_215/441-1BPX.pdb,structures/final_581/441.pdb,nan,A-high_confidence_exp,4.0,R1_small_gap_fill_atoms+fallback_model_pKa,0.0157,ok,ok,pending,pending,pending,1,331,False,ok
442,exp_filled,1BPD,A,OK,structures/exp_pdb_filled_pdbfixer/442-1BPD.pdb,structures/final_581/442.pdb,nan,B-trusted_exp_annotated,8.0,R1_small_gap_fill_atoms+fallback_model_pKa,0.0394,ok,ok,pending,pending,pending,1,327,False,ok
443,exp_fixed,1T8P,A,no_valid_segment(signal_peptide/propeptide/tag_not_filled),structures/exp_pdb_repaired_215/443-1T8P.pdb,structures/final_581/443.pdb,nan,C-limited_exp_caution,9.0,R1_small_gap_fill_atoms+fallback_model_pKa,0.044,ok,ok,pending,pending,pending,1,249,False,ok
444,exp_filled,4O5R,A,OK,structures/exp_pdb_filled_pdbfixer/444-4O5R.pdb,structures/final_581/444.pdb,nan,B-trusted_exp_annotated,20.0,R2_medium_gap(16-30) | gap_site_fallback_pKa+gap_sensitivity_annotation(optional_full_seq_prediction_dual_track),0.0984,ok,ok,pending,pending,pending,1,187,False,ok
445,esm_pred,,,,structures/esmfold_581/445.pdb,structures/final_581/445.pdb,structures/af2_581/445.pdb,P-predicted_no_exp_PDB,,nan,,ok,ok,pending,pending,pending,1,648,False,ok
446,exp_fixed,4UM4,A,no_valid_segment(signal_peptide/propeptide/tag_not_filled),structures/exp_pdb_repaired_215/446-4UM4.pdb,structures/final_581/446.pdb,nan,A-high_confidence_exp,1.0,R1_small_gap_fill_atoms+fallback_model_pKa,0.0,ok,ok,pending,pending,pending,1,175,False,ok
447,esm_pred,,,,structures/esmfold_581/447.pdb,structures/final_581/447.pdb,structures/af2_581/447.pdb,P-predicted_no_exp_PDB,,nan,,ok,ok_tailfix,pending,pending,pending,1,1667,False,ok
448,exp_fixed,2IHO,A,no_valid_segment(signal_peptide/propeptide/tag_not_filled),structures/exp_pdb_repaired_215/448-2IHO.pdb,structures/final_581/448.pdb,nan,A-high_confidence_exp,1.0,R1_small_gap_fill_atoms+fallback_model_pKa,0.0,ok,ok,pending,pending,pending,1,292,False,ok
449,exp_fixed,2XE6,A,no_valid_segment(signal_peptide/propeptide/tag_not_filled),structures/exp_pdb_repaired_215/449-2XE6.pdb,structures/final_581/449.pdb,nan,A-high_confidence_exp,4.0,R1_small_gap_fill_atoms+fallback_model_pKa,0.0,ok,ok,pending,pending,pending,1,413,False,ok
450,esm_pred,,,,structures/esmfold_581/450.pdb,structures/final_581/450.pdb,structures/af2_581/450.pdb,P-predicted_no_exp_PDB,,nan,,ok,ok,pending,pending,pending,1,484,False,ok
451,esm_pred,,,,structures/esmfold_581/451.pdb,structures/final_581/451.pdb,structures/af2_581/451.pdb,P-predicted_no_exp_PDB,,nan,,ok,ok,pending,pending,pending,1,241,False,ok
452,esm_pred,,,,structures/esmfold_581/452.pdb,structures/final_581/452.pdb,structures/af2_581/452.pdb,P-predicted_no_exp_PDB,,nan,,ok,ok,pending,pending,pending,1,550,False,ok
453,esm_pred,,,,structures/esmfold_581/453.pdb,structures/final_581/453.pdb,structures/af2_581/453.pdb,P-predicted_no_exp_PDB,,nan,,ok,ok,pending,pending,pending,1,581,False,ok
454,exp_filled,1WDD,A,OK_close_contacts_present,structures/exp_pdb_filled_pdbfixer/454-1WDD.pdb,structures/final_581/454.pdb,nan,B-trusted_exp_annotated,10.0,R1_small_gap_fill_atoms+fallback_model_pKa,0.0192,ok,ok,pending,pending,pending,1,465,False,ok
455,exp_fixed,1RQB,A,not_filled_gt30_dual_track,structures/exp_pdb_repaired_215/455-1RQB.pdb,structures/final_581/455.pdb,nan,C-limited_exp_caution,31.0,"R3_long_gap(31-100) | forced_dual_track_pI(exp+fallback vs full_seq_ESMFold_pred,no_fragment_grafting) + predicted_gap_medium_confidence,dual_track_diff_reported_as_uncertainty",0.0443,ok,ok,pending,pending,pending,1,448,False,ok
456,esm_pred,,,,structures/esmfold_581/456.pdb,structures/final_581/456.pdb,structures/af2_581/456.pdb,P-predicted_no_exp_PDB,,nan,,ok,ok,pending,pending,pending,1,358,False,ok
457,esm_pred,,,,structures/esmfold_581/457.pdb,structures/final_581/457.pdb,structures/af2_581/457.pdb,P-predicted_no_exp_PDB,,nan,,ok,ok,pending,pending,pending,1,518,False,ok
458,exp_filled,2PYD,A,OK,structures/exp_pdb_filled_pdbfixer/458-2PYD.pdb,structures/final_581/458.pdb,nan,B-trusted_exp_annotated,10.0,R1_small_gap_fill_atoms+fallback_model_pKa,0.0445,ok,ok,pending,pending,pending,1,826,False,ok
459,exp_filled,1Z8D,A,OK,structures/exp_pdb_filled_pdbfixer/459-1Z8D.pdb,structures/final_581/459.pdb,nan,B-trusted_exp_annotated,11.0,R1_small_gap_fill_atoms+fallback_model_pKa,0.0174,ok,ok,pending,pending,pending,1,835,False,ok
460,exp_filled,5IN3,B,OK_close_contacts_present,structures/exp_pdb_filled_pdbfixer/460-5IN3.pdb,structures/final_581/460.pdb,nan,C-limited_exp_caution,21.0,R2_medium_gap(16-30) | gap_site_fallback_pKa+gap_sensitivity_annotation(optional_full_seq_prediction_dual_track),0.1228,ok,ok,pending,pending,pending,1,345,False,ok
461,exp_fixed,3J9T,K,no_valid_segment(signal_peptide/propeptide/tag_not_filled),structures/exp_pdb_repaired_215/461-3J9T.pdb,structures/final_581/461.pdb,nan,B-trusted_exp_annotated,9.0,R1_small_gap_fill_atoms+fallback_model_pKa,0.0482,ok,ok,pending,pending,pending,1,217,False,ok
462,exp_fixed,8BPP,A,no_valid_segment(signal_peptide/propeptide/tag_not_filled),structures/exp_pdb_repaired_215/462-8BPP.pdb,structures/final_581/462.pdb,nan,A-high_confidence_exp,3.0,R1_small_gap_fill_atoms+fallback_model_pKa,0.0,ok,ok,pending,pending,pending,1,362,False,ok
463,esm_pred,,,,structures/esmfold_581/463.pdb,structures/final_581/463.pdb,structures/af2_581/463.pdb,P-predicted_no_exp_PDB,,nan,,ok,ok,pending,pending,pending,1,199,False,ok
464,exp_fixed,4GN7,A,no_valid_segment(signal_peptide/propeptide/tag_not_filled),structures/exp_pdb_repaired_215/464-4GN7.pdb,structures/final_581/464.pdb,nan,A-high_confidence_exp,2.0,R1_small_gap_fill_atoms+fallback_model_pKa,0.0,ok,ok,pending,pending,pending,1,297,False,ok
465,esm_pred,,,,structures/esmfold_581/465.pdb,structures/final_581/465.pdb,structures/af2_581/465.pdb,P-predicted_no_exp_PDB,,nan,,ok,ok,pending,pending,pending,1,177,False,ok
466,exp_filled,1QCZ,A,OK_close_contacts_present,structures/exp_pdb_filled_pdbfixer/466-1QCZ.pdb,structures/final_581/466.pdb,nan,C-limited_exp_caution,6.0,R1_small_gap_fill_atoms+fallback_model_pKa,0.027,ok,ok,pending,pending,pending,1,163,False,ok
467,esm_pred,,,,structures/esmfold_581/467.pdb,structures/final_581/467.pdb,structures/af2_581/467.pdb,P-predicted_no_exp_PDB,,nan,,ok,ok,pending,pending,pending,1,236,False,ok
468,esm_pred,,,,structures/esmfold_581/468.pdb,structures/final_581/468.pdb,structures/af2_581/468.pdb,P-predicted_no_exp_PDB,,nan,,ok,ok,pending,pending,pending,1,222,False,ok
469,esm_pred,,,,structures/esmfold_581/469.pdb,structures/final_581/469.pdb,structures/af2_581/469.pdb,P-predicted_no_exp_PDB,,nan,,ok,ok,pending,pending,pending,1,393,False,ok
470,exp_fixed,1B99,A,no_valid_segment(signal_peptide/propeptide/tag_not_filled),structures/exp_pdb_repaired_215/470-1B99.pdb,structures/final_581/470.pdb,nan,A-high_confidence_exp,5.0,R1_small_gap_fill_atoms+fallback_model_pKa,0.0233,ok,ok,pending,pending,pending,1,150,False,ok
471,exp_fixed,2ILX,A,no_gap,structures/exp_pdb_repaired_215/471-2ILX.pdb,structures/final_581/471.pdb,nan,C-limited_exp_caution,0.0,R0_no_gap,0.0,ok,ok,pending,pending,pending,1,219,False,ok
472,exp_filled,5N6N,A,OK,structures/exp_pdb_filled_pdbfixer/472-5N6N.pdb,structures/final_581/472.pdb,nan,C-limited_exp_caution,1.0,R1_small_gap_fill_atoms+fallback_model_pKa,0.0108,ok,ok,pending,pending,pending,1,231,False,ok
473,esm_pred,,,,structures/esmfold_581/473.pdb,structures/final_581/473.pdb,structures/af2_581/473.pdb,P-predicted_no_exp_PDB,,nan,,ok,ok,pending,pending,pending,1,597,False,ok
474,esm_pred,,,,structures/esmfold_581/474.pdb,structures/final_581/474.pdb,structures/af2_581/474.pdb,P-predicted_no_exp_PDB,,nan,,ok,ok,pending,pending,pending,1,363,False,ok
475,exp_fixed,1ZMR,A,no_valid_segment(signal_peptide/propeptide/tag_not_filled),structures/exp_pdb_repaired_215/475-1ZMR.pdb,structures/final_581/475.pdb,nan,A-high_confidence_exp,1.0,R1_small_gap_fill_atoms+fallback_model_pKa,0.0,ok,ok,pending,pending,pending,1,386,False,ok
476,esm_pred,,,,structures/esmfold_581/476.pdb,structures/final_581/476.pdb,structures/af2_581/476.pdb,P-predicted_no_exp_PDB,,nan,,ok,ok,pending,pending,pending,1,634,False,ok
477,esm_pred,,,,structures/esmfold_581/477.pdb,structures/final_581/477.pdb,structures/af2_581/477.pdb,P-predicted_no_exp_PDB,,nan,,ok,ok,pending,pending,pending,1,250,False,ok
478,exp_fixed,6ECH,A,no_valid_segment(signal_peptide/propeptide/tag_not_filled),structures/exp_pdb_repaired_215/478-6ECH.pdb,structures/final_581/478.pdb,nan,B-trusted_exp_annotated,5.0,R1_small_gap_fill_atoms+fallback_model_pKa,0.0,ok,ok,pending,pending,pending,1,526,False,ok
479,esm_pred,4ZRY,A,,structures/esmfold_581/479.pdb,structures/final_581/479.pdb,structures/af2_581/479.pdb,D-exp_structure_rejected,,nan,,ok,ok,pending,pending,pending,1,584,False,ok
480,esm_pred,,,,structures/esmfold_581/480.pdb,structures/final_581/480.pdb,structures/af2_581/480.pdb,P-predicted_no_exp_PDB,,nan,,ok,ok,pending,pending,pending,1,372,False,ok
481,esm_pred,,,,structures/esmfold_581/481.pdb,structures/final_581/481.pdb,structures/af2_581/481.pdb,P-predicted_no_exp_PDB,,nan,,ok,ok,pending,pending,pending,1,317,False,ok
482,esm_pred,,,,structures/esmfold_581/482.pdb,structures/final_581/482.pdb,structures/af2_581/482.pdb,P-predicted_no_exp_PDB,,nan,,ok,ok,pending,pending,pending,1,315,False,ok
483,esm_pred,,,,structures/esmfold_581/483.pdb,structures/final_581/483.pdb,structures/af2_581/483.pdb,P-predicted_no_exp_PDB,,nan,,ok,ok,pending,pending,pending,1,503,False,ok
484,exp_fixed,3MT6,A,no_valid_segment(signal_peptide/propeptide/tag_not_filled),structures/exp_pdb_repaired_215/484-3MT6.pdb,structures/final_581/484.pdb,nan,B-trusted_exp_annotated,15.0,R1_small_gap_fill_atoms+fallback_model_pKa,0.082,ok,ok,pending,pending,pending,1,192,False,ok
485,esm_pred,,,,structures/esmfold_581/485.pdb,structures/final_581/485.pdb,structures/af2_581/485.pdb,P-predicted_no_exp_PDB,,nan,,ok,ok,pending,pending,pending,1,138,False,ok
486,exp_filled,1UCW,A,OK,structures/exp_pdb_filled_pdbfixer/486-1UCW.pdb,structures/final_581/486.pdb,nan,A-high_confidence_exp,1.0,R1_small_gap_fill_atoms+fallback_model_pKa,0.0,ok,ok,pending,pending,pending,1,316,False,ok
487,exp_fixed,5MHB,A,no_valid_segment(signal_peptide/propeptide/tag_not_filled),structures/exp_pdb_repaired_215/487-5MHB.pdb,structures/final_581/487.pdb,nan,A-high_confidence_exp,1.0,R1_small_gap_fill_atoms+fallback_model_pKa,0.0,ok,ok,pending,pending,pending,1,323,False,ok
488,esm_pred,,,,structures/esmfold_581/488.pdb,structures/final_581/488.pdb,structures/af2_581/488.pdb,P-predicted_no_exp_PDB,,nan,,ok,ok,pending,pending,pending,1,103,False,ok
489,exp_fixed,8J6W,A,no_valid_segment(signal_peptide/propeptide/tag_not_filled),structures/exp_pdb_repaired_215/489-8J6W.pdb,structures/final_581/489.pdb,nan,A-high_confidence_exp,2.0,R1_small_gap_fill_atoms+fallback_model_pKa,0.0159,ok,ok,pending,pending,pending,1,145,False,ok
490,esm_pred,,,,structures/esmfold_581/490.pdb,structures/final_581/490.pdb,structures/af2_581/490.pdb,P-predicted_no_exp_PDB,,nan,,ok,ok,pending,pending,pending,1,391,False,ok
491,exp_fixed,1BO5,O,no_valid_segment(signal_peptide/propeptide/tag_not_filled),structures/exp_pdb_repaired_215/491-1BO5.pdb,structures/final_581/491.pdb,nan,A-high_confidence_exp,2.0,R1_small_gap_fill_atoms+fallback_model_pKa,0.0131,ok,ok,pending,pending,pending,1,498,False,ok
492,esm_pred,,,,structures/esmfold_581/492.pdb,structures/final_581/492.pdb,structures/af2_581/492.pdb,P-predicted_no_exp_PDB,,nan,,ok,ok,pending,pending,pending,1,378,False,ok
493,esm_pred,,,,structures/esmfold_581/493.pdb,structures/final_581/493.pdb,structures/af2_581/493.pdb,P-predicted_no_exp_PDB,,nan,,ok,ok,pending,pending,pending,1,414,False,ok
494,esm_pred,,,,structures/esmfold_581/494.pdb,structures/final_581/494.pdb,structures/af2_581/494.pdb,P-predicted_no_exp_PDB,,nan,,ok,ok,pending,pending,pending,1,786,False,ok
495,exp_fixed,3FF1,A,no_valid_segment(signal_peptide/propeptide/tag_not_filled),structures/exp_pdb_repaired_215/495-3FF1.pdb,structures/final_581/495.pdb,nan,B-trusted_exp_annotated,2.0,R1_small_gap_fill_atoms+fallback_model_pKa,0.0,ok,ok,pending,pending,pending,1,435,False,ok
496,esm_pred,,,,structures/esmfold_581/496.pdb,structures/final_581/496.pdb,structures/af2_581/496.pdb,P-predicted_no_exp_PDB,,nan,,ok,ok,pending,pending,pending,1,584,False,ok
497,esm_pred,,,,structures/esmfold_581/497.pdb,structures/final_581/497.pdb,structures/af2_581/497.pdb,P-predicted_no_exp_PDB,,nan,,ok,ok,pending,pending,pending,1,447,False,ok
498,esm_pred,,,,structures/esmfold_581/498.pdb,structures/final_581/498.pdb,structures/af2_581/498.pdb,P-predicted_no_exp_PDB,,nan,,ok,ok,pending,pending,pending,1,396,False,ok
499,exp_fixed,5XAF,E,not_filled_gt30_dual_track,structures/exp_pdb_repaired_215/499-5XAF.pdb,structures/final_581/499.pdb,nan,C-limited_exp_caution,49.0,"R3_long_gap(31-100) | forced_dual_track_pI(exp+fallback vs full_seq_ESMFold_pred,no_fragment_grafting) + predicted_gap_medium_confidence,dual_track_diff_reported_as_uncertainty",0.2976,ok,ok,pending,pending,pending,1,121,False,ok
500,esm_pred,,,,structures/esmfold_581/500.pdb,structures/final_581/500.pdb,structures/af2_581/500.pdb,P-predicted_no_exp_PDB,,nan,,ok,ok,pending,pending,pending,1,608,False,ok
501,esm_pred,,,,structures/esmfold_581/501.pdb,structures/final_581/501.pdb,structures/af2_581/501.pdb,P-predicted_no_exp_PDB,,nan,,ok,ok,pending,pending,pending,1,234,False,ok
502,esm_pred,,,,structures/esmfold_581/502.pdb,structures/final_581/502.pdb,structures/af2_581/502.pdb,P-predicted_no_exp_PDB,,nan,,ok,ok,pending,pending,pending,1,431,False,ok
503,exp_fixed,1WB8,A,no_valid_segment(signal_peptide/propeptide/tag_not_filled),structures/exp_pdb_repaired_215/503-1WB8.pdb,structures/final_581/503.pdb,nan,A-high_confidence_exp,3.0,R1_small_gap_fill_atoms+fallback_model_pKa,0.0147,ok,ok,pending,pending,pending,1,205,False,ok
504,exp_fixed,1S8O,A,no_valid_segment(signal_peptide/propeptide/tag_not_filled),structures/exp_pdb_repaired_215/504-1S8O.pdb,structures/final_581/504.pdb,nan,A-high_confidence_exp,7.0,R1_small_gap_fill_atoms+fallback_model_pKa,0.0061,ok,ok,pending,pending,pending,1,545,False,ok
505,exp_fixed,2W9G,A,no_valid_segment(signal_peptide/propeptide/tag_not_filled),structures/exp_pdb_repaired_215/505-2W9G.pdb,structures/final_581/505.pdb,nan,A-high_confidence_exp,1.0,R1_small_gap_fill_atoms+fallback_model_pKa,0.0,ok,ok,pending,pending,pending,1,158,False,ok
506,esm_pred,1LAY,A,,structures/esmfold_581/506.pdb,structures/final_581/506.pdb,structures/af2_581/506.pdb,D-exp_structure_rejected,,nan,,ok,ok,pending,pending,pending,1,708,False,ok
507,exp_fixed,1AU1,A,no_gap,structures/exp_pdb_repaired_215/507-1AU1.pdb,structures/final_581/507.pdb,nan,B-trusted_exp_annotated,0.0,R0_no_gap,0.0,ok,ok,pending,pending,pending,1,166,False,ok
508,exp_fixed,2UZF,A,no_valid_segment(signal_peptide/propeptide/tag_not_filled),structures/exp_pdb_repaired_215/508-2UZF.pdb,structures/final_581/508.pdb,nan,C-limited_exp_caution,8.0,R1_small_gap_fill_atoms+fallback_model_pKa,0.0549,ok,ok,pending,pending,pending,1,260,False,ok
509,exp_filled,2WXZ,C,OK_close_contacts_present,structures/exp_pdb_filled_pdbfixer/509-2WXZ.pdb,structures/final_581/509.pdb,nan,C-limited_exp_caution,16.0,R2_medium_gap(16-30) | gap_site_fallback_pKa+gap_sensitivity_annotation(optional_full_seq_prediction_dual_track),0.1,ok,ok,pending,pending,pending,1,445,False,ok
510,exp_fixed,1F4L,A,no_valid_segment(signal_peptide/propeptide/tag_not_filled),structures/exp_pdb_repaired_215/510-1F4L.pdb,structures/final_581/510.pdb,nan,B-trusted_exp_annotated,4.0,R1_small_gap_fill_atoms+fallback_model_pKa,0.0048,ok,ok,pending,pending,pending,1,545,False,ok
511,esm_pred,,,,structures/esmfold_581/511.pdb,structures/final_581/511.pdb,structures/af2_581/511.pdb,P-predicted_no_exp_PDB,,nan,,ok,ok,pending,pending,pending,1,556,False,ok
512,esm_pred,,,,structures/esmfold_581/512.pdb,structures/final_581/512.pdb,structures/af2_581/512.pdb,P-predicted_no_exp_PDB,,nan,,ok,ok,pending,pending,pending,1,400,False,ok
513,esm_pred,,,,structures/esmfold_581/513.pdb,structures/final_581/513.pdb,structures/af2_581/513.pdb,P-predicted_no_exp_PDB,,nan,,ok,ok,pending,pending,pending,1,610,False,ok
514,exp_fixed,4OYN,A,no_valid_segment(signal_peptide/propeptide/tag_not_filled),structures/exp_pdb_repaired_215/514-4OYN.pdb,structures/final_581/514.pdb,nan,B-trusted_exp_annotated,6.0,R1_small_gap_fill_atoms+fallback_model_pKa,0.0411,ok,ok,pending,pending,pending,1,172,False,ok
515,exp_fixed,1GEK,A,no_valid_segment(signal_peptide/propeptide/tag_not_filled),structures/exp_pdb_repaired_215/515-1GEK.pdb,structures/final_581/515.pdb,nan,A-high_confidence_exp,9.0,R1_small_gap_fill_atoms+fallback_model_pKa,0.0081,ok,ok,pending,pending,pending,1,406,False,ok
516,esm_pred,,,,structures/esmfold_581/516.pdb,structures/final_581/516.pdb,structures/af2_581/516.pdb,P-predicted_no_exp_PDB,,nan,,ok,ok,pending,pending,pending,1,226,False,ok
517,esm_pred,,,,structures/esmfold_581/517.pdb,structures/final_581/517.pdb,structures/af2_581/517.pdb,P-predicted_no_exp_PDB,,nan,,ok,ok,pending,pending,pending,1,206,False,ok
518,esm_pred,,,,structures/esmfold_581/518.pdb,structures/final_581/518.pdb,structures/af2_581/518.pdb,P-predicted_no_exp_PDB,,nan,,ok,ok,pending,pending,pending,1,481,False,ok
519,exp_fixed,5EC3,A,no_valid_segment(signal_peptide/propeptide/tag_not_filled),structures/exp_pdb_repaired_215/519-5EC3.pdb,structures/final_581/519.pdb,nan,A-high_confidence_exp,9.0,R1_small_gap_fill_atoms+fallback_model_pKa,0.0301,ok,ok,pending,pending,pending,1,376,False,ok
520,esm_pred,,,,structures/esmfold_581/520.pdb,structures/final_581/520.pdb,structures/af2_581/520.pdb,P-predicted_no_exp_PDB,,nan,,ok,ok_tailfix,pending,pending,pending,1,1976,False,ok
521,esm_pred,,,,structures/esmfold_581/521.pdb,structures/final_581/521.pdb,structures/af2_581/521.pdb,P-predicted_no_exp_PDB,,nan,,ok,ok,pending,pending,pending,1,280,False,ok
522,exp_fixed,1M38,A,no_valid_segment(signal_peptide/propeptide/tag_not_filled),structures/exp_pdb_repaired_215/522-1M38.pdb,structures/final_581/522.pdb,nan,A-high_confidence_exp,4.0,R1_small_gap_fill_atoms+fallback_model_pKa,0.0,ok,ok,pending,pending,pending,1,282,False,ok
523,esm_pred,,,,structures/esmfold_581/523.pdb,structures/final_581/523.pdb,structures/af2_581/523.pdb,P-predicted_no_exp_PDB,,nan,,ok,ok_tailfix,pending,pending,pending,1,999,False,ok
524,esm_pred,,,,structures/esmfold_581/524.pdb,structures/final_581/524.pdb,structures/af2_581/524.pdb,P-predicted_no_exp_PDB,,nan,,ok,ok,pending,pending,pending,1,490,False,ok
525,esm_pred,,,,structures/esmfold_581/525.pdb,structures/final_581/525.pdb,structures/af2_581/525.pdb,P-predicted_no_exp_PDB,,nan,,ok,ok,pending,pending,pending,1,154,False,ok
526,esm_pred,,,,structures/esmfold_581/526.pdb,structures/final_581/526.pdb,structures/af2_581/526.pdb,P-predicted_no_exp_PDB,,nan,,ok,ok,pending,pending,pending,1,188,False,ok
527,esm_pred,,,,structures/esmfold_581/527.pdb,structures/final_581/527.pdb,structures/af2_581/527.pdb,P-predicted_no_exp_PDB,,nan,,ok,ok,pending,pending,pending,1,538,False,ok
528,esm_pred,,,,structures/esmfold_581/528.pdb,structures/final_581/528.pdb,structures/af2_581/528.pdb,P-predicted_no_exp_PDB,,nan,,ok,ok,pending,pending,pending,1,179,False,ok
529,esm_pred,,,,structures/esmfold_581/529.pdb,structures/final_581/529.pdb,structures/af2_581/529.pdb,P-predicted_no_exp_PDB,,nan,,ok,ok,pending,pending,pending,1,333,False,ok
530,exp_fixed,1J0X,O,no_gap,structures/exp_pdb_repaired_215/530-1J0X.pdb,structures/final_581/530.pdb,nan,C-limited_exp_caution,0.0,R0_no_gap,0.0,ok,ok,pending,pending,pending,1,331,False,ok
531,exp_fixed,6LGJ,A,no_gap,structures/exp_pdb_repaired_215/531-6LGJ.pdb,structures/final_581/531.pdb,nan,A-high_confidence_exp,0.0,R0_no_gap,0.0,ok,ok,pending,pending,pending,1,333,False,ok
532,esm_pred,,,,structures/esmfold_581/532.pdb,structures/final_581/532.pdb,structures/af2_581/532.pdb,P-predicted_no_exp_PDB,,nan,,ok,ok,pending,pending,pending,1,240,False,ok
533,exp_fixed,2XOK,D,not_filled_gt30_dual_track,structures/exp_pdb_repaired_215/533-2XOK.pdb,structures/final_581/533.pdb,nan,B-trusted_exp_annotated,38.0,"R3_long_gap(31-100) | forced_dual_track_pI(exp+fallback vs full_seq_ESMFold_pred,no_fragment_grafting) + predicted_gap_medium_confidence,dual_track_diff_reported_as_uncertainty",0.0588,ok,ok,pending,pending,pending,1,471,False,ok
534,exp_fixed,3HRW,A,no_gap,structures/exp_pdb_repaired_215/534-3HRW.pdb,structures/final_581/534.pdb,nan,A-high_confidence_exp,0.0,R0_no_gap,0.0,ok,ok,pending,pending,pending,1,141,False,ok
535,esm_pred,,,,structures/esmfold_581/535.pdb,structures/final_581/535.pdb,structures/af2_581/535.pdb,P-predicted_no_exp_PDB,,nan,,ok,ok,pending,pending,pending,1,292,False,ok
536,exp_fixed,1BZ1,A,no_gap,structures/exp_pdb_repaired_215/536-1BZ1.pdb,structures/final_581/536.pdb,nan,A-high_confidence_exp,0.0,R0_no_gap,0.0,ok,ok,pending,pending,pending,1,142,False,ok
537,exp_filled,7EQL,A,OK,structures/exp_pdb_filled_pdbfixer/537-7EQL.pdb,structures/final_581/537.pdb,nan,B-trusted_exp_annotated,2.0,R1_small_gap_fill_atoms+fallback_model_pKa,0.0102,ok,ok,pending,pending,pending,1,342,False,ok
538,esm_pred,,,,structures/esmfold_581/538.pdb,structures/final_581/538.pdb,structures/af2_581/538.pdb,P-predicted_no_exp_PDB,,nan,,ok,ok,pending,pending,pending,1,858,False,ok
539,esm_pred,,,,structures/esmfold_581/539.pdb,structures/final_581/539.pdb,structures/af2_581/539.pdb,P-predicted_no_exp_PDB,,nan,,ok,ok,pending,pending,pending,1,330,False,ok
540,exp_fixed,1J5H,A,no_gap,structures/exp_pdb_repaired_215/540-1J5H.pdb,structures/final_581/540.pdb,nan,C-limited_exp_caution,0.0,R0_no_gap,0.0,ok,ok,pending,pending,pending,1,113,False,ok
541,esm_pred,,,,structures/esmfold_581/541.pdb,structures/final_581/541.pdb,structures/af2_581/541.pdb,P-predicted_no_exp_PDB,,nan,,ok,ok,pending,pending,pending,1,395,False,ok
542,esm_pred,,,,structures/esmfold_581/542.pdb,structures/final_581/542.pdb,structures/af2_581/542.pdb,P-predicted_no_exp_PDB,,nan,,ok,ok,pending,pending,pending,1,187,False,ok
543,esm_pred,,,,structures/esmfold_581/543.pdb,structures/final_581/543.pdb,structures/af2_581/543.pdb,P-predicted_no_exp_PDB,,nan,,ok,ok,pending,pending,pending,1,507,False,ok
544,exp_fixed,7XFH,K,not_filled_gt30_dual_track,structures/exp_pdb_repaired_215/544-7XFH.pdb,structures/final_581/544.pdb,nan,C-limited_exp_caution,81.0,"R3_long_gap(31-100) | forced_dual_track_pI(exp+fallback vs full_seq_ESMFold_pred,no_fragment_grafting) + predicted_gap_medium_confidence,dual_track_diff_reported_as_uncertainty",0.3187,ok,ok,pending,pending,pending,1,200,False,ok
545,esm_pred,,,,structures/esmfold_581/545.pdb,structures/final_581/545.pdb,structures/af2_581/545.pdb,P-predicted_no_exp_PDB,,nan,,ok,ok,pending,pending,pending,1,399,False,ok
546,esm_pred,,,,structures/esmfold_581/546.pdb,structures/final_581/546.pdb,structures/af2_581/546.pdb,P-predicted_no_exp_PDB,,nan,,ok,ok,pending,pending,pending,1,416,False,ok
547,esm_pred,,,,structures/esmfold_581/547.pdb,structures/final_581/547.pdb,structures/af2_581/547.pdb,P-predicted_no_exp_PDB,,nan,,ok,ok_tailfix,pending,pending,pending,1,1015,False,ok
548,esm_pred,,,,structures/esmfold_581/548.pdb,structures/final_581/548.pdb,structures/af2_581/548.pdb,P-predicted_no_exp_PDB,,nan,,ok,ok,pending,pending,pending,1,488,False,ok
549,esm_pred,,,,structures/esmfold_581/549.pdb,structures/final_581/549.pdb,structures/af2_581/549.pdb,P-predicted_no_exp_PDB,,nan,,ok,ok,pending,pending,pending,1,261,False,ok
550,esm_pred,,,,structures/esmfold_581/550.pdb,structures/final_581/550.pdb,structures/af2_581/550.pdb,P-predicted_no_exp_PDB,,nan,,ok,ok,pending,pending,pending,1,352,False,ok
551,exp_fixed,1GPZ,A,no_valid_segment(signal_peptide/propeptide/tag_not_filled),structures/exp_pdb_repaired_215/551-1GPZ.pdb,structures/final_581/551.pdb,nan,C-limited_exp_caution,11.0,R1_small_gap_fill_atoms+fallback_model_pKa,0.0549,ok,ok,pending,pending,pending,1,369,False,ok
552,esm_pred,,,,structures/esmfold_581/552.pdb,structures/final_581/552.pdb,structures/af2_581/552.pdb,P-predicted_no_exp_PDB,,nan,,ok,ok,pending,pending,pending,1,141,False,ok
553,esm_pred,,,,structures/esmfold_581/553.pdb,structures/final_581/553.pdb,structures/af2_581/553.pdb,P-predicted_no_exp_PDB,,nan,,ok,ok,pending,pending,pending,1,339,False,ok
554,exp_filled,1YMY,A,OK,structures/exp_pdb_filled_pdbfixer/554-1YMY.pdb,structures/final_581/554.pdb,nan,B-trusted_exp_annotated,6.0,R1_small_gap_fill_atoms+fallback_model_pKa,0.0291,ok,ok,pending,pending,pending,1,382,False,ok
555,esm_pred,,,,structures/esmfold_581/555.pdb,structures/final_581/555.pdb,structures/af2_581/555.pdb,P-predicted_no_exp_PDB,,nan,,ok,ok,pending,pending,pending,1,896,False,ok
556,esm_pred,,,,structures/esmfold_581/556.pdb,structures/final_581/556.pdb,structures/af2_581/556.pdb,P-predicted_no_exp_PDB,,nan,,ok,ok,pending,pending,pending,1,257,False,ok
557,esm_pred,,,,structures/esmfold_581/557.pdb,structures/final_581/557.pdb,structures/af2_581/557.pdb,P-predicted_no_exp_PDB,,nan,,ok,ok,pending,pending,pending,1,261,False,ok
558,esm_pred,,,,structures/esmfold_581/558.pdb,structures/final_581/558.pdb,structures/af2_581/558.pdb,P-predicted_no_exp_PDB,,nan,,ok,ok,pending,pending,pending,1,558,False,ok
559,esm_pred,,,,structures/esmfold_581/559.pdb,structures/final_581/559.pdb,structures/af2_581/559.pdb,P-predicted_no_exp_PDB,,nan,,ok,ok,pending,pending,pending,1,311,False,ok
560,exp_fixed,1F76,A,no_gap,structures/exp_pdb_repaired_215/560-1F76.pdb,structures/final_581/560.pdb,nan,B-trusted_exp_annotated,0.0,R0_no_gap,0.0,ok,ok,pending,pending,pending,1,329,False,ok
561,esm_pred,,,,structures/esmfold_581/561.pdb,structures/final_581/561.pdb,structures/af2_581/561.pdb,P-predicted_no_exp_PDB,,nan,,ok,ok,pending,pending,pending,1,311,False,ok
562,esm_pred,,,,structures/esmfold_581/562.pdb,structures/final_581/562.pdb,structures/af2_581/562.pdb,P-predicted_no_exp_PDB,,nan,,ok,ok,pending,pending,pending,1,124,False,ok
563,esm_pred,,,,structures/esmfold_581/563.pdb,structures/final_581/563.pdb,structures/af2_581/563.pdb,P-predicted_no_exp_PDB,,nan,,ok,ok,pending,pending,pending,1,62,False,ok
564,esm_pred,,,,structures/esmfold_581/564.pdb,structures/final_581/564.pdb,structures/af2_581/564.pdb,P-predicted_no_exp_PDB,,nan,,ok,ok,pending,pending,pending,1,32,False,ok
565,esm_pred,,,,structures/esmfold_581/565.pdb,structures/final_581/565.pdb,structures/af2_581/565.pdb,P-predicted_no_exp_PDB,,nan,,ok,ok,pending,pending,pending,1,184,False,ok
566,esm_pred,,,,structures/esmfold_581/566.pdb,structures/final_581/566.pdb,structures/af2_581/566.pdb,P-predicted_no_exp_PDB,,nan,,ok,ok,pending,pending,pending,1,80,False,ok
567,esm_pred,,,,structures/esmfold_581/567.pdb,structures/final_581/567.pdb,structures/af2_581/567.pdb,P-predicted_no_exp_PDB,,nan,,ok,ok,pending,pending,pending,1,376,False,ok
568,esm_pred,,,,structures/esmfold_581/568.pdb,structures/final_581/568.pdb,structures/af2_581/568.pdb,P-predicted_no_exp_PDB,,nan,,ok,ok,pending,pending,pending,1,267,False,ok
569,esm_pred,,,,structures/esmfold_581/569.pdb,structures/final_581/569.pdb,structures/af2_581/569.pdb,P-predicted_no_exp_PDB,,nan,,ok,ok,pending,pending,pending,1,15,False,ok
570,esm_pred,,,,structures/esmfold_581/570.pdb,structures/final_581/570.pdb,structures/af2_581/570.pdb,P-predicted_no_exp_PDB,,nan,,ok,ok,pending,pending,pending,1,162,False,ok
571,esm_pred,,,,structures/esmfold_581/571.pdb,structures/final_581/571.pdb,structures/af2_581/571.pdb,P-predicted_no_exp_PDB,,nan,,ok,ok,pending,pending,pending,1,413,False,ok
572,esm_pred,,,,structures/esmfold_581/572.pdb,structures/final_581/572.pdb,structures/af2_581/572.pdb,P-predicted_no_exp_PDB,,nan,,ok,ok,pending,pending,pending,1,497,False,ok
573,esm_pred,,,,structures/esmfold_581/573.pdb,structures/final_581/573.pdb,structures/af2_581/573.pdb,P-predicted_no_exp_PDB,,nan,,ok,ok,pending,pending,pending,1,100,False,ok
574,exp_fixed,1B33,A,no_gap,structures/exp_pdb_repaired_215/574-1B33.pdb,structures/final_581/574.pdb,nan,A-high_confidence_exp,0.0,R0_no_gap,0.0,ok,ok,pending,pending,pending,1,160,False,ok
575,esm_pred,2D4L,A,,structures/esmfold_581/575.pdb,structures/final_581/575.pdb,structures/af2_581/575.pdb,D-exp_structure_rejected,,nan,,ok,ok,pending,pending,pending,1,314,False,ok
576,esm_pred,,,,structures/esmfold_581/576.pdb,structures/final_581/576.pdb,structures/af2_581/576.pdb,P-predicted_no_exp_PDB,,nan,,ok,ok,pending,pending,pending,1,439,False,ok
577,esm_pred,,,,structures/esmfold_581/577.pdb,structures/final_581/577.pdb,structures/af2_581/577.pdb,P-predicted_no_exp_PDB,,nan,,ok,ok,pending,pending,pending,1,63,False,ok
578,exp_fixed,1K12,A,no_gap,structures/exp_pdb_repaired_215/578-1K12.pdb,structures/final_581/578.pdb,nan,A-high_confidence_exp,0.0,R0_no_gap,0.0,ok,ok,pending,pending,pending,1,158,False,ok
579,esm_pred,,,,structures/esmfold_581/579.pdb,structures/final_581/579.pdb,structures/af2_581/579.pdb,P-predicted_no_exp_PDB,,nan,,ok,ok,pending,pending,pending,1,206,False,ok
580,esm_pred,,,,structures/esmfold_581/580.pdb,structures/final_581/580.pdb,structures/af2_581/580.pdb,P-predicted_no_exp_PDB,,nan,,ok,ok,pending,pending,pending,1,99,False,ok
581,exp_fixed,3VMV,A,no_valid_segment(signal_peptide/propeptide/tag_not_filled),structures/exp_pdb_repaired_215/581-3VMV.pdb,structures/final_581/581.pdb,nan,B-trusted_exp_annotated,2.0,R1_small_gap_fill_atoms+fallback_model_pKa,0.0,ok,ok,pending,pending,pending,1,324,False,ok
