iter,rmse,N_TER,C_TER,asp,glu,his,lys,cys,tyr,arg
0,0.8294631416463822,4.574379551780679,6.400706942618768,3.571355712513301,4.566911103666635,5.562452952358923,9.247542435069185,7.92811563710219,11.315975745620628,10.513272403327292
1,0.822308234447151,4.950657163076725,6.403628755637935,3.796272588825638,4.482335659478921,5.539502344197333,9.078180233049638,8.015187369015003,13.999999707379247,10.462690568802444
2,0.8162763240242572,6.134029467952626,5.127371348646491,3.709913242501829,4.531120043002512,5.565203286799101,9.14147961445078,8.13425357053197,13.999999997778128,10.279565857646672
3,0.8397390378414825,6.121103182202549,5.291940668007389,3.7252543829982026,4.4844363562834815,5.543098388887559,9.174007827672657,7.9913379300616665,13.999999999936072,10.523753872612264
4,0.8266586316946332,6.676813838575297,5.2638032454113866,3.6596683256967406,4.536965521856783,5.519142590892736,9.127058788675006,7.775483147456823,10.950215405128136,10.596657545491645
5,0.8268370735337243,6.433237093295822,5.140462404355809,3.603893665829266,4.5328443459233245,5.530685960721852,10.361039659592343,9.177890971366294,13.999999999991852,8.50411126286954
6,0.8342960848999517,6.391703154812783,5.223456156207707,3.680218804811817,4.493294179623473,5.570225466910199,9.16053407537349,7.989517738549908,13.999999999998234,10.281231507058502
7,0.8386750105026405,6.24476386101239,5.297387779791153,3.8672138918439676,4.467786182471304,5.5807046906442555,9.317155680782363,7.85817096912494,12.412514460214062,10.470145514797089
8,0.8471983977637163,6.40476538936309,5.523709640591357,3.842541573581903,4.457969814189355,5.5467666416406,9.349020395102462,7.808095049225437,13.950430541566437,10.497712735431039
9,0.8482325225530415,6.322759613232339,4.8512965230300304,3.8410095705134704,4.465419172370756,5.5644578187849065,9.059858193028228,8.24025506708014,11.28520440754496,10.630773915730693
10,0.8369368808529883,6.340321092152699,5.1437582164814355,3.6300815923220617,4.510504327786305,5.591480200999531,9.259336767315245,7.966408076026349,13.999999999999998,10.873112247044299
11,0.8279425239941659,5.536118382017834,6.067223546861344,3.593594781509158,4.521900634082008,5.582818787967821,9.290589816079846,7.732108046510998,13.99999999436732,10.276548635154303
12,0.8440231145565279,5.600057510424167,5.683171384565617,3.646285038418653,4.511194329005623,5.62336659151964,9.167542943297684,7.977166452136841,13.998668015112509,10.61438042032051
13,0.8278315363858715,5.715557452626652,6.236722970831322,3.517624910427245,4.519925834495992,5.500403018794561,9.240831333295617,7.9045172676047875,13.767298062179083,10.374384806359656
14,0.8203258442360053,5.197042563170979,6.1345939440513115,3.64065220151412,4.507296459424563,5.572662903995816,10.059289903271527,9.643599667867317,13.916221113949122,8.444838666155867
15,0.8279481007670644,6.3538670809491595,4.929695068523217,3.8674680194141557,4.481130008222074,5.545688928641298,9.086277341667332,7.901165196557043,10.739102442187567,10.66010432278829
16,0.828260676361919,5.407609371909381,6.180292680487364,3.775132678909976,4.504924072557314,5.517514436451332,9.284092517315159,7.9112029846453185,13.999999999999972,9.996873919830149
17,0.8414629349170771,6.041830993180745,5.116390756591107,3.6684383981180257,4.519334242562113,5.601306713431326,10.159325164025386,10.229216512146083,13.999999999999998,8.38897876923333
18,0.8450484990057231,5.376724576139262,6.160916802006432,3.6579905578132212,4.523521530768933,5.534445367641803,9.263358626169895,7.895714788950208,13.999999999999998,10.359272688823326
19,0.8501082891913089,6.630365921298714,5.071763519739547,3.699723609419109,4.518208900046408,5.573227992077412,9.188351702769573,7.971499202045655,13.983652590636973,10.471582336436109
20,0.8330789137720563,4.951187981940226,6.21388222977659,3.574893146414113,4.516032384304424,5.554022924031555,9.854672190167888,10.399083765404216,13.999999999980863,8.40666272461098
21,0.8209078033151515,5.899935265418431,5.898662792655038,3.551372661056152,4.497170693332272,5.560715719840193,9.217849265888301,7.943384533525651,13.826087342633114,10.65130176950808
22,0.8343577343493777,5.24432970412137,6.304510227709989,3.6885347130523716,4.5073499760519695,5.584103560058507,9.245996792444915,7.951576295157626,13.999999999999998,10.310434814171083
23,0.8220623007654854,5.238643625240906,5.239124356281419,3.737482521164969,4.513906708819141,5.6662119712298775,9.155066970209692,7.913373754098652,13.875350246674593,10.659725843786164
24,0.8429955183684327,5.236697629682152,6.183365595430604,3.5149976572177333,4.526625141627527,5.598202296503305,9.827388108851668,11.112230199889042,13.853485586008025,8.42417939877735
25,0.8317020192207665,6.556288897225385,5.084455394317329,3.445278834886213,4.5605983973164905,5.503048782851372,9.301219278951065,7.753953743736465,13.771804316872027,10.22250827513774
26,0.8415574353881556,6.263091063785464,5.069572615719113,3.853190958565689,4.453002804699333,5.569927241890922,9.707199379354075,11.033902388168459,13.9996340449962,8.475005239808521
27,0.8254076080737038,5.350769095901865,6.21114521453481,3.549141043930092,4.523880458692952,5.523712129700128,9.905774174470357,10.680977449193877,13.999999999999881,8.470986931252463
28,0.8426610015602798,6.34255748864273,5.109243897426401,3.7964033410630806,4.473951574915082,5.572356620564577,9.662638843418652,7.858618060709989,13.999999999999998,9.434578081322497
29,0.8226482939008993,6.325666855146018,4.8984917081809884,3.768873112797094,4.4974138941264235,5.496521316526266,9.943669194286786,10.24711138042868,13.99999997643367,8.367966366610815
30,0.8495637071170306,5.766524251649035,5.512629471567645,3.679362247652929,4.504807052946145,5.614182514966052,9.13486613635489,8.11887770323739,13.999999999999998,10.322327847675917
31,0.8407287215025478,6.1397911802439955,5.411174965641389,3.6783217785654054,4.514841983256482,5.549715602457477,9.185641488150308,7.95183105256839,10.68648356910357,10.72062889461616
32,0.8373860658862241,5.276503425897337,6.390384163543873,3.728602917937485,4.522920641051052,5.485527676050992,9.190275171569688,7.832584718125769,13.999999999008073,10.597787716756422
33,0.8414323489739783,4.996468898456002,5.95947164158764,3.6587923627542622,4.520621533266094,5.621042023151607,9.700156598750567,7.831718609658791,13.999999999999991,9.406060920178644
34,0.8369153617365009,4.973083278641612,6.675669016441886,3.7556764196292325,4.511169224233081,5.529630678328938,10.267401834989446,9.887870532712242,13.999999999998247,8.335608684684654
35,0.8290333341894639,6.2779694269792055,5.176874879300144,3.5162346417687016,4.557809863919611,5.590889523447795,10.282636639765366,9.510389089083107,13.999999984491925,8.456033319753152
36,0.8230887654996175,6.1160285503570595,5.2882203718932885,3.701035797804927,4.5043494770437915,5.574222084587307,9.426124709669951,7.841807451338887,10.21975411667148,10.490386291471903
37,0.85472544432673,5.059758267876925,6.122272353797472,3.643427877076114,4.535035467531469,5.577192353479995,10.353372130908635,9.294969851519658,13.999999999999998,8.433445609607176
38,0.8378976039240239,6.4282801918639025,5.177133072847887,3.7149096154935,4.516305536240738,5.52888177097097,9.19890935500624,7.957682164025333,13.999923085787577,10.50210032129674
39,0.8279968572364028,13.999999721273754,5.119309054465625,3.749505554504666,4.5107341690598926,5.514480528043023,9.927526278057776,13.820881677155214,13.999687258829699,8.0727518090786
40,0.8341742223415953,5.294733795359258,6.293645975799565,3.680409747444707,4.529569434376021,5.5041350777108375,9.22948424589623,7.8932447718172325,11.494129361388755,10.480210134320922
41,0.8522477947811962,5.219487678155178,5.219282901382811,3.6048887284320563,4.539895000530078,5.710364261909981,9.39070201799259,7.839332325631142,13.99999999999996,10.292475147602849
42,0.8294554570649301,6.3632184732066985,5.317416330535882,3.592592511536005,4.537602641518522,5.540363638255474,10.006565115039363,13.99999999999984,13.999999999936598,8.397048326829472
43,0.8352437216337115,5.116370865212777,6.920958682489949,3.774910592343013,4.478446578572284,5.547936712474198,9.27448089337193,7.79899334311176,13.999999999148875,10.361477333025485
44,0.8408029831925815,5.0203143452554135,6.345003678688793,3.6159673436134074,4.549921238893452,5.543898788373417,10.14454807151214,9.537787133560977,13.999999999979165,8.433581478368225
45,0.8304469119210812,5.23769462058882,6.106463392793427,3.8645723187334955,4.449039758254433,5.603371458396711,9.317518722323166,7.788873943077815,13.999999524185606,10.502038806477145
46,0.8463247505393968,4.652429304318896,13.999936178819594,3.7732332727134352,4.502092620079371,5.576082961933087,9.565336978330443,13.895120809126395,13.833403788676298,8.1106960048528
47,0.843481484428325,6.301532112930925,5.1955530795250136,3.7914281006063684,4.509629309786836,5.522112802521249,9.305588314333873,8.000592800858618,11.701656724887709,10.583758382175299
48,0.8282534360111375,5.776189003294999,5.774492994851767,3.718272781806895,4.487203600367714,5.530285782042276,9.17530029189155,8.04821064200889,10.229739076365151,10.501085333527525
49,0.8476640210196973,5.180742796936547,6.373917560775898,3.721156160067206,4.499413394532672,5.578020439939576,10.014056207145098,10.578057855598603,13.991020674719786,8.448531469383877
50,0.8320015022296888,6.226486381800743,5.145184909110834,3.7027903098718364,4.502096568824338,5.5650681997951,9.216393748726986,8.00362494672436,13.999999999999998,10.718615171241565
51,0.8335359749777015,6.3575211217829946,4.734464574937768,3.8245100243022767,4.490423576194003,5.539793831996945,9.185271878854872,8.038502718922363,13.999999999999844,10.558977079186631
52,0.8287148179346349,5.340675619773209,5.348485978077546,3.6738484798354696,4.524170427236531,5.637180353295455,9.994417167170282,10.272076037633822,13.999999903137294,8.497803088740557
53,0.842427998032297,6.204196177109968,4.853489344539275,3.8612902414192605,4.471684531511997,5.551126539319003,9.836348611739245,10.174750063189428,13.021246642620804,8.384864224252134
54,0.845963505431606,6.0804196062618505,5.296487630304572,3.6914294709473423,4.49879541562565,5.5883912738155255,9.26453217664659,7.839890534142076,13.99999804228609,10.559249191547618
55,0.8339138523511499,5.8347959645055125,5.433831023662813,3.7363069919971243,4.498144105168525,5.584820248874556,9.369293605794939,7.821598663713642,13.999999999501025,10.297611949101812
56,0.8362079100739674,5.023940270597061,6.423099724791905,3.6977806071965937,4.494711675517588,5.602084898776622,9.347768045111224,7.813874141405931,13.999999999999998,10.21647866727782
57,0.8347926929282546,5.778856550739068,5.779661270428169,3.5109436661888282,4.55287453623087,5.50269692702326,9.831093430032736,13.978553526524715,10.702071107848175,8.438222361753887
58,0.8424201335339441,5.136200511562857,6.121660772600571,3.6656025648043697,4.529092431108667,5.578313516278289,9.251781116344738,7.844883427088727,13.999975654431019,10.052511144212952
59,0.8525563809056707,6.052477787756265,5.19605521588716,3.8102480619824375,4.4978453579171855,5.573641952105912,9.219341101686556,7.890760199388184,10.968791080903413,10.45552571294772
60,0.839170178949448,4.833922238755596,6.513418382359556,3.7783466929358256,4.495507114884594,5.579681398565024,9.406081777463061,7.744243090705181,13.999999997856554,10.296446096959054
61,0.8374775396650176,6.331782219043102,5.33098271826098,3.568623342687031,4.5400462497513425,5.558917455178781,9.348192423954607,7.837253213546784,13.999999999655783,9.869214437405931
62,0.8416195041981004,5.226341776353522,6.589788879750336,3.686442833652588,4.48432887799697,5.54015496404403,9.325934998897813,7.906910157559699,13.999999999999998,10.501067603194691
63,0.8293527449309547,5.614177260224117,6.144824769111993,3.5750581685537934,4.502375407079096,5.528303266743452,9.256678502658565,7.746884455282894,13.9998961594627,10.360046645473584
64,0.8347300299203181,5.561259639552546,5.5596219013005665,3.7165524649906008,4.515876104026192,5.548889121153636,10.07292164685754,8.13396038536445,13.999999999999998,8.866419016828031
65,0.8378965596651698,5.960017898725913,5.959731046470373,3.619661341920571,4.540547020075321,5.473753182619292,10.218957352312692,10.21505443751563,13.999999375130287,8.374743283503962
66,0.8460394031379161,6.443191227883673,5.4126666137707975,3.6535475553471017,4.538850230046199,5.518648376696344,9.28587170800949,7.7226246689477085,12.619413690073559,10.5317554055451
67,0.8523209317925599,5.567960238071817,6.573897783872459,3.6007389564318157,4.524756357946042,5.523660163006559,9.323828820943282,7.934842333927981,13.999999999997158,10.158090449237651
68,0.8352563605292099,5.2480750637021965,6.191131184000254,3.7898999867977805,4.510429240265304,5.545374602551194,9.187588069242334,7.960856081824488,13.999999999999858,10.100851391875741
69,0.8369962938473434,5.293567573471063,6.211875606598446,3.7697776033670634,4.46190447340576,5.574913787591217,10.03045683459187,10.157748741065697,13.999999999999998,8.403614155198733
70,0.8207578652295524,5.2800045891579845,6.189455461902932,3.7591927822825344,4.508668592935287,5.548816543808962,9.784573537694431,10.568549550139604,13.999995377832162,8.47069208558098
71,0.8182348701018963,5.121989567875498,6.350662045912458,3.7219242080550514,4.502206269149855,5.579636441807808,9.397232654542881,7.851345633958353,11.076692404732434,10.562972397673317
72,0.8348743983780658,5.136132701590682,5.135829305484489,3.7533753723412526,4.536745237976443,5.665990354016541,9.294307675694098,7.855454064741619,13.99999999999979,10.599322630443336
73,0.83108263780324,4.958596417638158,6.033807616168174,3.74029221638599,4.5386893254540706,5.582082922335296,9.886521771889795,10.899875768931029,13.837316751100609,8.452658528131748
74,0.8414395177747013,5.074614395689825,6.365408254379113,3.73547295376813,4.543276160324474,5.510130714635234,9.329180041021363,7.892060776966744,9.881554506032359,10.598513166237636
75,0.8405996401016252,5.449407437812143,6.339365833077932,3.700910220730348,4.520471225698911,5.507326190353217,9.254249403651956,7.9082786251482835,10.80975634535082,10.101006845909446
76,0.8298621457847717,5.268673512341732,6.365777683871342,3.769719273411871,4.49144270203146,5.5580636015285885,10.141767627814913,9.61146911455021,13.999999998750274,8.439386543855518
77,0.8456974394546117,6.2634072762451565,5.106558543503444,3.6940528826182404,4.529004642746123,5.548999565098768,9.903147361958679,11.507596741226694,13.997883188411786,8.510920457269378
78,0.8423500399164323,6.492913498617442,5.175495578006214,3.8188115020448055,4.490733478003303,5.523354135247691,9.086414286118568,7.923115044605629,13.999594158356555,10.591478463122714
79,0.8417150099263628,5.006320443930999,6.218325721443118,3.721872899738167,4.508659905507356,5.533774229425411,10.220190861487792,9.771480812653522,13.999999999999584,8.411616509585505
80,0.8418981081782146,5.359892553235396,5.35907532944553,3.7159972771587007,4.512753591240068,5.648192619558133,10.028021157668901,9.910571286861014,13.999957041956266,8.458572532046961
81,0.8448842538645058,5.711380680454368,5.700601933137761,3.8102819140487356,4.478612456384854,5.587872563503548,10.119298278460025,9.65109362587381,13.607724618221084,8.45908130423235
82,0.8391190598052645,5.849047817979996,5.279292803362402,3.756335124621083,4.467405345161068,5.663031232283936,10.263687524131754,10.668741829368749,13.33301637744704,8.379262434220516
83,0.8412822071257937,6.187104789468595,5.423217285022141,3.6423891762606293,4.521912297783897,5.5395773009731535,9.221037393409492,7.9605210339507835,13.999942687266984,10.286911782842605
84,0.8358936528124734,5.892599464295977,5.907698556101803,3.707240664148367,4.499327012662179,5.506284576968776,10.193974886294082,9.179793450866503,13.999792501218481,8.310464117481642
85,0.8388078385873948,6.180432863275642,5.276265432063941,3.622711542652749,4.523538498827609,5.59446746365304,9.15461234465392,8.068013186999847,13.99999987681187,10.48204951600797
86,0.8237178964999595,6.077118671542231,5.373360295509691,3.6679378745181284,4.473803900226448,5.580710638326193,10.139940968119058,9.79262036144371,13.999945498627378,8.395743044540191
87,0.8354283211962268,6.621088274233893,5.045233394222465,3.8258565406191694,4.502836139879164,5.480157731206842,9.402149586773353,7.768424891187463,13.999999999999998,9.90619205839027
88,0.8222620336777445,6.437668380288219,4.968459590999828,3.761233189392258,4.523206356762897,5.525821284091821,9.160549899372056,7.999438201778933,13.991701596958592,10.414497591218376
89,0.8462412465344499,6.5033907190717075,5.047875108793567,3.62708782076869,4.521261642914464,5.532030454034059,10.081846442830976,9.649201332684727,13.999999994856088,8.41040220371534
90,0.8412733670807832,5.964720842764815,5.295365322177177,3.737522361964825,4.49601078305123,5.572734850641025,9.970103046916208,10.946948878363253,13.997014307822987,8.463457970490387
91,0.8304855852213826,6.183553715512499,5.32503068148142,3.65279660912772,4.518775221780346,5.554149365612199,9.286721432677933,7.831855412100129,13.999996984546263,10.632307285911315
92,0.839220978970617,6.35875582956683,5.191622655507951,3.7629911999652164,4.4806925486374745,5.564288560328775,9.290903173284882,7.858542558266981,13.999326590889188,10.675112510176117
93,0.8355009006153689,5.915552813716959,5.409196509687921,3.661862000773413,4.486986801343355,5.5944190139050685,9.89503269790164,10.056995331278031,13.999999999987626,8.456008324643461
94,0.823080970325425,5.406702455114975,6.289474698503093,3.6764973468009985,4.49815615652026,5.559585576405937,9.347072833228896,7.788713382019237,11.483788717076813,10.357116462478427
95,0.8310954999292214,6.033871241022453,5.434861881181928,3.717631836379504,4.505629528364731,5.595040754671382,9.948314782115323,12.378610884200722,13.999997994894269,8.444833215208876
96,0.8500857320744738,5.833120244705175,5.4226805178952695,3.8167216307355796,4.463127519626797,5.611851970555923,9.89499363805474,10.901736855311457,13.362821745224254,8.440370730126304
97,0.8577509814007418,5.130402630928696,6.231028005187901,3.6962928945616094,4.498291532585096,5.609372173301599,9.32396567599837,7.846574144640089,13.999999999999986,10.333110653445624
98,0.8425975626896663,6.268304680260522,4.828279112080176,3.6871414883150675,4.526536603469155,5.588329992599857,9.30943947322981,7.788908546662626,13.999999805591223,10.427118887134398
99,0.8326236374163091,5.948874998053252,5.370388771470662,3.71948611795618,4.508007515877583,5.566055391045458,9.823208646210194,10.701149289828086,13.293454537173139,8.40994333285101
100,0.8303207442201718,4.707670807156938,6.280794950528332,3.7614088472853084,4.499718084347599,5.621275017262383,9.212119218082389,7.953103538412336,11.210328478057045,10.630519773181339
101,0.8332681354932641,6.631883175776129,5.151225520829908,3.4166680798441065,4.594914280465948,5.517645725622752,9.220121997520206,7.882669728730144,13.999999999689457,10.402139248674029
102,0.8171680004113767,5.941161750041745,5.208334950882992,3.6141997624722353,4.512351000743764,5.592678120400092,9.205997485625081,7.982329841550132,13.999996484336414,10.522287953147007
103,0.8487059170281009,6.489437125805077,5.202951448876172,3.7206809476398632,4.522610669160353,5.512515445711556,9.198462924440593,8.092274592561886,13.992202109308643,10.562334579376865
104,0.8391279250759952,5.984597950067949,5.395748302295098,3.6530233450167686,4.502844355475938,5.600840808969629,9.983477545111969,13.99976543020694,10.817438173717,8.423433916658713
105,0.8308585912505185,6.443595347453683,5.079788752713187,3.7096495256319866,4.501170932623011,5.543417521372554,10.099572628000313,9.943294391839324,13.999999999999998,8.324777518922497
106,0.8444442222831083,5.420495433812496,6.3855290572689,3.757320202021193,4.502853738174995,5.501708409297609,9.263810402006605,8.014268333299377,13.999807665710579,10.394976971419961
107,0.8150488570878157,6.375990567281541,4.537111201390694,3.60293022725427,4.533340880165801,5.591089978799601,9.182084870771934,7.8484547385637775,13.986306418260897,10.38770510751537
108,0.84413182479447,5.262973642082873,6.086161956838754,3.5198797289598573,4.538437473141605,5.566226768116734,9.240219337002472,7.964674558947215,10.614568875047256,10.536869236856072
109,0.8431947322393711,6.25492785713883,4.9908397880772535,3.6127787218131404,4.526026806389998,5.632075590475473,9.295596538099808,7.861190197071487,13.89366955058491,10.279006939067031
110,0.8274624052855098,6.216697994173413,5.399046999491078,3.755938772657239,4.49839301089604,5.520002438493708,9.168229653634924,8.02381433545387,11.799945514397594,10.590481529546933
111,0.8540752029208842,6.51243523132929,5.021248834572434,3.648022866676263,4.512662723869254,5.542850287615126,10.133154425460274,8.914363834876548,13.999999999999998,8.494985078967268
112,0.8280200051877213,5.242443986483052,6.249039490236404,3.6276690280156587,4.5256079616564415,5.5826279747595375,10.201302576263512,10.9139488033058,13.999999290236392,8.276962202444096
113,0.8341694759679492,6.421740884666646,5.3788195000072365,3.4609350542801205,4.532835457020852,5.570415452272199,9.310270955203965,7.825730766212827,13.926945494618238,10.346861666128309
114,0.8362637436744428,6.101319323069246,5.364664032615457,3.6284673456975076,4.542201931056804,5.550431738095016,9.217708727252784,8.045404294809488,10.403236080898479,10.403887389064009
115,0.8382657189141407,4.903186346056019,6.3937290933395445,3.675736783341828,4.534283721887542,5.592974632587836,9.28625931441807,7.859171212185849,12.487385696472005,10.289338887759053
116,0.842318208314312,6.497488277894469,5.069895586885608,3.682279225363436,4.505950546122722,5.583760493668265,9.043549507771623,7.948744288242329,13.999999585741318,10.689169444835969
117,0.8258242910374748,5.0341870781230575,6.00732599581757,3.638202711717973,4.529273943720932,5.601136201503197,9.931619669328585,11.341812357654616,13.692376951386553,8.405211991843808
118,0.831445505366675,6.157602422453225,5.0043136517018665,3.848721868729075,4.462128992001665,5.652164267160243,9.313447310089636,7.767967792844623,13.999991921360738,10.281835119746894
119,0.8375750110129492,5.297722565991698,6.440512969711653,3.57481872917595,4.519813768504312,5.5503512108704856,9.277875550885186,7.890719751012249,11.989121627418433,10.661686342874638
120,0.846589130096805,6.439753355021298,5.643537925168773,3.8935963178119186,4.4571424149059,5.482585757157495,10.239269423939241,10.812433602248468,13.999902987256034,8.37117971480545
121,0.8424446080961819,5.153240507473977,6.220902630391659,3.6663008228388327,4.5509254942923985,5.540247337373703,9.980839182379976,9.722677345890618,13.999998925454108,8.337419074820017
122,0.8270167090079206,6.306493500839824,5.5074101187172335,3.539855508501278,4.532284416273698,5.526175360876707,9.18804301422285,7.937139384894315,13.984702157189568,10.6688663040441
123,0.845141784400939,5.517868299578912,6.345607756859126,3.7769426838824054,4.4713199945355875,5.524313660630681,9.187325862333719,7.892726845301226,13.999999204363421,10.456451262468425
124,0.838355642071678,6.292018803590586,5.21388329124033,3.685407153347611,4.500363849738149,5.5609588795853195,9.290210164924567,7.9020850878544,13.999926598179352,10.280362230583853
125,0.841645862917662,6.4448391954669635,4.911103038766922,3.7294369862444885,4.496087877090461,5.535399319172659,9.27613596116128,7.912839085131422,13.99948892511125,10.457226284650233
126,0.841009083117428,6.154755655665631,4.960148989367317,3.8313426536722024,4.491751076276277,5.593758780106769,9.578029889071663,13.999964422538508,13.988208703294347,8.502292890178035
127,0.8354169911727959,5.051218956170293,6.141445310561059,3.7851450527168624,4.482011184300609,5.574166489627779,9.855609023352992,10.572829306484923,13.999891472263757,8.405927210131452
128,0.848656436914146,5.823359635913919,5.842884614210388,3.6738196271156474,4.51306174642365,5.475342986297683,9.296475544684604,7.909037990524807,11.709061083707835,10.522501009418697
129,0.8439802694850538,6.042223238990145,5.249574269408023,3.642168331200576,4.514996381190633,5.614150375391738,9.321890420267874,7.759387080719111,11.000239573719751,10.553856171397543
130,0.8295715800419681,6.203649948672713,4.985824636504435,3.721592934813039,4.48710243223712,5.563180565717874,10.36095534208211,10.84300892564785,13.99858110335365,8.405092306924296
131,0.8409697433277413,5.229505774605476,6.627912767526986,3.6570921303328467,4.476299147254181,5.590894857163973,9.32159794420886,7.764483355899144,13.999999999999998,10.295445568106798
132,0.8356987977533367,13.99998840125858,4.930850572287327,3.6638617636179402,4.5705486084226905,5.402105301854986,9.603396688146042,12.151070945190146,9.862090811330326,8.114117403437957
133,0.8452582306120359,5.175486100894546,6.678552388497918,3.563488079475216,4.5296651480615555,5.541605776604147,9.300765320239705,7.811673811086436,13.999999999983409,10.542092824317335
134,0.8244161435690389,6.457310554393093,5.015600018949903,3.658317894055167,4.502448111044743,5.6118935495909,9.194616983562849,7.9448623517028345,13.63842519121743,10.477786724231706
135,0.8422902095890507,6.34117076594654,4.848014451739027,3.674561113584901,4.530210289721738,5.558343354234172,9.316617214203545,7.792296927124997,13.974858396837142,9.979548583385169
136,0.8313460410702631,6.371377742250462,4.897742055648318,3.5976197939812473,4.52519559672093,5.583139855537892,9.297849598850377,7.903540219659858,13.999999821628572,10.401504929350256
137,0.8352529539703557,6.121657243416969,5.25180738843692,3.6058576719586015,4.522650849913467,5.60086939899224,9.298936047632099,7.993225489259967,13.999999999999991,10.0780737779175
138,0.8383202582160854,6.504602624063584,5.252333369351264,3.572878387184599,4.538435064860012,5.499537102302777,9.265541181513399,7.954134827754954,13.871710354458251,10.50173385646696
139,0.8407958613778054,6.4991225638055115,5.132289050645045,3.596958431109769,4.5499400095580915,5.5148028430203135,10.046973296578475,9.652846991629312,13.999999999999998,8.469367231170354
140,0.8411705242753801,4.991516965792609,5.968538426113492,3.636267161126682,4.499905505006082,5.6691072418612105,9.334231729429113,7.799246189581899,13.999999953556284,10.096418523223877
141,0.8419712025031055,6.219198714885277,5.438685129297941,3.7625234157158487,4.472319309045616,5.573706005460658,10.258849979938406,9.302604095004277,13.999999999999998,8.461835924588968
142,0.842610667491907,5.031380352750884,6.480906427071048,3.8625667053209702,4.510419096896618,5.470283173600089,9.202651714300668,7.890425013158452,13.999999999999998,10.612408657646107
143,0.8421601063008156,5.140244361649627,5.1396266350629,3.676949878123607,4.543102858114824,5.684191588799917,9.090614396329961,8.063585104923371,13.969520650468214,10.613799904845747
144,0.8341733259466093,6.314232071406208,5.24294628430202,3.6735471565113293,4.522117367835429,5.537584731413554,9.898470986768853,10.282532898435141,13.99982994087592,8.498310619387425
145,0.8535650846051364,6.385162615590945,4.976571824491313,3.6537651597140455,4.547236687290001,5.528426932623058,9.182532806104136,8.01381973700778,12.041792794794627,10.520196205068281
146,0.8306864442089422,5.675012268580703,5.520764810151148,3.6962359313348983,4.504307910324686,5.557915743803044,9.960400943694932,11.843663611465034,13.225739812853075,8.417652440555553
147,0.83472728170422,6.351393146528475,5.060747898221214,3.6734450280583144,4.491350337355487,5.606767551539524,9.36527013403213,7.692856025713068,13.999997461540564,10.445638880278358
148,0.837824954817491,6.246756570381998,5.151929772342845,3.7487828318177754,4.510455441682601,5.567525226777359,9.22894521008516,7.920817661339722,13.999999994934276,10.545568633694822
149,0.8367525356907701,5.230195082627121,6.031155897650214,3.7613439004753864,4.486015414606104,5.550775579883356,9.971376150340317,9.982992965750125,13.999999933707906,8.434077708099098
150,0.8588879244196177,5.26820175187447,6.540430927641636,3.6367463512391254,4.489336855323025,5.591102353426965,9.299107706617091,7.8240864458226325,13.9999999999976,10.472995103981097
151,0.8499207964835944,5.784287359270661,5.290539949080009,3.610096962317136,4.509518095298909,5.622529600932268,10.281733605897042,8.0573792955917,13.999999999999998,8.825046195212547
152,0.8323407852758974,6.3896846847579045,5.272935321303636,3.7452454709949774,4.471888256261534,5.56615282394282,9.166704476285986,7.853768333920056,13.999999999910193,10.527602019086679
153,0.833184830497594,5.893735440513546,5.347925856984863,3.7102341561460164,4.510047457616889,5.582886852606221,9.962350057720682,10.886082885660928,13.998949787978066,8.420331728240827
154,0.8430217842951944,6.22474938501328,5.37802660108529,3.7315466278932603,4.498160845979147,5.5889337283497635,9.277736498348323,7.8684676838170065,10.875517442935173,10.696628831527526
155,0.850643419486855,6.371489038620607,5.46269364797438,3.876748168293594,4.45929136762096,5.526195617329327,9.306451069523899,7.772929425512964,13.999999999999941,10.13844556840901
156,0.8466755483145139,5.778033527423173,5.77247842610936,3.701853067734801,4.492878422137777,5.600927380195069,9.843678043589998,10.519403762320893,13.739835130104758,8.502190172956553
157,0.8373254951930168,6.377910291221031,5.218025002529449,3.7345769935135937,4.506322776855131,5.521965246551945,9.222679138682675,8.01072623596917,13.999999999998032,10.572185046633887
158,0.8288255493534273,5.042246004167771,6.016588310903005,3.7482764840364355,4.506801315250079,5.580797907378691,9.900386511513656,10.922691926813997,13.981652504570162,8.539698649103103
159,0.8380845826047716,4.671244882723037,6.785724027613318,3.714035394000481,4.5293966968277175,5.565873143534563,9.180946294702485,7.770783738274388,13.999999999999782,10.354598536285971
160,0.840016571139738,5.8184418952547095,4.99907159389932,3.7626675948848063,4.508040027628542,5.629330507787764,10.014266504845416,9.778707546102664,13.99999999999994,8.418560127631547
161,0.854844855992489,5.913974358601164,5.294893010969788,3.6504694691267643,4.508326652094133,5.590382407023436,9.860065912311502,11.207676050765496,13.999999999999998,8.460845930244174
162,0.8418100501046634,5.166597083383629,6.355524092265544,3.619958339548475,4.528647010012004,5.533072711881158,9.2498108956653,7.829146458347657,13.991854314025119,10.304662353608325
163,0.8239391830784139,6.433408811982848,4.946930062525413,3.580888506298062,4.542517405739375,5.564735234023197,9.275147788214309,7.709144906161647,13.998158940282782,10.602150615104113
164,0.8350896663163472,5.1889956267533766,5.982927421193206,3.7061640560837033,4.526324445597145,5.606631979054216,9.323722124536621,7.8556189217077,13.666336647834703,10.396243367621867
165,0.8368619697648353,5.171296931598693,6.4007141253997,3.8556784824596013,4.504171334013789,5.5301314478095485,9.327065475101564,7.9363284034749775,13.999999999999998,9.997457033874074
166,0.8504730220855935,6.513481212825647,5.342967845063703,3.613606575404128,4.501735274801435,5.554619912326966,9.198204385685877,7.900034433773429,11.199688036809405,10.57999584142615
167,0.8422200171025416,5.36337382574185,6.5271526676623,3.6634350886937597,4.51065068604058,5.512751056798203,9.347726777444715,7.816736462645689,13.999869701906745,10.457558136399005
168,0.8389392279097878,5.212974426801506,6.562557049763088,3.5116086595573495,4.540944536400609,5.549889783534897,9.215599912059448,7.714235234496336,11.171040667346292,10.453262277551444
169,0.8288150173119618,6.410314425049007,5.0797793723308615,3.833824108308782,4.4755079985136765,5.565783837290934,9.270229504919167,7.916783493595821,13.999999999996374,10.602062715959388
170,0.8514490692101812,5.234212121440174,6.587548538753526,3.674172760730842,4.544322798794307,5.450214203035613,9.305489463801884,7.8159986842858,13.99619592623838,10.629313819279439
171,0.839759493452818,6.357510260828519,5.059603347348665,3.7970095133577724,4.480906136682497,5.589293524327805,9.239662038695014,7.856462352845468,13.999998613974782,10.690133984997557
172,0.8464715804587762,6.37888918263218,5.210633489894037,3.665905238514229,4.519680496186345,5.588725722208499,9.24839499728327,7.955768683175452,11.25648474801423,10.265173022561425
173,0.836977235417211,5.491604834046729,5.489549340015449,3.590691428162138,4.525084674009251,5.657484535895542,10.108648667238223,9.93753896880029,13.858403502803474,8.439146758024217
174,0.8286574885657649,4.939727583661917,6.421100316709049,3.5320028253835787,4.516498205021033,5.628232133284869,10.16290303596534,9.843186383886463,13.999999999998822,8.375160731274407
175,0.8548983345415104,5.057107640487437,6.459129130690768,3.7359375784656232,4.476149311633349,5.629016816395223,9.182767164853331,7.912634556904955,13.999558839159535,10.614595846705424
176,0.8458169758129367,5.1680950062293585,6.350802591473348,3.6340194266807093,4.514950453814992,5.5714900974384065,10.195717798096505,9.256186597164012,13.999999875942617,8.40759784555445
177,0.8331937428739745,6.504867162615601,5.266909892058177,3.596842569373416,4.4858990584395295,5.574517047985935,9.275362231003097,7.764922130961684,13.905730860886509,10.317487294944343
178,0.8392634662094604,6.38325289275286,5.091675699520457,3.408471819839642,4.547238150958303,5.5879127204258765,9.854549864273508,9.989974362312221,13.997901749811048,8.405271834554371
179,0.8454173120975058,6.207896312096792,5.183152729842133,3.5936378671902527,4.5280647819559245,5.5913073925566135,9.305702313279571,7.884032591464771,10.830451497187054,10.520936493814869
180,0.8298492098718949,5.9838810525232375,5.6341495915719,3.703550830183265,4.4906276564168355,5.558655825527922,9.212125709657558,8.063686632542236,10.980339161687187,10.569451573239474
181,0.844675075643789,6.640964611415497,5.511409326223141,3.657884570746396,4.524461511721113,5.474351161954348,9.32635196350307,7.731542216513574,13.999999984574163,10.163734960697482
182,0.8267167308460425,6.349495086423976,5.46519588433214,3.672967219094906,4.5020165312932665,5.470099221434431,9.2264378143384,7.7893420186427305,13.932531235822417,10.417480360864856
183,0.8601681465336273,6.118583180306906,5.1592905035369805,3.908285866690637,4.477073591174141,5.530538856474946,9.310560906414038,8.009599851986335,13.96929145846962,10.4398600998262
184,0.8441629767328197,6.420248551911816,4.870321137706299,3.6908316284843883,4.516151955589022,5.578043267737064,9.310796135977943,7.846862352240307,13.99999991765446,10.185821094098586
185,0.8169165584374902,5.986654597023662,5.081619839686372,3.7225859723614723,4.499072074424993,5.593645931949621,9.406960890589627,7.879021444568526,13.999999983502477,10.15403463393627
186,0.8368993239584408,6.774447295502786,5.168161430531372,3.7409381595536955,4.500657655282247,5.549902557576251,9.234420112238068,7.780606770175568,13.999999999999245,10.525497116469051
187,0.8328581727815574,5.2387950427814145,6.425102392949089,3.6588472562389773,4.493124274157631,5.552220628736821,9.98112091141393,11.682871823413905,13.270023549567753,8.425070339117859
188,0.8281696921691798,5.24704462473151,6.230943160929248,3.679544942551725,4.472209779159296,5.606649874861738,9.281626617476867,7.879610644067787,13.99999999985947,10.356622773767088
189,0.8365813441077998,5.306018810690049,6.17369393897519,3.6263104662997825,4.49708595320295,5.598268031098591,9.284050270450042,7.921708102428126,13.999999999999892,10.62179978677807
190,0.8454209788140272,5.146023811316084,6.293125628331579,3.704653088227313,4.52508825776293,5.5807987932778245,9.09282761300441,8.134127874445058,13.999999999992355,10.499309306759729
191,0.8343830912003399,5.621354081125476,5.6195379331507125,3.7215745009364656,4.484112343473286,5.572832387238854,9.30594307113784,7.8860454316699995,13.993742601023792,10.540682654920095
192,0.8488157734636029,5.237009040469163,6.517588745509977,3.707769960523091,4.495069035133541,5.535838978645512,9.165466576131902,7.963086769464578,11.318262550172761,10.704485139154484
193,0.8322730483975315,5.573782159781975,6.278398880596811,3.7517213521843247,4.514243107549384,5.482011735073372,9.238975079214681,7.928530192911483,13.999975350554143,10.342667270839227
194,0.8309128914258331,6.259605608111444,5.394868620634215,3.668662462760231,4.478025905599021,5.581646098331964,9.104413344808584,8.146253929876202,13.99254026350854,10.392703259449364
195,0.8507810484543195,6.060544893063574,5.27563508161078,3.6926186541521733,4.506234936872025,5.580376247080476,9.194897966479905,7.883240280449869,13.999999995903453,10.348058711822672
196,0.8467009116307962,5.245621550685139,6.31006385151642,3.6212579332611106,4.520941448300603,5.577497915298764,9.916774352605742,10.003698047461063,13.984754159847778,8.406874647929142
197,0.8310716586029738,6.713997910257386,5.191301952675179,3.855604204162166,4.448613600855765,5.5232174222402355,9.432921273336044,7.750217448895246,13.660892110815784,10.223106056285413
198,0.8406793014749402,5.252902869705099,6.4497138525715565,3.7944254240586064,4.446884644798645,5.562227766477194,9.289346866466035,7.868928575597982,11.10315597186561,10.504247257425929
199,0.836202546497745,6.604254303867383,5.26771616093551,3.769209856294684,4.5036281195679555,5.49890296697634,9.244019483671847,7.958003734397655,13.999944564817598,10.451034020985572
200,0.84807292950834,5.481474440215735,6.295185023658742,3.849814459798381,4.4616791870246715,5.544946483585225,9.326942909353821,7.81106556097816,13.999999999999996,10.322539863254452
201,0.8296609249900361,5.109089965770514,6.1843661345439145,3.541141802408514,4.544852070273908,5.579789580232345,9.911213174470136,10.744746133148835,13.999999915806493,8.368958066880548
202,0.8466110859902266,5.131669309975311,6.382716198547866,3.6363070821503216,4.535177663624871,5.543547010452049,9.346947723442845,7.872477802562317,13.999999877591655,10.404673546992775
203,0.8314121486181599,6.4907049356417215,5.253464753376306,3.6275218797578375,4.512189660787073,5.560707526462518,9.209129164774287,8.078354216902406,13.999999999999998,10.03031437418344
204,0.83830923541956,6.286395840654684,5.36193787709731,3.665704308635664,4.502354621452788,5.557705340009277,9.269382016223602,7.766349085606477,13.999999999999998,10.691937003443849
205,0.82763162520548,6.13545723153523,4.914363573123028,3.7869673264779062,4.509230703719149,5.576522414141704,9.170192853541575,7.927087833079723,11.228998257955837,10.65041750482369
206,0.8497911640185573,6.305759609793133,5.425452562731178,3.683040830207155,4.514496569412658,5.5712128189723495,9.267777499238743,7.720143466586579,11.967738413147314,10.550013926697918
207,0.8440439878832138,6.326037611661913,5.313010614137816,3.564082258711863,4.485693918937118,5.59656675286855,9.303913144207188,7.8737104848976145,13.99999998986882,10.497147895645337
208,0.847057905434603,6.169315463975625,5.125455929436101,3.800421767411485,4.472668902461652,5.584740160683314,9.220022850809347,7.986283975144227,11.186678895173968,10.548215422637941
209,0.8427345499937738,6.255523966540389,5.475034248787328,3.6257594549892693,4.500843838019194,5.5552209448796495,9.149201841902002,8.112064825896859,13.941996706883007,10.562479602671315
210,0.8465900917157136,5.008314830188419,6.176566526121758,3.8125940504927813,4.486376040214843,5.619218962520517,9.955471781153461,11.455150145281213,13.999999999999998,8.443812632434275
211,0.8538823152057577,5.320775642228361,6.199493546181577,3.6205310837924265,4.525201984455033,5.594368321817149,9.291144245080478,7.939646134440625,11.029477367133842,10.2565988473049
212,0.8416929323066121,5.019777595960859,6.099335203688812,3.6988470364762565,4.537478999002877,5.546934266694375,9.327130002149211,7.958227178126763,13.999999997260261,10.551098523152532
213,0.8500395142768757,5.404705279976129,6.393412101999997,3.7883083848524235,4.498715023087708,5.540714004458599,9.818353535002807,13.999999999999744,13.999999998129844,8.458746022039383
214,0.8324794176381046,5.567879538323237,5.5681815390416105,3.637525019281474,4.532513655438994,5.544896160118853,9.133835692169988,8.024182895588995,13.949128030306598,10.558229934714198
215,0.8225574878974321,5.361881019251405,6.027968898918189,3.7650147933131732,4.4812318563732205,5.605215894480215,9.229149046220716,8.026758615674028,13.999999999861652,10.487613440746927
216,0.8332622341498813,6.188524004583349,4.68827851294926,3.6780305684981327,4.497869777470934,5.62240261749365,9.265112117929798,7.939071827379541,13.999999999999197,10.51299538180295
217,0.841120639628232,5.250305649476053,5.748463746415676,3.749692570385963,4.491600885564563,5.605412807274891,10.032014269438196,10.116531420410777,13.999999999999957,8.403711245308466
218,0.8399423591762367,6.447336118271793,5.133047725760633,3.573295729073557,4.552979568390377,5.507352389060287,9.330439395491808,7.816395515439378,13.999999999999998,9.97255566337991
219,0.8311848744728165,5.2341681202085475,6.233235968348319,3.641819861772706,4.536926316439142,5.535803190178381,10.034255547120503,10.197211794052617,13.999999999999998,8.3682733943051
220,0.8624339936681344,6.133957935060726,5.570559004797665,3.7428430792716942,4.4959208827283055,5.52031007464053,9.250047403716168,8.075489496544547,13.999999999999996,10.007569186359932
221,0.8464881072026275,5.944378305865168,5.249591673159251,3.6146891872072846,4.515601330346008,5.629006399105074,9.11972235482694,8.084910456670142,13.998634100853481,10.487072906233664
222,0.8262407097983892,5.8731282863783685,5.213176546333122,3.5173410783538936,4.536148378812813,5.600999935217119,9.234526646306195,7.967513797351974,11.031636720754415,10.695316138381457
223,0.8477871919457858,5.1320536488218575,6.540255428431189,3.686680331532542,4.501722282559034,5.5337214120043345,9.635071893656367,13.120052597517724,10.583607014631262,8.444640944914545
224,0.8423998449006211,5.390838468394384,6.373242546806877,3.7740823875741447,4.469605454152223,5.534919764233692,9.143754569132177,7.921440791629955,10.765402382595711,10.47514672475757
225,0.8435045233680065,6.537708101697148,5.039348778905677,3.6982131573433157,4.516871001519689,5.599021260561581,9.292588539622276,7.67490659834465,13.999213033126052,10.09004544480911
226,0.8345266694152236,6.461994920700513,5.166990194894934,3.658597376494923,4.484537311545259,5.552624745687242,9.354609125523869,8.027443739727454,13.996460705201148,10.540526851634016
227,0.8404695973476377,6.271988304487481,5.240886242246254,3.6173777183085543,4.511214581833403,5.577388954912249,9.219746637553847,7.8914421225931495,13.999999787025885,10.575743222387434
228,0.8438463920515507,6.200664140069988,5.59150353303669,3.719102233774721,4.489604566738308,5.5442781080347485,9.22304322951816,8.085307209492852,11.704157807616019,10.467845119542627
229,0.8324987333681988,4.964229595245777,6.378117952461303,3.6007413552570546,4.5283253155547705,5.552927030427519,9.261893214849694,7.836137896054808,13.999999999871712,10.038439896795493
230,0.8374483614868096,5.125497646395402,6.53498300863004,3.805443038773621,4.492561250154188,5.551220280950233,9.272651600001788,7.991901195606487,13.999895482899474,10.267982380204536
231,0.8330454854256351,6.208859039672141,5.085783397760233,3.813129268337253,4.519794617726804,5.543961658584535,9.254423110266016,7.86176744749939,13.99999971380583,10.658150562030404
232,0.847196290959168,4.561868174579407,13.937902820960998,3.7685520769568632,4.567703130687479,5.47175680188168,9.782298722920704,13.941680063514998,13.952779145882925,8.18083979532789
233,0.8528105445134353,4.973073037471206,13.999997940155342,3.667667523335752,4.539790311595209,5.479097821428382,9.888189730688955,10.63960031466158,13.58196374886884,8.061923846252919
234,0.8363550792461635,4.988065557026275,6.203341530872761,3.7544286926461954,4.492764077401991,5.559398034762796,10.216335340446754,10.56180130005249,13.990435098602902,8.380027510724105
235,0.8310372993329577,5.36777681601424,6.550643653165697,3.654101436374883,4.524462518364391,5.497214893252251,9.775331938539459,10.64259354981618,13.99999823861612,8.349329301519564
236,0.8221428526290527,5.4421346712670235,6.362064748837717,3.5929382053465413,4.520547129921741,5.535007683228695,10.066874311919348,11.00408775804084,13.999999999979224,8.377113190171762
237,0.8348077910036341,5.018338345734439,6.3691139302502835,3.646201464552587,4.494975636201149,5.569191661102101,9.218768265030928,7.870625571840368,13.947692121272365,9.949952629276243
238,0.8384630354008731,4.967318760443585,6.546904041133492,3.442783410223013,4.5774511298495755,5.530610061617594,9.16831283184218,7.929453215352211,13.999999999999998,10.598150631846677
239,0.8353159804925204,6.282460081010708,5.302235586827432,3.6695664609750454,4.529329031653275,5.537745170789107,10.106394589717842,10.159611497139949,13.999998996620228,8.352461836445626
240,0.8359289305868818,6.497430171174653,5.34346425233921,3.521454707139569,4.518775046644946,5.584831275125406,9.27683165389569,7.919813973966179,13.843554691978001,10.330906576665525
241,0.818993026198807,5.1298520503186325,6.530756464459986,3.591158283055875,4.5421716229586915,5.526209918116432,10.107555674361473,10.09164822361094,13.999996469204572,8.385894698200854
242,0.8339298078306737,4.869487331242659,6.186561559025383,3.7940582384860386,4.507703898716788,5.588578572713996,10.16355250121329,11.140949651090628,13.30404497786118,8.413483121207351
243,0.8483043648556475,5.2561930314114225,6.344483362675931,3.6013136930169494,4.531814752181885,5.542858923357669,9.242763042823919,8.015990547581545,13.999999986846765,10.592975191085719
244,0.8330843885962951,5.510059857187406,6.234890650380355,3.8076678416778407,4.502812810858387,5.541213915613957,9.10095987427629,7.859271486832875,13.999999998511138,10.6648922981161
245,0.8340853305907713,5.742216441362018,6.2357469082383306,3.6241132712805566,4.493238792588527,5.507329649476667,9.792465214495618,7.820984879265338,13.999999999999998,9.155112047545638
246,0.8397524669291797,6.093823131657602,5.521252936022853,3.626352779680497,4.545102742760533,5.482991708668506,10.173859736416604,7.986808745664772,13.999999999999998,9.02853445963733
247,0.8324774928014725,6.269966182075825,5.369660291193793,3.729036212075438,4.494432479164765,5.58405088243867,9.21996975112501,7.9043154466573355,13.9999999999998,10.579677752437322
248,0.832774536143759,6.63202645201845,4.997699560602936,3.715338382299209,4.535424387244207,5.511326200460254,9.420699412456782,7.795074218129996,13.999999999997808,10.197372105977236
249,0.8202305915569734,6.524570346303537,5.204254435404122,3.7402192200099096,4.480991694843537,5.524099621580426,9.156861491417017,7.82736998644174,13.999999999999996,10.455757231236197
250,0.8410718090080432,6.376320358849911,5.127811596144081,3.694181156564965,4.471088128640816,5.611814766985124,9.384524732579395,7.82147759829266,13.597360322096995,10.645373110283073
251,0.8500971787094997,6.2737975342912575,5.48634088472247,3.8216251401230665,4.479436328958404,5.51296328789039,9.062360204612796,8.07070067877962,13.999924870004811,10.605063447234102
252,0.8498150922098081,6.031653371833822,5.0603940071451365,3.7067323249386854,4.524152941503173,5.593698731903411,9.195690618719539,7.89160227880243,13.988381448458982,10.569103744156584
253,0.8415981322422791,5.637176116702602,5.630983883123238,3.5856023000389228,4.517115023460668,5.624363210026877,9.788139999932799,10.057816914350498,13.965386164313575,8.421821963953596
254,0.85262199343369,5.8551509636055465,5.852244687337316,3.6611889041272656,4.48976085918168,5.573968083776862,9.148714968722823,8.032789917663543,11.021248374991165,10.47609515360432
255,0.8239301027415221,6.29174289496416,5.007585385680953,3.842656445281079,4.481036519418175,5.560763718447571,9.100264680212467,8.128540885387311,11.102955359096114,10.510430763490815
256,0.843852140323466,5.5437242612385935,6.7125117398201715,3.741164007850686,4.500270180527403,5.503341523954952,9.390168327145414,7.662993395589306,13.998809523235572,10.369583325130977
257,0.830114070876269,6.263754471251509,5.033734572407113,3.590384932982837,4.532081565909127,5.550228698129393,9.089320594480505,7.848560696397901,13.995208941027894,10.40735973326591
258,0.8331134914733476,6.481754968239665,4.920197098795536,3.623476341798711,4.528412278460085,5.584032923183472,9.331038753719291,7.890802065919703,13.998549618829449,10.453230405968533
259,0.8337264132740866,4.979422341192031,6.732961484003816,3.6362879311056484,4.511286448313767,5.552459332867247,9.127512585845063,7.825532896256449,13.999999985582894,10.607011125653367
260,0.8328059321621011,6.2421275744907625,5.277519064022704,3.7928304374196227,4.498218899521438,5.518509288888296,9.853281356913866,10.213489238761108,13.999940271556868,8.403432933596301
261,0.8304450723929258,5.322082297463899,6.034130954080032,3.6810450939626125,4.502382729010708,5.6083269611220326,9.278327152315907,7.901575223397362,13.999999999999394,10.576737820321322
262,0.8286035034208171,5.321081277473305,5.315536318757954,3.750336784914743,4.534858804768048,5.615841542591618,9.148817623241875,8.08150525622038,13.995632557256958,10.711191682277192
263,0.827219860875212,6.13411221820339,5.17740289379915,3.7086152322095187,4.493266144980572,5.575056579693177,9.162247700145272,8.03398615164926,13.999998820830559,10.673836448503
264,0.832565248057389,5.175545473041385,6.2669608569421875,3.7966054116280814,4.478929110942978,5.564054146271004,9.857654233221258,10.347782851065993,13.842382320511767,8.385673330142273
265,0.8375270693749504,4.967153021875021,6.396709272187049,3.757055728304433,4.488861887507941,5.60304193343124,9.813011010042203,9.969814831822326,13.999999982802349,8.437255013478948
266,0.8317032455982691,4.990806152559786,6.417508058988503,3.71759247869129,4.5183774272106065,5.569662593454716,10.074421326813358,9.82915259004194,13.999999999999998,8.33960624559676
267,0.834089843046981,5.358932032344739,5.355848643079459,3.710939428395007,4.497154526244786,5.655059203280802,10.212706099212395,9.616001061257903,13.99983482547267,8.49709526169722
268,0.8317018983945471,4.8867405837321956,6.234795035627867,3.77278055585406,4.489774692629001,5.593318810755503,10.171963018195424,10.025826161033464,13.999999999999849,8.355887021136448
269,0.8378926699637815,6.0634010377578,5.153185429883846,3.6707054170907494,4.497220559490269,5.600718492899739,9.158790221504958,8.035267153223513,11.196013338109418,10.570721712190386
270,0.8255694809577825,6.122829489218315,5.723205209771537,3.656298816976228,4.493175617069215,5.490314243511553,9.246711397778462,7.942322398461503,12.115280117252265,10.51836447987783
271,0.8323604196803536,6.677674661967014,4.915427599023468,3.7849864837085883,4.512586282454723,5.480271809332674,9.237180216324981,7.901249310626129,13.999999999999998,10.45692174475748
272,0.8407030843878183,5.255319157800422,6.369303707124734,3.715171668344775,4.495232913047951,5.542933868879959,9.93179739624391,9.816935400470799,13.999992958408608,8.361233430140645
273,0.831183538017888,5.467910225909009,6.223026235963124,3.671797994349632,4.503922328380838,5.520613216219194,9.3060485457118,7.911500543803149,13.999999999999998,10.622494571597347
274,0.8375150075566679,5.091099776445384,6.2757020699048125,3.663593391295826,4.4988502795017915,5.566855578208607,10.127693096691026,10.067719088007621,13.999999594116847,8.31587964370702
275,0.84215671105722,5.130407842762541,6.825755945603445,3.610545057150414,4.527384612826809,5.5460085447910545,9.171325636321265,7.823220225283532,13.999999999988688,10.271704356141832
276,0.8366886467812076,5.1830616836181145,5.8111717304014805,3.759553702925521,4.51012999842394,5.607956255231699,10.029159440825042,9.600756518481987,13.999999999999998,8.490729920028937
277,0.8380324454294874,6.6776654067375105,5.007940280617693,3.590942690184049,4.521969105585678,5.575623807238089,9.341878699234192,7.953792942654547,13.999999999999998,10.006018951949699
278,0.8357579404810693,13.999995685787828,4.8680750207599655,3.615800152839957,4.5735991363472985,5.454247669028376,9.884646784270936,10.909947383672062,10.118145152342143,8.135840721608375
279,0.8464850343169277,6.575519672766818,4.95463770982181,3.729966735968985,4.50416238811072,5.585495788475339,9.199881692637957,7.864821531333412,13.84178387874454,10.776067741487969
280,0.8556209467668625,6.077403996310132,5.481394910388584,3.5909137438615955,4.520031688928146,5.569266665666039,10.213991646666928,10.37191223581155,13.999999919773483,8.44343953087804
281,0.8332086032856748,5.019756569185904,6.257370508653449,3.558825222966915,4.544035992474699,5.573075244632444,9.184599013539495,7.882682382536212,13.999999773326408,10.206191007234866
282,0.8338120001877651,6.231617377773276,5.50533383284279,3.4240020386263317,4.522237824426683,5.500796427487242,9.31023969095523,8.056072049922102,13.999983603433032,10.329049094936142
283,0.8386531087977013,5.0118843949782725,6.300618997835952,3.7144366961309214,4.5040700460946725,5.579748389262533,9.879268596418909,11.220439690526131,13.999388549809256,8.42648723110825
284,0.8425365636153463,5.665795909946882,5.672684654020819,3.6795123845564186,4.489930540302776,5.616517173663687,10.046618922888735,9.862202775914874,13.87548605951743,8.332353122598345
285,0.8422578281201495,6.369051721011016,5.282509976026319,3.6845905999783346,4.502901992707381,5.562258149352105,10.013487985169625,10.577795345740817,13.999999999170484,8.49573135105536
286,0.8471508640649664,5.1684057819140685,6.090538725517689,3.5908440496358076,4.543407398017473,5.577464728316739,10.172849280393239,9.637643758659152,13.999999999893141,8.40688371687599
287,0.8366365579508657,5.709276961386821,5.715176708605378,3.7223244791025483,4.5040698512393975,5.564423657137872,10.108993790405464,9.485371668413746,13.999999999999998,8.434644180339884
288,0.8464029476645708,5.3349274761680965,6.720365645421938,3.5638831844157846,4.525388237906255,5.529053390743587,9.317321578381947,7.819630801722057,11.681570720461117,10.630018281503526
289,0.8360903456625844,5.998781962333926,5.370925038054323,3.6171169151406373,4.539169908964792,5.568296061946712,9.249169647240077,7.928869792052419,11.33110431736745,10.662171935475193
290,0.8423239689875138,5.112958329094383,6.3834017436522155,3.8078877087301106,4.502221783290802,5.514769270160481,9.200936860952998,7.886780482753175,13.9848693760928,10.508406744142603
291,0.8353383407457918,5.774141492563338,5.473096251033613,3.7043088915425617,4.488390455393542,5.60438706772457,9.280281473105745,7.829365512372596,11.604396849289536,10.412921564592862
292,0.8422116757483781,6.2677939949586765,5.253116586421831,3.570293965749462,4.54941983166502,5.5095262766488995,9.299639838063827,8.016854457142035,13.997873526623929,10.379408524541603
293,0.822670685370722,5.834339785064567,5.637712704726,3.761575730696797,4.503732635689002,5.490074265644127,9.363577569125162,7.9077762729814305,13.999999999999998,9.971403029408325
294,0.831559417542494,6.173075546847971,5.573692785858942,3.7078840276896026,4.465950379962232,5.592830858907659,10.173693422136534,10.081970529117525,13.999999643016281,8.445164647869131
295,0.8418926784864573,6.295306387344404,5.079601971950318,3.816431760981334,4.476170968725437,5.534114642730377,10.130382533117608,10.706937197998228,13.974686284450668,8.41599323032345
296,0.8505160506117929,4.911390151793653,6.233879753056772,3.760367817937163,4.473834486116826,5.611437180018945,9.282466057777853,7.890971360919031,13.999999999635167,10.224585062314613
297,0.8461699000684089,6.162376534782205,5.425336674616857,3.6065075392020964,4.516634396411724,5.588560827867352,9.112600191805274,7.980863674832802,13.99998092033252,10.486952555256579
298,0.8346157758748908,5.2194710785226075,6.26415372879298,3.5845357906064867,4.520655860420401,5.564786316623316,9.279522045238116,7.942391146368223,11.971728376353072,10.540604881954756
299,0.8267456577280502,5.655141048975387,5.659761940208099,3.742811318055455,4.488504652216843,5.61698269366968,9.272428647234548,7.72222028651298,13.991932247614864,10.450357309254631
300,0.8432855988456203,6.417307202572467,5.093151253733574,3.7113105254120455,4.5135817366443725,5.559409129802066,10.25372488564365,10.267475227861159,13.999999999999998,8.35798270821667
301,0.8441396520500559,6.281717336633396,5.083700718880051,3.627877212120933,4.528438497751716,5.544627931154021,9.868847852741737,7.914631423673898,13.999999999999998,9.240866905309069
302,0.8443645380074429,5.225619948940054,6.536942229863395,3.852625331709636,4.490065348411466,5.532459603261507,9.21611367521189,7.955319616221974,13.999999999999998,10.58285312049759
303,0.8296840604154182,6.342429537786515,5.3893329676309945,3.813175738971294,4.487103662780085,5.537667488294102,9.13156990385691,8.028329124596185,13.99999999996365,10.69161341311676
304,0.8422369196345144,4.823706827051397,6.035769572038238,3.5321229705412853,4.542652968572651,5.637772340843015,9.146726225747503,8.029322550450848,13.99998998173221,10.519301354887235
305,0.8262522209743814,6.089585744113326,5.141502972351079,3.7662185340710206,4.493369459262834,5.608276443503806,10.221716514253227,9.535697970256665,13.995508909843407,8.432137168837562
306,0.8399533489451283,6.440507161381767,5.385836306918553,3.683527583367158,4.522293735573339,5.488079602473801,9.081207485038801,8.16218411415999,13.99999999999999,10.445146111412546
307,0.8289003887466083,6.495661373478074,5.191675096833197,3.6141808810004896,4.527113797845233,5.548069694326685,9.307621959807342,7.776910425275768,11.86784388552511,10.42857360896145
308,0.830647892131824,5.356458543457008,6.0006438960696045,3.6161847577149975,4.5295199748753205,5.5660394278580965,9.255733008438652,7.921667539328613,12.025483058883424,10.218114357952402
309,0.8395330294403356,5.046019753609408,6.561189044423787,3.759244474241916,4.479808023844187,5.601283459121171,9.220166586866608,7.790443064353828,13.999945613503252,10.596045356519683
310,0.8336836044698821,6.3353214805285685,4.9103614894561805,3.576619388247174,4.514000622903304,5.617929665090902,9.345230459738374,7.877627752808911,13.999999999999998,9.793890395441833
311,0.8345762885535537,5.107497887744191,5.906439612397217,3.738896535695601,4.532169678495487,5.544263668648238,10.14452607668219,10.763714236398952,13.02818918686735,8.41286001849667
312,0.8552151668935365,6.6476510470796395,5.044036684742838,3.5452466696750515,4.5279134671620405,5.561384052912601,9.24416432880405,7.838604380898488,13.890353914141425,10.55741721587061
313,0.8392816967700093,5.339794165771348,6.583446981108982,3.615657334647334,4.529761951702416,5.527105736121004,9.165333204359122,7.88712288654452,12.854830952431763,10.578721445522863
314,0.8422154699369655,6.545181392295268,5.331347460652153,3.7460329346298633,4.4802814457976625,5.572004326906224,9.081533379243675,7.8559916543704675,13.999999999999998,10.53651276881058
315,0.8360930727528314,5.897473566242944,5.612014244313675,3.6902903828979516,4.490997180575554,5.588275257862717,10.141130334739202,9.758384703103715,13.879603019432246,8.340957500234989
316,0.8370294482172491,6.460065298992761,5.2891015242870685,3.590410533078067,4.555485759606994,5.516227672181566,9.352290664026306,7.948911534953284,10.581306566262057,10.31444688148318
317,0.8292478837964443,5.146698224903849,6.407989611385637,3.7094931721214572,4.522252612904051,5.525069750339404,9.940397843840856,7.958304370454517,13.999999999999998,9.00913049267997
318,0.8322223148912029,6.660532670642089,5.299651993937602,3.4764039486972784,4.550048934205657,5.494000028213062,9.189253878041121,7.967491645412511,13.999999999999877,10.514402707387466
319,0.8320921561095147,5.025561836840375,6.142582550799916,3.5758969784495376,4.567417786671203,5.545275744350867,9.98519477823329,10.460749922290354,13.999999999999998,8.444393958151952
320,0.83824282493869,5.150618507194163,6.474919172026596,3.6412699178906163,4.523815059173589,5.5065781825146765,9.21632881236234,7.890670530420672,13.999999999999998,10.596897127604208
321,0.8237517085245233,5.966787094918752,5.055001284505357,3.662552236079573,4.540414055188211,5.546855741622725,9.254810537759445,8.031244412584597,13.90389816766809,10.59123607518559
322,0.8276108248890494,5.260371093481019,5.926649005244565,3.676933783197998,4.506906261057827,5.614173211094994,9.286463448592418,7.818073471967385,10.784540111352115,10.451009457961435
323,0.850156564459807,5.45048036667075,6.4687165852281305,3.6296190731759066,4.507912534564368,5.540610804926523,9.219867805386508,7.958063450059632,12.396272329563605,10.564659162121124
324,0.8412430760319178,6.677163221901338,5.139363174395064,3.6010618405481307,4.526523504025469,5.5512020890365354,9.311346553813339,7.737352916661839,13.790415084434477,10.446249570587028
325,0.8329281532611482,6.047290145355665,5.332551722724953,3.7881346943024647,4.453450458517071,5.617088195081275,9.303443823567626,7.860596957576275,13.999999967617931,10.23262505953461
326,0.8448566765404699,6.425081354857059,5.085752549820058,3.7728609930370562,4.498078411752217,5.560674598490359,10.123881396635138,12.610083948248574,11.394272939348555,8.331057132737968
327,0.8365556646682483,4.9802183562083915,6.8126309153949105,3.6420223522607986,4.532727454838159,5.556174281756386,9.237383715485901,7.769978117898699,13.999999999427475,10.501205976082456
328,0.8483721682098202,5.305716305164471,6.294333537608215,3.510435062505928,4.549907110034589,5.521765545839718,9.368078085448627,7.854441784170902,13.999999999999998,10.219486535644622
329,0.8448422393808707,6.223316734397506,5.2214759329901606,3.5487683116065503,4.5439870387834,5.568954764104122,9.19642923221714,7.931328650952656,13.703347282849196,10.567483261258594
330,0.8258316061213242,4.954248661929105,6.48760725990757,3.8556859860334707,4.472790541577543,5.57776181729612,9.979461594977971,10.646968322152905,13.999999999999858,8.386746667758024
331,0.8418373140441917,6.40705959993672,5.231228795891998,3.754305267525522,4.520631135519598,5.545240832538464,9.159900060378973,7.90548390128978,13.999999999939487,10.719285739795684
332,0.8340710765889294,5.249807338739221,6.342917462617751,3.688201425265661,4.492887405834285,5.608902263133097,9.365002772103136,7.750090912088638,13.99999999999998,10.27220741288523
333,0.8455954348788012,5.005405378789822,6.132288245349716,3.8693343410473413,4.464780087273998,5.609869901487839,9.20619237578165,7.966535399779067,13.999996714527393,10.434797616702987
334,0.8257402504968453,6.406942615406998,4.804985100898205,3.7150710560062636,4.483477576612617,5.600877843770129,9.25014069469288,7.980977530056199,10.458130520708776,10.565275557192644
335,0.8487020700666097,6.0928121407593885,5.155409715988976,3.66145696428504,4.529157441238307,5.583554667597024,9.947307979938712,9.539020104613243,13.999999999999984,8.369882029269537
336,0.8395775332714924,6.413605972273799,5.273805151229705,3.753247621652589,4.479016443680921,5.596954336592342,10.222559889339392,11.738937076136434,10.952567098768425,8.383695220415937
337,0.8263387502240136,4.909574889025,6.2970963595748515,3.799428082145913,4.499136246748265,5.53527045729827,9.223798701347631,7.828851630866388,13.997526743998685,10.278242687823974
338,0.843742186976305,6.316628902827264,5.5799224417520135,3.6803624190136413,4.497935942970458,5.502582793372913,10.155340714210606,9.484699325505579,13.997433655447916,8.422937798963389
339,0.842954469704013,5.258957459353521,6.462290652211971,3.682810477810362,4.511170541398687,5.537938962591606,9.812431079456509,11.739343025064015,13.974617193104553,8.406804376637101
340,0.8332051552225901,5.276206214129769,6.189942929315285,3.7334176164355886,4.491708458970175,5.552015158115797,9.819982898522568,10.346782647090963,13.999999999999998,8.467935895479778
341,0.8424603336114749,6.360181158133032,5.158657030305633,3.670996690278861,4.51516934153568,5.519905911373941,10.466153378844558,8.356986731506076,13.999999999999998,8.570575235010846
342,0.8287830460632796,4.91154635030077,6.367876024919081,3.6801374357757513,4.524492334111972,5.5411154302044885,9.218396604004688,8.135110400765633,13.99999991741352,10.747911438560354
343,0.83598147891853,5.115367445863104,6.7254026455750875,3.7304303886786405,4.502605814031837,5.523391696091315,9.175758733631032,7.954827778029916,13.999999999893678,10.48522903295187
344,0.8384275859447649,6.178394694131823,5.223493292620555,3.838388858059167,4.461756704244182,5.554568779119289,9.472810753137518,7.907067162450366,13.99999999999117,9.969498985398861
345,0.8213366834344379,5.2268423352084925,6.5800611786992995,3.6945390755798204,4.485885248848444,5.566892808908714,9.200685047309745,7.822875228357846,10.793541711289855,10.637994811687445
346,0.830555675243629,6.632952297429229,5.116194113598158,3.6561558935610394,4.518390637516999,5.5448771685930485,9.255356572146054,7.835345628762513,10.900243574089178,10.550057544273912
347,0.8493431161554692,6.127914022187246,5.264911267603848,3.7371446738853407,4.52431118247974,5.508857150759684,9.346283552783612,7.927516074643685,13.999999999931084,10.04937539056821
348,0.8322096437071547,6.437192301304077,5.192680509052074,3.7054686569880495,4.4567731133000175,5.581866309451809,9.214827401263195,7.964094785486675,13.999999973260438,10.3315052609698
349,0.8359572831208684,5.984326167059597,5.249922543662787,3.568857423001119,4.541072017985645,5.58168618750399,9.290120520087338,7.92025498196488,13.999999999919883,10.460488506471357
350,0.8199214777141849,4.620373150422008,6.387129204868307,3.7527278632345613,4.537950956313471,5.51952942800265,9.856359516622806,13.996451132634764,13.998497441887613,8.370907359126909
351,0.8346557563596737,4.958792111120035,6.018790044901975,3.6175768466368083,4.535646372027163,5.576676743414263,9.346447756805285,7.961988105288518,13.916473169560915,10.489127902218645
352,0.8340446760474591,6.372847081178518,5.135423381038818,3.846397398429121,4.4302780164395745,5.630406456781771,10.08545707930647,9.565482270917164,13.999999999999998,8.381233159495595
353,0.8480273317641639,6.385307359411027,5.2854923653911,3.7601985904230286,4.501435296221163,5.558523843989681,10.320646422671999,10.315652473883839,13.998530685428799,8.281832360385716
354,0.8559601241720801,6.331910593253368,5.545177982510264,3.638136009429263,4.501481008311779,5.522714909885371,9.374601987122896,7.839869571257987,13.999999950711727,10.167484858179751
355,0.8390552075280905,5.123580023489661,6.415762714707417,3.6017774955329407,4.514177725103705,5.573752031394672,9.320604092290223,7.787265690320661,13.999924041806599,10.506278570142285
356,0.8188542758215898,6.104716886498583,5.116129868994042,3.604677139971325,4.554194192484588,5.53070134300753,9.264487232830836,7.974068735370092,13.999999999993793,10.547108705077134
357,0.847835246006785,6.634632480452334,5.485693754068223,3.5834793202738675,4.54294501595982,5.4991553601843135,9.242243791713058,7.888270922666671,13.999998275049464,10.414691522253964
358,0.8162765086431477,6.3436805832316105,5.245079639826794,3.6087498029723313,4.491633671063667,5.5898647439832905,9.219874213849462,8.061500606014526,13.999999999999998,10.744555725484314
359,0.8480662489414275,6.419024008251508,5.123453339810259,3.576903680837392,4.501533435189553,5.599881522573648,9.892549832680878,9.890547464624111,13.99999999995529,8.339408830903157
360,0.8371082578426925,5.22457114230067,6.195780388739686,3.5430662390351144,4.533518372141319,5.6173059532605265,10.382236138753063,9.419835442979448,13.99999999999992,8.389472062265444
361,0.8384981364053259,6.600937526610336,5.329823289324012,3.69450930658201,4.510346698955773,5.568088204176542,9.303165043247958,7.946814777404081,13.999999999504897,10.247167700992058
362,0.8349136695097769,6.432718036871168,5.0278652302517335,3.888575805081571,4.436927443211302,5.618148339370929,9.256751832332121,7.814715705491212,13.999999999996918,10.725241345157476
363,0.8201944057766787,5.07701844275896,5.763758919607443,3.5761927661925994,4.553751122129302,5.574937474989697,9.202464242856953,8.132028739276624,11.258516547268977,10.643312036782401
364,0.8203068713674543,5.016977879187406,6.673031978483697,3.563103491498251,4.524272785250433,5.5551268613675235,9.212083348717222,7.771233830050869,13.999999999661155,10.487140287146351
365,0.8462960854682122,6.307863827019237,4.930897291293152,3.638911444161614,4.503447325067144,5.612355454823831,9.95807330661109,9.981293196020127,13.999998253518106,8.390316756292819
366,0.8180967631031782,6.416437370291802,5.164683351740783,3.872244194049513,4.470923835563892,5.573617515109818,9.082091925581981,7.915995990372273,13.998216134253923,10.613026246196103
367,0.8319645834621705,6.454573737502141,5.343879994349853,3.5631163559435186,4.521272491978968,5.530158555652494,9.961964670264015,9.845809887603755,13.64629560589401,8.386451107604882
368,0.834053572073301,6.388416439356127,4.8742674959038474,3.7178928883761833,4.498188098640256,5.618693071111797,9.801774694543559,11.505452033218896,12.56151508017655,8.44155796117868
369,0.8457616631601746,6.3571443040685764,5.154751250912914,3.6665155771118805,4.512238119963472,5.563121851416887,9.163784180737439,7.962286822426183,11.036970902643183,10.631303518958866
370,0.8399680777555442,4.6348154320266834,6.615687230208337,3.7476234889180873,4.513893421256493,5.573976129766334,9.164048784118018,8.000968972781363,13.999975440944334,10.729027133542202
371,0.8322025857343844,4.895906070511613,6.230771204212465,3.704485239508769,4.529152352644008,5.515279167851759,10.159415888903885,9.32681803360415,13.998496978271769,8.426344042964548
372,0.8241436355074029,5.749793661207098,5.521379945564669,3.6948702663918103,4.467859289023768,5.607087565914906,9.302236734017798,7.933923114755977,13.999999999999941,10.576963241169128
373,0.825398311290751,5.154048342563569,6.10516175585384,3.60618645962304,4.541320487489163,5.5040077014959845,9.277728676021326,8.034129936702668,13.999999999999993,10.15751217765061
374,0.8404254030719546,5.8097462927391215,5.4415733518474445,3.7872918177582444,4.480017655185922,5.643081507201951,9.37043866204058,7.813936721539916,13.999999999999998,9.94941063104237
375,0.8329325165966233,6.504148839220687,4.814442830827198,3.8210440626145847,4.492919000165457,5.559957361519374,10.280843012428978,8.955209158623996,13.999999999999998,8.479444911995431
376,0.8387752464426937,5.236217871765811,6.442686629510078,3.6036398583199984,4.537902134243197,5.556583650323872,9.170010334910321,8.048988723202418,11.039969404244102,10.49127944869633
377,0.8387403544409641,4.861351781829412,6.295185908728562,3.6038958954810654,4.529311908707965,5.570372981114252,9.18821744826814,7.762606313201795,11.228832908811727,10.157882688000148
378,0.8420875587095856,4.934613317715754,6.753373805712189,3.7262258490872524,4.513263409916673,5.5369663709769075,9.371652723871534,7.6738774322377585,10.997743519743038,10.298134573434412
379,0.8501180584599681,4.810324926836742,13.999997471332989,3.6101131101536024,4.559700109278925,5.4642769444629575,9.71332923293246,11.637078544373367,13.91200332268155,8.06475605385724
380,0.8356743212710531,6.3633170646793085,5.0183644607043725,3.718270561084102,4.481282497588233,5.602622107637117,9.314767698845204,7.910865001150742,13.999999999967345,9.997432421787629
381,0.8342115914933851,6.269068067717872,5.062903221789801,3.636418935866349,4.5193404772135946,5.636987318495723,10.02007598698212,9.515466529258891,13.999999997749757,8.445397296200925
382,0.835477265733908,5.256695648320289,6.318893272378964,3.6134973372823844,4.554885949150919,5.515220158342805,9.197899873884042,7.937331672320395,13.999999999999991,10.573374062879392
383,0.8278643281944885,4.870584941646385,6.612385657086039,3.730780267402058,4.499853393202878,5.581033186487418,9.29917839183385,7.801964370812189,13.999999999752397,10.561380554007405
384,0.848425603356972,5.967954614300618,5.477117285707272,3.613915203442784,4.511691763194758,5.554229697271294,9.90077651059655,10.438414217658295,13.999948413976828,8.457236420939527
385,0.8414301361815258,5.225149781994115,6.013078886256403,3.777754633223062,4.521275136431942,5.573143438012435,9.84944810514718,10.125149231368823,13.999999819221786,8.463105334717104
386,0.8259637166479751,5.3308139284314375,6.5863067838541625,3.787938228223436,4.479794063763339,5.539474651793645,9.166992239175407,7.838852012602504,10.723363203374817,10.67941095374061
387,0.8456323928870689,6.3164566788112975,5.056045987100264,3.6291306638537972,4.533800164958222,5.580427179419735,9.30535945582117,7.875989915852452,13.550906997098853,10.36152351111608
388,0.8196798323858654,5.312050381817567,5.312097281137059,3.5777906295974837,4.53733598577071,5.659618787233338,9.26463090827711,7.889160472199363,13.999999977654904,10.165743935839073
389,0.8335782416683136,6.1831944757290325,5.194772042659646,3.7071302341107315,4.506445980642285,5.572839648337531,9.262005462791159,7.8176951552742455,13.999899346758093,10.411980949944837
390,0.8343339309982489,5.84681109037767,5.835385964726835,3.789833201982596,4.4762351626903545,5.526954186351311,9.38812435304788,8.008755783232855,13.593219902026924,9.68062591231404
391,0.8313423589232537,5.365542670345356,5.367288763227449,3.5027300312322334,4.552073802696772,5.679608261290485,10.044509771087037,9.650903690768374,13.999991610451728,8.433915313185993
392,0.8269430032253811,5.226567784453789,6.461311922390723,3.5749986245112613,4.531703426118885,5.5141551540403215,10.142169107569213,10.021189882133726,13.999999999999998,8.255935083100521
393,0.8394677026578938,6.332035287753771,4.961304138356305,3.743751420966513,4.490970740147,5.561526313701082,9.437341564295476,7.9878625357217805,13.999999999999998,9.898393765934152
394,0.8283797061780988,6.413761275135806,5.032902833745271,3.6817763115955473,4.48875183901355,5.579222919474373,9.396249079002567,7.815214440545259,10.27016670765477,10.631662052721735
395,0.8193080383199445,5.03728090241948,6.337391552650577,3.6663680696835983,4.501580245234916,5.53733186946576,9.211588735557102,8.00447260133015,11.369410416679235,10.538940522131897
396,0.8289625797910454,5.526723778397504,5.5282815342198495,3.649332761350853,4.5214772610738665,5.592490347035009,9.212421684622452,8.000929687839065,13.972533187274419,10.489052442602036
397,0.8360198964596902,5.868985659118041,5.870301736236401,3.6697414093048755,4.490245737198084,5.580812152967153,9.119433915443578,7.934748116890041,13.774812585324316,10.547812474569252
398,0.8485798406289629,4.727368535525061,6.557447963439837,3.728614080666378,4.544887333697942,5.564065963825313,9.140074497713197,7.963506553393497,13.953545189127283,10.595210585735654
399,0.8387495223133814,5.144471737743743,6.343482954091871,3.777710123189559,4.4970575490540075,5.593062694079803,9.317177749938628,7.824112185402938,11.321415932349192,10.672348474392013
400,0.84258520156779,5.237456065856016,6.320435161629754,3.7173378743836256,4.495781429884721,5.5729396761772305,10.301532057155129,9.285130048806863,13.999999999999998,8.38132427681215
401,0.8380977248620554,5.627448787006123,6.488432565157931,3.606272542895861,4.491607529910189,5.50527361449004,9.297434055848377,7.819435830381795,10.650904884390043,10.417209217481084
402,0.8179881501856286,6.289315981740731,5.0493718777066725,3.8418389301913263,4.482399380524126,5.587917919821837,10.000800762928744,10.421293252109951,13.999168827506786,8.492368511434371
403,0.8244516722148163,6.290209611144878,5.046095584653331,3.772684390126441,4.500483748833298,5.564488231762559,10.11442892959919,10.190891315804889,13.999938247658976,8.364471770563105
404,0.8404126708166885,6.324925328056001,5.239942143681789,3.6186677348289376,4.539891250592796,5.524775382243922,9.92494995215918,10.216728889286896,13.999999999738108,8.419167964116392
405,0.8467794668467108,5.6539794662403065,5.262227210780609,3.559934758247564,4.523085504982323,5.63475182282934,9.764758422070798,10.892240651413925,13.999246020729593,8.360448903297021
406,0.8303674245024699,5.9734450532112735,5.4073618210485925,3.626443755727892,4.514601746463904,5.589928586962982,10.339838717138916,9.327446860580038,13.99989249314587,8.486559014081783
407,0.8429987607637697,6.255989069102789,5.218784710771546,3.698046758690457,4.492971670751149,5.61963606865574,9.223277706700369,7.827352745840627,13.99998934384139,10.453422751264325
408,0.8234471231806874,6.073264479899119,5.05777259580219,3.7445177294708154,4.505871221993083,5.556315976198461,10.268552747952683,10.442268820543068,13.9995703144354,8.394270947491464
409,0.8595863674979033,6.124560268323724,5.186752573396499,3.717635085872226,4.5042955515360905,5.584737152967902,9.343294306562958,7.82071197517856,13.999999999952779,10.618453884872796
410,0.8207972281173308,6.2389339959536505,5.401668117832653,3.6908826758816358,4.477302759405935,5.572540190849866,9.162676818178971,8.010880323123557,11.408122250500773,10.637859979956595
411,0.8368628359730329,6.750852809159372,4.844884107022798,3.7176896175911884,4.501708140430007,5.572120977565678,9.323138807641067,7.644685551795268,13.891060365258797,10.386662242608937
412,0.8243365107519983,5.176667631262726,6.144038881319455,3.5249271752631075,4.54891729635082,5.535916702154796,10.316439597730632,9.395752952490037,13.999999999999998,8.411073805896477
413,0.8396684484562499,5.028874485477081,6.0456611267834255,3.791830325660682,4.493105549509061,5.608595935450263,9.264103337188,13.999844641788798,8.32611152297215,10.834451968321737
414,0.8376429602742569,5.307197391000235,6.419037356659661,3.7938588218866043,4.46207574247544,5.552783322943969,9.260041498122309,7.832690765233805,10.868305314827488,10.595320675499371
415,0.8320559715851312,6.046644825443407,5.242711811315551,3.7414403793374484,4.508140274715838,5.548683417534475,9.246663370257336,7.999770225170372,10.263945186307426,10.634912725176072
416,0.8299830641543993,5.334526719110205,6.334706217811696,3.713553869967998,4.507929832900089,5.554596914051188,9.460279879071345,7.81631149119757,13.999999999999998,10.166212656589375
417,0.8387610238613513,4.967996130338488,6.481548520879372,3.7047740060569,4.53937676112463,5.496553012117781,9.305840286008388,7.9555003024030935,13.677005559597738,10.636892351261737
418,0.8401312794031414,6.243089468848157,5.026374057877281,3.5482117673620426,4.560887348588007,5.5437671550977825,9.214414331362113,7.9919263596291605,13.946939542349696,10.536282572582165
419,0.8322350969843522,6.138451873467915,5.475580054419796,3.5392186329077306,4.50536444509466,5.56857737516734,9.924362693656159,9.901100134001933,13.999999999999998,8.395980661164817
420,0.8422729674245256,6.645341190543463,5.329092335026911,3.616263034821725,4.541599380376289,5.487250222350739,9.218449513871017,7.852823863873634,13.999982686080529,10.473909970836306
421,0.8386822420857486,5.4581616577191,5.458790609685102,3.6626507033506113,4.524882269738629,5.602039349350683,10.121270304548577,9.444246913847739,13.53431265559207,8.495674288105509
422,0.8352663745246035,6.155362410560388,5.410399949379014,3.648212125094207,4.5133325536215025,5.552424191739952,9.296782854182704,7.850386532571231,13.999873415071493,10.319965142929496
423,0.857885630888834,6.7355594815143895,5.245492881767953,3.5689866456849586,4.5315871248906365,5.553219077258838,9.261321912720831,7.865822094151065,10.509948354693385,10.444679614901002
424,0.8385187872503701,5.53960319697274,6.311324384664718,3.6511528509768856,4.491542286400437,5.559402223106635,9.768727695563896,10.376257140606091,13.999999996189976,8.444799736535439
425,0.8423844760215435,5.998204547752684,5.599107247564434,3.4743240191827094,4.535098582010336,5.566025741253477,9.183411387279751,8.025102273628827,10.860985506311158,10.24595353432429
426,0.8424200880851831,6.035593368030508,5.2481686406799195,3.673443484275571,4.51376493046775,5.566905598612049,10.019234242704025,10.424539356313455,13.999997476032075,8.425567310149411
427,0.8396075573977057,5.4559138581419715,6.432377872793477,3.6477975669507496,4.50263141443015,5.507721613896609,10.119428138431923,10.305521183759447,13.999998630338276,8.374175833588678
428,0.8490898497884775,6.6631298814119,5.196989344064282,3.5459035247771618,4.529695555963086,5.528120150511838,10.011366526113076,9.809293498778501,13.999999999999647,8.431386526046527
429,0.8440712230852737,5.722267401113363,5.726556301995281,3.691408777208786,4.4943629080722,5.586084255113607,9.884590851714776,9.730251169731277,13.999999931453946,8.449383255939
430,0.8206975573507825,6.4692091010940995,5.216526931012287,3.708182147852483,4.47523118502372,5.56007736032964,9.170540305132135,7.9757743249784605,13.999918226794493,10.560030042135105
431,0.8348726224841881,5.186524544996405,6.422740371792274,3.404487202377023,4.564199601549066,5.548257867367324,9.316449874222503,7.89336019961651,13.99999996628449,10.14739737091234
432,0.8185944733660437,5.207175815925431,6.465228590899595,3.6882657042662923,4.491124974373895,5.61565271190325,9.27787392358283,7.830532194296202,13.999999999999998,10.42013033048594
433,0.8446506761308733,5.804627399112668,4.966907242011446,3.74119254156261,4.499449745955026,5.640373055548761,10.040489332085677,13.99999999999892,10.866655053594833,8.356365199978546
434,0.8256905234874874,6.54722096901216,5.15738957180328,3.5459118954679996,4.516283515857772,5.518878252778482,9.302842815588845,7.8044321264194405,13.99999836712725,10.434465106759754
435,0.8288175942369785,6.06911411219713,5.233771334350107,3.695010978725609,4.512040746984543,5.553276968775582,10.044096285422,13.999999999467326,13.999999998165475,8.389627005838193
436,0.8395475618478923,6.275391754201391,5.280640374484763,3.407600583305737,4.559060868612928,5.546215176908822,9.181513590902986,8.045191872114357,13.999975378534263,10.56118697391706
437,0.8495208088478021,6.192415202857376,5.216974397124494,3.68692732773083,4.510823118509463,5.5744576245983275,10.099459800164306,9.672853108031338,13.999999999999998,8.44519652448747
438,0.8439295728341089,6.371935598801118,5.118186332198056,3.5866658064218457,4.51075982891947,5.563585910613598,9.263657681741467,8.011705016435934,13.999999969757635,10.292113877627557
439,0.8150515145261628,6.465170309360029,5.207327481996252,3.7193370605048073,4.502622626509721,5.579500357894305,9.357677913867139,7.707531153642347,13.999999999878336,10.409150790166281
440,0.82382310772658,6.559054066702423,5.023435428552552,3.6422557740115598,4.527222260922953,5.511657110548759,9.265896364436582,7.934526845198855,10.8909852405817,10.581221150926755
441,0.839823596254444,5.151666568064977,6.357883393850526,3.6815913148299058,4.5112480269155855,5.534127339146473,10.4464830021673,9.173936395203778,13.504626510088833,8.355128558764727
442,0.8590668108749828,5.295440078207585,6.414269073751164,3.748120190638712,4.501546906481974,5.4982710151304275,9.735954719724917,10.30069218281268,13.999999999989257,8.431124900419078
443,0.835382511654475,6.513030366009884,5.063266471289433,3.6280567065305833,4.557493459760337,5.517998075463099,9.254443163596475,7.933328564060428,13.999999999925036,10.537508262111732
444,0.8383857222777611,5.7423765276218655,5.741415336851802,3.7972555554227543,4.489470447662243,5.560861499096502,9.358453484484876,7.912497039297702,13.990813685475143,10.093126102952299
445,0.8439155226641193,6.212500187293406,4.822803068724624,3.76101329042138,4.517293740363577,5.563712419983064,9.312563362241972,7.9432080287840545,13.99999999631088,10.120432337791124
446,0.842249727219462,6.1144752523293375,5.537685339202012,3.6435043411782035,4.524846107063302,5.564803845247724,9.059739693034501,8.1304546660369,11.079229306762674,10.604337631365507
447,0.8313060849588599,5.44209470640794,6.242460556931662,3.689972004127808,4.500616271539976,5.518038196672129,9.292942247418887,7.790045958272693,10.566995154591634,10.561853050154134
448,0.8232764561853145,5.105824256950531,6.520011197013446,3.7410325326736986,4.495565123127606,5.58213647399319,9.302622152861005,7.9103052957232105,13.999820400999177,10.30044061568823
449,0.8416648355136976,5.635000499794315,5.629546587854936,3.5465224579983348,4.534211419852743,5.593505030703176,10.362836592355029,10.197657615723719,13.939091689500971,8.39222379811837
450,0.8364712084601883,5.015676262892323,6.051857092112741,3.7527487770794683,4.485333280684007,5.612435577684154,9.944710557956258,9.52073618819852,13.56474269868126,8.40802677317455
451,0.8304741973652863,6.347494933570735,4.950981681447727,3.71480577383115,4.51819710666244,5.523054764027173,9.274927244458535,7.938493670909858,11.471102141174747,10.5956560973774
452,0.8426635732544511,5.090459699952824,6.255090057561219,3.7063460697025556,4.52105189658761,5.6010027605488135,9.230223747879329,7.881591739022983,12.020735128420293,10.460364372808826
453,0.8439572242717953,6.154473254101877,5.204225844831199,3.9134896263681855,4.452604883017362,5.5617637740660495,9.288839861861359,7.870961788847202,13.99998948674281,10.22861361968422
454,0.8407102261841684,5.39638703103371,6.232497841551912,3.725584819571951,4.4683942417651465,5.552327939430068,9.213088515269185,7.9373265354096265,13.999999999999998,10.374697093691669
455,0.8327208118584455,5.1871913717397895,6.273664544935923,3.553885392337477,4.520279834678019,5.568673129094241,9.256711701630076,7.89198934665285,13.999990947305092,10.613395353743947
456,0.8387443491339464,6.219053615923679,4.923519847324339,3.7535317106559827,4.530419671930254,5.5392050755523385,9.297353907976316,7.9024478601487465,10.061837850658025,10.689745266684513
457,0.8346035900626432,13.99999590120229,4.95018673738373,3.7233629727656297,4.532592376783726,5.486444664681128,10.00942496571932,9.965326980262677,10.437166288147404,8.064965467202533
458,0.844142994534783,5.155014807134026,5.950982809882096,3.6193168435042127,4.547763252270025,5.565965624058498,10.106623953297753,9.120834736195894,13.99999999994868,8.508849491066595
459,0.8220132435597516,6.244913680645111,5.1153570279867555,3.7628667274303287,4.509189083540975,5.541449534747878,9.24397416436809,7.8147823330520945,9.727719972871004,10.562282652267958
460,0.8344615283875946,6.445467407752705,4.86722569053314,3.648791413673653,4.531653086370268,5.535245233937942,9.32736618968045,7.880445777232818,11.687432700005697,10.727834404248256
461,0.8284346685283508,5.218768637264589,6.085547066593017,3.6615084538109666,4.502705841747584,5.578366742641324,9.160875076974255,8.00866650481381,10.741016671920438,10.444067623462834
462,0.8279402016152613,6.237028109629322,5.1245990057152335,3.5544286825592026,4.541329082023628,5.505419985147852,9.112608131939574,7.941577726920045,10.578068912139598,10.6717765382811
463,0.8262419778405943,6.38187548409032,5.086251568795938,3.648581887452989,4.52219356502092,5.512539050700215,9.835790983656066,8.006692775770912,13.999999999999998,9.041102522370819
464,0.8263559481503076,5.139048450241262,6.317867610129509,3.6455407431234037,4.524065307780513,5.518338083033485,9.162164876044454,8.000616565783062,13.999999999999993,10.48331902068422
465,0.8528412075634043,5.714772154788252,5.718689822091163,3.7732053838751582,4.493557162656351,5.536081614872269,9.343948621794391,7.8462433160010185,13.950078218026672,10.446693369372063
466,0.8452761530633518,6.529529181575123,4.663777347246397,3.731067127839434,4.506247338700392,5.576496580323139,9.218885571259007,7.9067891609522025,13.999963545268038,10.613081778029501
467,0.8347232316245375,5.502789658475055,5.739547538755369,3.6659935356647066,4.537649471798627,5.565541702927742,9.9652487374123,10.775199059548415,12.147856312985148,8.40715146987218
468,0.853357278969012,6.462171531902082,5.118750117944986,3.8449027352478864,4.494033621639272,5.576177998402526,9.290561406711321,7.762368311826647,13.999999999802256,10.42764862373639
469,0.8192841269912767,6.55102251902869,5.000365580998436,3.8257448931092037,4.464399637283407,5.583044270896151,9.359109224098798,7.751827407385361,12.682957765947247,10.270870699574216
470,0.8477332731830687,6.139012376973837,4.977432198091722,3.7864757881520004,4.47467657447267,5.643032821331814,9.262523722619221,7.908814560839316,13.786268363799634,10.630284574424355
471,0.833269307700374,4.746775630251164,6.479405071414812,3.6641076195537052,4.527026607631983,5.516045575205604,9.19803438827491,7.92275323494865,13.999976453335679,10.220704451224487
472,0.8326409713435193,5.0503091826199284,6.595725436402054,3.828144319396156,4.513517933390854,5.542670428789018,9.312540639871155,7.729690142243478,11.404380760411453,10.569410213072326
473,0.8375918855963815,6.390024326957993,4.835087867013873,3.7865680384854934,4.491572113556012,5.580377718600202,9.284817419454745,7.817905103880963,13.99998975465559,10.30587481527846
474,0.8444098612453643,6.485979156614594,5.4471315217974325,3.678380413876133,4.501291199539917,5.518957954094231,9.236615961173428,7.946327275974783,13.999999999999986,10.664451812180982
475,0.8495536852492758,6.262492455980587,4.869421443289525,3.6896003364970875,4.510805144701757,5.6255950889289466,10.140771871764944,10.29717047590572,13.999999999999998,8.358937355429575
476,0.8266407536510902,5.384190771327086,5.384346887480327,3.7953124134777267,4.506471136223693,5.636586248717163,9.862557295393303,9.656437076479405,13.192107222597823,8.398877708290014
477,0.8482842409830802,4.892111753161669,6.700113873816461,3.8696167369604964,4.451382336934443,5.529370408310099,9.883983597147898,10.717198641707775,13.999999908215075,8.43822890379252
478,0.8478806707909841,6.217423458749059,5.028117355566902,3.6169079357986216,4.512460661121074,5.615638044088403,9.351322754077552,7.7762562521795475,13.999999999999998,9.86838066773326
479,0.8342085187678785,5.065948565590449,6.507102272509804,3.8458454468161962,4.493250858118628,5.504757885362357,9.362908955621057,7.856339290994124,13.998608333605931,10.28419782342867
480,0.8434195675042704,5.4875823724486175,5.484034995577667,3.7084872126430395,4.496102079554725,5.6587684915037295,9.32188116102226,7.967013316921403,13.771867037164505,10.510545861703008
481,0.8310112368754131,5.407842176423962,6.401038095488376,3.5700264474576837,4.505697258385091,5.540358133634724,9.105848027968072,8.107439235637136,13.999999989277574,10.240417063474332
482,0.8286219906487381,6.282220326425085,5.243115064952157,3.433046756124406,4.543177049593347,5.538675386624427,10.225312914757193,9.555433715149368,13.999052993016548,8.396675589907478
483,0.8321266664241619,6.668705189748597,5.196043734263095,3.5244866369770134,4.548657451502393,5.539547780202057,9.284443490751947,7.784188720381746,13.999999999994124,10.416699611225592
484,0.8519880850922332,6.492213371319377,5.234212175607379,3.6251965453368418,4.508128570707778,5.597952410570083,9.259928384165628,7.854672494198911,11.455725063278754,10.43700300386362
485,0.8183596144281644,5.89779893209101,5.387147750566423,3.6490038882306846,4.515481036756956,5.559008689941016,10.128147484860573,9.547196332159103,13.999804212318377,8.40243292339594
486,0.8357679042193354,6.456254017580402,5.335399362268984,3.7095466759549307,4.4842767827498236,5.5645094020426455,9.195938461175786,8.090546039436205,13.980488092687757,10.165591412633786
487,0.8310673464442929,5.096556870427054,6.483406854846446,3.8069881890485675,4.465217573922552,5.5436665069450015,9.229967656345812,7.967831888472058,13.999998461567513,10.520427340703396
488,0.8266003012904432,6.379954112433552,4.926990862086143,3.7458854547519658,4.516419665924596,5.568957135099641,9.345507206045601,7.819550410597436,13.79214794286222,10.006032958371074
489,0.8451399429487912,6.307035744014023,5.177887442535627,3.678022430753778,4.478998670833107,5.5617829045153915,9.297097927139383,7.92353428477354,13.99999999809985,10.091555296596937
490,0.8427293921741679,4.78682531204512,13.999999999998767,3.624721174849078,4.528364692314908,5.532444622511827,9.874276195796636,10.750371957644159,13.999945551688143,8.097007931110483
491,0.8465498067149527,6.338742802687501,4.818933879004672,3.7928844356542584,4.508463288445265,5.578965789833628,9.360581327503578,7.855262508350654,13.472921204465742,10.560597761213527
492,0.8400880138624572,5.331394341019438,6.3157036144536605,3.8182309628216857,4.483192125385041,5.5422167978188694,9.22339068167454,7.883156818596953,13.999999998549024,10.558114972717249
493,0.841123455756105,6.5238689356439306,5.194635858468249,3.6431364046683994,4.513250556096515,5.56082686773999,9.84138794578691,10.119649106474618,13.999999999979574,8.365489710977034
494,0.8386513732490741,6.6794560320190985,5.17679939903591,3.5562550472895937,4.52843416752661,5.522852870438622,9.425081044215467,7.80404994956859,13.999999999999998,10.25114127230467
495,0.837149557325226,6.204871483842297,5.289247802806163,3.7427865120100545,4.510869929059398,5.524743121736036,9.462410335022604,7.7875306400019815,13.999999999999998,10.223811996739583
496,0.8505169055423458,6.137721961501562,5.037323916493921,3.752703176549227,4.50987630424264,5.545146729338034,9.186257367290267,8.06552978410944,11.15730854820946,10.374270628186716
497,0.8355959881454175,5.03745746037663,6.459966847225991,3.566925437254108,4.543214037301221,5.560728331134921,9.182680896807215,7.9426431895229825,11.211146812022532,10.575732959687132
498,0.8613759796887288,6.034017344558206,5.583035026535754,3.7725776495902785,4.4777671689906136,5.554159346827896,9.454700486804548,13.999999999999815,8.306462204622804,10.82808138026317
499,0.8468405864480759,5.3072766980714645,6.1929185046477375,3.720986854090767,4.50929433640209,5.5911693965255065,10.198501870095784,9.357364432958285,13.999999999999998,8.389666231970079
500,0.8353957280677136,6.184760145557998,4.973818746794107,3.6915344175213725,4.534330433886051,5.548422878487796,9.158745643660275,7.968810083245329,13.999999999999998,10.59800139306662
501,0.8465217207039695,5.352586580888868,6.613060546452758,3.649022421171122,4.4974363748489425,5.558370338626788,9.178455761424571,7.915693717436909,13.999999366084086,10.600071767502385
502,0.8319461042160441,5.469770549787116,5.477128559792029,3.7465733835000385,4.4905379943372905,5.643637221786984,9.484579384420643,7.894343819147515,13.999957051468428,9.507165042387534
503,0.8300219228574108,5.759139248786015,5.759705562079709,3.6205882620196976,4.534217516116967,5.524872303979741,10.035778967641814,9.884453160407798,13.988213654276393,8.42228854541608
504,0.8348277361546556,5.237248927312542,6.0702193820166634,3.6415121612992087,4.4971215581382005,5.599788273774941,9.285192914311956,7.941036946021129,13.930417287947897,10.48495927005162
505,0.8319120102654118,6.315633291962181,5.126525602498172,3.766332093924169,4.4586142372280815,5.608859268139221,9.216053845785648,7.750826165849295,13.996837390040957,10.381393735492411
506,0.825622818249229,6.439970694180535,5.351260592423247,3.7342816652490383,4.508968362527644,5.524811755269375,9.250989525597259,7.921679505903506,13.999955996904166,10.390885618611948
507,0.8434721091126802,6.207634882046649,5.43263399671411,3.600378596471786,4.516651492412238,5.586025394702466,9.29807909185517,7.932575341937909,13.99999862375863,10.262213129869936
508,0.8363715856764374,4.9122295876566575,5.960134930503629,3.6732578907312026,4.522872460912527,5.626634279022061,10.034202821872388,10.501597189044663,13.999999999999895,8.371650441164329
509,0.8325705678169484,5.982111596294297,5.245102336445697,3.5044820068491154,4.561896667050731,5.524535880380239,10.010700567924232,9.558342174690807,13.999999907341861,8.543816360403147
510,0.8449726456192523,6.367706335180054,5.081743947613362,3.701607979322262,4.504468417900057,5.571200419694325,9.225793600500193,7.932978016902154,13.999999999999998,9.897716171986922
511,0.8248908984785388,5.558296958406912,5.540013849663609,3.6349668927235954,4.530867081163167,5.580868501637589,10.114303200952705,10.141921902824448,13.856551747225335,8.382019391853998
512,0.8617990497099305,6.623902998037253,4.773167498845965,3.663912940764107,4.507497101902283,5.615677624980226,9.11944320042209,7.888219700797473,13.999651777084678,10.602962966531688
513,0.8351514423835846,5.2180800044963656,6.078750521913169,3.774987046724646,4.485168501003168,5.553891514873496,9.35836634375876,7.920647842288998,13.99999427658384,10.593189399083856
514,0.8368267523217471,5.3436890614189565,6.109325558722436,3.739723481816176,4.4784232125071535,5.563081395106817,9.263750840648399,7.967673627859122,11.074669426353077,10.492700576594268
515,0.8424561334442158,6.348234121106622,5.266103497331455,3.6790517872166713,4.540481688842005,5.5003745349870234,10.480016139913937,9.282765556381888,13.999999999999998,8.498890449804543
516,0.8363663807302831,5.483809447629851,6.241665070175798,3.790173366257433,4.495432847149899,5.545290134296314,9.628424900567097,13.99999999958354,13.99999999977487,8.441701770337598
517,0.8534337129957356,6.143734889093737,5.3163859130761395,3.620080178561194,4.511876866865273,5.607183482448924,9.983046621126727,9.475636963197621,13.999999999999998,8.425672691725056
518,0.8388002564903518,6.239537420570501,5.322714959242724,3.6115432249983805,4.506422670702984,5.598066512262294,9.857252523257632,13.887641437533283,13.997215096828885,8.437855521624858
519,0.8352005872728478,5.311944622918797,6.289156152427852,3.702230049844521,4.489814312891302,5.610651619859662,10.205764753730115,13.999999887360712,13.999999998471928,8.40373799455933
520,0.8486335314522585,13.999999999956344,4.9524926158402085,3.650153294199725,4.519624192764321,5.4907276178406725,9.986283331486835,11.467737400547078,13.999997712286204,8.041275713466849
521,0.8399110438154409,5.618352652095312,5.705694758134029,3.732836558219617,4.508193474901543,5.570492562221902,10.108358845988445,9.269444824924872,13.999999999999998,8.402181460220216
522,0.8317123630423594,5.330902809961495,5.331565940283485,3.663588815786268,4.515297906010584,5.6755227920723375,9.193049765626961,7.849366410020811,13.803349531651806,10.51511582652721
523,0.8383164535152121,5.592986151098009,5.596858549307333,3.7253676278155323,4.500204936088521,5.612461713510967,10.201194259486124,9.212673138088528,13.999999999999998,8.453595520674783
524,0.8406775889932713,6.414696786889821,4.951413311517412,3.739008649629407,4.513703911496947,5.575799212724734,9.215603020537271,7.91386700567727,11.626438776563631,10.46638439717081
525,0.8425281142442029,5.206845826596829,6.324088590646375,3.7907657506791703,4.480966448600107,5.587348893503315,9.299929490382711,7.822080991318335,13.99999999998788,10.520950668301584
526,0.8427933754221577,5.217833725747957,6.142590490235304,3.6931654415448123,4.548819517720243,5.482419923110891,9.169095163547992,8.089835480348857,13.776868461895083,10.58155611683545
527,0.8413773246769372,6.17585598397071,5.3131843747583645,3.6692576332656595,4.532578398241882,5.549781723658981,9.129959753589862,7.930522275873261,13.97329221523501,10.544300563970188
528,0.840037940294988,4.984711351719148,6.523795616226677,3.7070379282365558,4.5411509345116725,5.523973761239938,9.287936769809123,7.757828485638065,13.999999999999998,10.420398084245837
529,0.8475789946337758,5.766200814092301,5.517989550830716,3.7212813621319776,4.505300075308,5.587909502506721,9.81834983225965,8.140022823898423,13.999999999999998,8.78668927325139
530,0.8374901598141508,6.482403836633509,4.985118248759773,3.6236638391213805,4.57379762544261,5.487274869877785,9.263766213413135,7.847708520830248,11.63492267544292,10.49575902623545
531,0.840674963828305,5.1081339951029845,6.290947037354895,3.735430871081846,4.501798740683893,5.582526256643284,10.144303869570427,9.426199807616834,13.999999999997542,8.376099189403247
532,0.8246052315477744,6.429400412772271,5.067587531431222,3.795965258954351,4.468454626511535,5.636026300489614,9.373854660597205,7.806569910887328,13.999998567669705,10.271058729504164
533,0.8419483745668533,6.3669398670201565,5.1956203684636755,3.671422624997918,4.5081042170979035,5.548038753629855,9.17438766983104,7.9535311349311435,11.162667604375475,10.602755468199284
534,0.8168026306816832,4.827730519000219,6.173529545381532,3.742339758584535,4.534669266391225,5.58014753868884,10.046603278073604,9.164080441601598,13.999999999999998,8.352312990860137
535,0.8448156637879496,6.136378437874941,5.051137410735469,3.7315640375523382,4.540246487233623,5.559423228140766,9.229249658269351,7.902041093041091,13.999999997308707,10.686248913482489
536,0.8300433481805404,5.1290939235070745,6.53548708225505,3.7965619437864264,4.458298574100194,5.619913039180463,9.054543947182697,7.972944251223241,13.999999999878364,10.72391791111878
537,0.8442490291138378,5.5097150737244975,5.971498686202865,3.473361130856198,4.530064667874421,5.5421287957560885,9.554337665573323,13.99999879767072,13.999998477562304,8.477409166415201
538,0.8279466131707266,6.331651635571534,5.103116493882531,3.5347264373561758,4.527852037951609,5.550566019464749,9.401130386229852,7.802318669695466,13.999999999999723,10.1958891987994
539,0.833069565138897,6.519792336352528,5.262719028329646,3.7317010322885524,4.501561774279348,5.568162537249187,9.243844522236053,7.793185735494058,11.587390640163465,10.51184543109464
540,0.8533286717538433,6.155283735093997,5.545255689550754,3.785668331306548,4.471779507844075,5.596183734493148,9.381288639287082,7.764747564389665,11.356608841104988,10.457006083844668
541,0.8505222892201872,6.484796347093177,5.030198332240619,3.7399091507452327,4.510081337194066,5.583363814523307,9.213822030638665,7.880843664067121,12.158971723640187,10.509627144517935
542,0.8485757065360049,6.338559091907132,5.191755315913793,3.4968966813547064,4.553078098564542,5.54090748291494,10.160140769444235,10.480058119194895,10.488843953393056,8.351294319099539
543,0.8475274487871528,6.170988438180206,5.273436408042746,3.85732239536363,4.449231751631025,5.574113455305992,9.121792517231238,7.909311692786287,13.96664124483611,10.604639337634486
544,0.8473501997579501,4.770659836981118,13.999999980217652,3.534958668384694,4.573153629915582,5.4625506599640765,10.053952380271603,10.384162487460628,10.51449884194994,8.092414288125402
545,0.8311084183705473,5.309356262859832,6.353525193132751,3.6841231780911317,4.495882684328021,5.553153538345408,9.842771118258291,11.38095765101257,10.48836250574509,8.48620320876965
546,0.8444222332301938,6.187076185949844,5.076936824416394,3.6511329650837077,4.494528051613534,5.617344986998478,9.19286511839632,7.853942478895153,13.999914995569512,10.613548512854875
547,0.8306110594012622,6.315034240600304,5.054665735852044,3.5301480412539923,4.539855583551071,5.591960343757961,10.01372910082714,10.431680241197014,13.999999999562984,8.396907674506906
548,0.8546018141808542,5.151407734295985,6.550967000002137,3.689746741993823,4.524780688075406,5.5786338371607185,9.161841502858632,7.86509337155288,12.483058371734058,10.513504889386233
549,0.8260226467012651,6.471285797899586,4.773630454712876,3.697296356589492,4.512397061514168,5.568136637065702,9.30501745444353,7.975276391456552,9.757396279420195,10.51799271175846
550,0.8411871659329813,6.010895885124079,5.45320326693186,3.6289645785590876,4.5141513117990355,5.558668513043299,9.3160793159382,7.97897606433129,13.999999927904106,10.29771786747623
551,0.8442170865220352,6.531065253309049,5.188628217514558,3.6919421371628602,4.514351677665496,5.5521266017354245,9.285036273359566,7.843883778536432,13.999999952488976,10.264979971033272
552,0.8396784023859601,6.482312181859387,4.662206569890684,3.849728826087106,4.474520594312092,5.59164591983448,9.312513642721282,7.831557853853684,13.635006423843143,10.390961342505497
553,0.8369927048380167,5.763179232134047,5.402356981066033,3.808315287820783,4.481288003588073,5.608295437026348,10.200079268267636,9.526325971236998,13.999999319832906,8.472728930025715
554,0.8415226688402159,5.147631814719001,6.281340340911297,3.653294876759369,4.51905007744457,5.545631122153648,9.311761279737343,7.929497819394573,13.999999999613717,10.447239397098828
555,0.8427113533190986,6.343183830549298,5.4582920908512325,3.7243829157786927,4.518109229782508,5.44912327199986,9.472704696543316,7.85680684710041,13.999999999673465,10.425423065543814
556,0.8362204026279367,6.191929915410708,5.426250381240186,3.671063238033836,4.487734212042256,5.562440188328419,9.345367768967325,7.8052251994186905,13.999983883662422,10.01193613878107
557,0.8396813494756042,6.388342065892617,5.0797446187181565,3.639365887627192,4.548282748188015,5.542070919811311,9.159194804622869,7.93217611454128,13.999999929676806,10.232359391088377
558,0.8274007669283848,5.359992619987986,5.365123882604701,3.5717222816361636,4.537524269913543,5.631056712789192,9.321245412362174,7.895369833821704,10.26657414420024,10.427562980543216
559,0.842132013887015,6.185854505151056,5.373622327181475,3.594897881880015,4.52988923524176,5.556653841645779,9.7036710924259,13.999999984195927,13.999999997858,8.481626905985411
560,0.8486363398367639,5.183459975479656,6.516798801651313,3.5853716679772574,4.533649850037151,5.492982292016448,9.243519637074458,7.8729397567877415,13.8448389545383,10.539655047876446
561,0.8315720976002076,6.22383062696344,5.163097270398124,3.6177035243189297,4.532910186901714,5.52898521383308,9.199133290344811,7.9582781194865015,13.996831405845471,10.581580664795297
562,0.8329457783489965,5.15091100267941,6.390578095282418,3.6258924051860757,4.528022258747314,5.565148051430125,9.442380194335929,7.886755864507822,13.999999999997309,9.942587008443972
563,0.834880515213808,6.34242632048101,4.9373296889791085,3.818910903928863,4.471289247039888,5.6197236483917585,9.19837360839706,7.850735650920248,13.956732999567526,10.50923073345358
564,0.8284620390114568,5.389915567760838,5.391614293709289,3.676215298764659,4.514391074648557,5.6723165070881425,10.063016119453705,9.646218260064613,10.46403038290261,8.490223640761249
565,0.8338020592996677,5.445714927017097,6.284078403758237,3.7360174077881405,4.453105023908596,5.581063215938271,9.792463557638333,10.154216527333867,13.999999997035939,8.339582310200827
566,0.8339194747449022,5.228202329022668,6.360343621031139,3.7899238079738096,4.479417567173685,5.583838060542831,9.260197359275182,7.84858968427867,13.942107714571542,10.536783675083846
567,0.8392474575681587,5.126168780019933,6.5024169122751365,3.794166136521656,4.472437884369153,5.549662316978646,9.070921970759423,8.044886475119808,10.781952512214612,10.418551142635456
568,0.8412651518586399,5.083364208175947,6.3318010694441424,3.6185214952708056,4.520556697448479,5.566726253920269,10.326071602011785,9.76669368358052,13.9999999999784,8.329660608714102
569,0.8383449873468856,6.123589041050303,5.24699076484655,3.7953413146762687,4.463961891199301,5.589239537198779,9.949351503291858,8.12696245736376,13.999999999999998,9.036738075072423
570,0.856772348606239,4.687825569014013,13.999999775822035,3.546614991634093,4.602209627766251,5.420509958775233,9.72047639780112,11.783270655530673,13.998179032170045,8.105644352300613
571,0.8395537355346131,5.209311199273203,6.463050799225516,3.7383495611023085,4.500163555587251,5.541845952621559,9.242381052332595,7.832110690938255,13.949838500020649,10.571908933959966
572,0.838166718923809,5.164703943092396,6.183508678311678,3.699742975316908,4.511991253218664,5.58310190301586,9.28224042130378,7.850559208344211,10.768754881796577,10.423540752614596
573,0.8179484305516281,6.300783570855909,5.22928149343155,3.734120220383616,4.489563978585062,5.565446762531204,9.989625530250803,10.3994225352198,13.999996338815901,8.391847297590571
574,0.8514967455506757,6.596448159016366,5.258092769400277,3.652290191716468,4.485614967515584,5.562888864983319,9.264538542566191,7.853672701682671,12.887160070898128,10.368619309350972
575,0.8464567516866838,6.362612336027581,5.0405142623283705,3.6805931026145786,4.498533487153701,5.567240879198965,10.063257617368997,9.64500235868753,13.992723343287782,8.43070448193766
576,0.837784853029258,5.2409397736568755,6.315208693735558,3.7612487142682105,4.476899306467758,5.567327185336022,9.341103118292278,7.7767857892400505,11.9434002015803,10.436443716774683
577,0.8499688821820214,6.501981916008018,5.103258483198117,3.6924348167689582,4.47700707781118,5.574393652186274,9.244113810708944,8.022033618832234,11.233616149238022,10.565470784887045
578,0.8446948233310896,6.469265207877304,5.245634390567451,3.714094604811015,4.510197256294276,5.57058886392642,9.243201725990906,7.800924188354142,13.999999999996268,10.432205583375122
579,0.8281857389419959,5.697654563795335,5.700942816764464,3.6020227676897667,4.500908425365247,5.585646898361968,10.00464913769403,9.942366015463723,12.030798940717848,8.407936396653245
580,0.842906812122512,5.7552129172812005,5.756761982931647,3.840078569294044,4.46564767552454,5.547905898556229,9.319632212005098,7.953470345283073,13.802606937638313,10.245076859320982
581,0.8450635040656368,4.705319422848462,6.4092404381507135,3.6918331484315163,4.548658043289374,5.538883859175231,9.313105825857079,8.005147229008157,13.707770846401484,10.215665570734245
582,0.8496572426690707,6.4709173501120905,5.45250663100809,3.6979632118292165,4.514068309171027,5.505989199465563,9.226583502806458,7.880750344240182,13.999995143886682,10.513253961677867
583,0.8296938070549397,6.280942236968753,5.296042901831472,3.6663651816916123,4.516612340821677,5.582011433410271,9.338754734302979,7.912334136799243,13.999999999933154,10.61414625552767
584,0.8288151339472558,6.291718806851613,4.883580971393366,3.6504191135595767,4.5184617448963555,5.620563204164521,10.056851499072984,9.559664684445663,13.999999999999998,8.394938493046782
585,0.8318587747261961,6.284056408570506,5.096480005427641,3.626535363779781,4.534922547348807,5.567757989725353,9.235870643618501,7.9065122083558945,13.999999554066445,10.526453640085682
586,0.8382955750705646,5.061823240308268,6.309485137746776,3.6446770891086024,4.494020372558822,5.564684541949326,10.994120364107062,9.271862066280473,9.675313637091852,8.291131051985317
587,0.8372968684854118,5.214015530903096,6.870916842941406,3.72645341793368,4.4803935380068705,5.535886963113942,9.233690324906416,7.822199469011659,13.984024288592018,10.343561210142843
588,0.8298401573230534,6.113948583075838,4.963495352203953,3.772066309529929,4.499495389859317,5.6351683607405905,9.203938938996094,7.910794632671167,12.002111709883142,10.452086123436692
589,0.8319691349388867,5.093741067789274,6.400947422130673,3.8426611168500897,4.471377193182125,5.556489348164635,9.761986193656822,10.132528757046938,13.999999999999998,8.432583345156297
590,0.8257104444163726,4.958748876551501,6.266571906240191,3.8154263393672037,4.469622156901564,5.584650558047864,9.654471792590888,13.99999999999998,13.999999999999975,8.502849486878306
591,0.8562998848254093,6.430286801438959,5.104144206009528,3.7837505576370902,4.476240301615182,5.587270539495836,9.062765306437548,8.113217889629203,10.540374334567806,10.589544031087199
592,0.8225563634037496,6.295464221741178,4.740146301507616,3.6309551414643906,4.531232409136803,5.59445897218743,9.548994293505823,13.999932001469741,13.999877193470766,8.431762738040382
593,0.8418802793818029,6.269823245619723,5.236668223895635,3.6681643383478573,4.519140145890615,5.550170028798702,9.748711928348397,9.791819994284895,13.999999999999998,8.412787253947617
594,0.8368269744014004,6.272923126205251,5.080286915166618,3.4967670427752813,4.5356595718705055,5.610843138711242,9.311922676664489,7.86151300658486,13.999938907831092,10.304671649724787
595,0.8454882533773463,6.329679320833565,5.273325808142896,3.8114667955255372,4.488927084157527,5.579750751562751,9.223904480739314,7.899963010535319,13.999970907612648,10.511321944731403
596,0.8408416339657745,5.360555525771311,6.482775654502086,3.5675825774742433,4.4995554571830585,5.563314063373311,9.30438014788266,7.962501478973225,12.230451203848059,10.539681809930112
597,0.8421816599159674,6.471211875682508,5.463751887424915,3.785837338709255,4.490020512346801,5.486842350955359,9.267713956382035,7.8652982610102455,11.825805888020529,10.509107956249617
598,0.8287302853469439,6.130060501563733,5.095681984665962,3.6834403843645767,4.522027721572446,5.559837349884931,9.19697087941909,7.931964305283537,13.945142546225567,10.307356435141381
599,0.8362582833561284,6.46845785509921,5.150637764855114,3.672572833037893,4.514700557316318,5.574561908968148,10.311978633402141,9.312976070996625,13.999999999998675,8.422348869713547
600,0.8381310363331347,6.766162126541625,4.76600798334091,3.586777977357095,4.536450754440295,5.58376283587127,10.269926720475263,9.787638643021733,13.999999999999966,8.366878813031162
601,0.8471390319726061,6.416756364479474,5.170560029605152,3.6275417778407917,4.50849146160239,5.599894954347943,9.305383950790942,7.834694085008954,13.999999999785171,10.45783319333466
602,0.8495511773225229,4.735392130535655,6.422112696301639,3.6087612716792994,4.527880506785117,5.586340913617015,9.240532521835226,7.8920198777715695,13.99989333211991,10.47162060646998
603,0.8415111539080401,5.007898262743119,6.3235502948903966,3.5790003743694263,4.556835262883252,5.612124968414462,9.26061299167311,7.901596929912433,11.139770993739482,10.5629930484416
604,0.8423968028471163,4.959212977402021,6.3355668156867875,3.7267400718215047,4.506955246204822,5.574983362164702,9.389347996230063,7.751969176771007,13.869708763493087,10.320454068994332
605,0.8291460882099329,5.928853160592132,5.933580674338005,3.5552465060839573,4.525269783944982,5.517263325665129,10.019064302676416,12.800981526922937,12.145727154316146,8.414054638048423
606,0.8383527040344885,6.458333950918482,5.146357466636244,3.6634300933816286,4.5274437080988035,5.494551428333185,9.166464414839018,8.065286823892032,13.999999999999984,10.183065231625129
607,0.8400112228213926,4.90296523227155,6.061072211551467,3.6087205576029278,4.553786155230178,5.570517153992661,9.818786187598654,8.027255394460706,13.999999999999998,9.15753557708674
608,0.8333835730665959,4.980582002418504,6.071767128746086,3.7371595577543966,4.522602290465365,5.572018144539405,9.738831461633142,10.290845403714274,13.999939556278163,8.408988933405626
609,0.8372227075373752,5.131054246117211,6.172369838349212,3.626163603797143,4.513862568922989,5.570320353884405,9.190486092436478,7.845847966897429,11.813851173305162,10.57656401992843
610,0.8250019596404772,5.484485729574465,6.294935894673486,3.6476495721852236,4.548835608505311,5.488295288165882,9.243493741770875,7.8893319486216225,13.999936149340114,10.394565730740458
611,0.8300891675309242,4.963133675198499,6.565584837010701,3.6466605075673284,4.5589883806154115,5.525276380508237,9.596118314747184,7.8652026512052355,13.99999999999999,9.695993040360747
612,0.8487119364620279,6.26616450682032,5.044248716307977,3.7644458049930623,4.466986926315717,5.593392639650921,9.334026494717495,7.9399548507691735,13.999999999999998,9.81529321329748
613,0.8295326110550938,6.204565115181845,5.095117073542938,3.793184085911547,4.501186326747895,5.558576254666089,9.2000822889684,7.905365199225017,13.999999999999998,10.583795073835837
614,0.8422412999307994,6.603234061316637,5.201036511545559,3.761779924701148,4.477221295630236,5.554319408560653,9.45922048497383,7.87142477308803,13.999999999999998,9.534518782958195
615,0.8478146905779672,6.364310968924517,5.143093513217258,3.6295722284855945,4.527722374224946,5.552733173516619,9.427570153857104,7.828814191044415,13.999981704097793,10.230639779489495
616,0.8329910682037565,5.402258074074464,5.923560532290858,3.663866425778531,4.529711148929987,5.5515059350944735,9.9587261207031,9.940375055939388,13.99913921486109,8.485559115323895
617,0.839506223882446,4.839720095114958,6.161528626035695,3.8405527196949305,4.503010005450747,5.596659956166996,9.22762330570718,8.024643641795688,11.702955662652451,10.514244870777544
618,0.8365390523409141,6.52547184244624,4.780546714529025,3.7488305001634186,4.529417993228829,5.538580472673812,9.221282914221678,7.9168292038110835,13.86255607064033,10.527275192646414
619,0.8403562983179301,6.090664691301139,5.2415109871599395,3.5918711014625657,4.520349709885777,5.62248642973012,9.193279875048495,8.030782041708084,13.999999899587914,10.656075614220939
620,0.8353309829015904,5.828940838508197,5.834683442283751,3.661734465956699,4.517620567375984,5.536533667059845,9.178383926678299,7.937620201476869,10.723747261862645,10.647646045079384
621,0.8476342684068974,5.510103030371614,6.5289825324048145,3.642858546306578,4.499710899329715,5.5090109096961495,9.161043263643638,7.827727657690937,13.985775414852611,10.523221371480599
622,0.8454926249474981,6.360718252794838,5.092276033941476,3.654130547805981,4.52657087904656,5.612469013477202,9.990875088711107,9.6338374122918,13.999999999999998,8.371668715446305
623,0.8282409999921196,4.811511091700993,6.0252778267842,3.7576182785475942,4.498332236731831,5.649460361074573,9.943170423982727,10.29144223314601,13.981998163623107,8.410249508103302
624,0.842947722703542,6.66869418942841,5.387146446565395,3.6990508142762457,4.538766935626907,5.439960764776741,9.167696752642428,8.046755095704727,13.999999999999806,10.568936666987677
625,0.8381155080263037,5.217723779128194,6.302400965226813,3.6992227709476824,4.504977970883293,5.541580567288208,9.21061130566232,7.998882157307563,11.466888738048201,10.66374123702207
626,0.8243124099296688,5.531741061192058,6.253602042539646,3.490626939319881,4.556968038078198,5.483732144298018,9.112356083149756,7.994207497679416,13.999999996344455,10.49218291217084
627,0.8421313361478066,6.33014144815793,5.1063166820770425,3.609777158163444,4.530513984302377,5.542355732124934,9.12630845007593,7.951496549523268,12.060950999697083,10.512993632467786
628,0.849997634195602,5.994073373493193,5.991500525831855,3.809265767439916,4.46800494828032,5.489002929848536,9.297955982346368,7.854300469901751,13.760583556063645,10.197030414698615
629,0.8512575979442645,6.482588380052356,5.019426972766734,3.646296089711431,4.528382728593111,5.592019036714662,10.584990584277284,9.87088664037047,9.787326712239205,8.342128125206893
630,0.839064696923472,6.492727420838886,5.455268803152063,3.6173735176026054,4.518896710905515,5.513126983234929,9.26956290156543,7.8305404845239055,13.999999999999993,10.327981983753865
631,0.8203289195026485,5.326443628716944,5.327353574971942,3.6890189112477585,4.519014193669778,5.657567437984529,10.023947267010417,9.794269395695096,13.999999999999872,8.428770900524512
632,0.8341326705561668,6.4961231772717225,4.978240516485426,3.6903986029182363,4.540449246399157,5.539244976023911,9.158781738969243,7.858467643453938,13.999999999999998,10.332647967343066
633,0.8234369852451447,6.152803211496273,5.223693579397362,3.7473879043179585,4.5061488679484505,5.561695509730942,9.667514525162211,7.784118445022182,13.999999999999998,9.597821535497706
634,0.82677549382463,5.212280699863149,6.017958780716678,3.7015953487742377,4.513185078217054,5.5889043580077535,9.222012130781161,7.932343447234898,12.29413904707816,10.621593192471682
635,0.8315212293086798,5.399280744753138,5.895835158433017,3.7164141514912834,4.486903962725594,5.579676549634572,10.07960065958124,11.615538509220642,13.99975783612445,8.507143776971208
636,0.8348972603062109,5.202339189835892,6.529684198264061,3.526578668674791,4.535918326222448,5.538958336482285,9.22696998713127,7.983296875032068,12.033775206083723,10.650392217131825
637,0.833285922987568,5.957106557188915,5.399601263162969,3.623568581566407,4.509485295924485,5.596563438454821,9.28491512034608,7.891400868884269,13.999948547765438,10.242660126699073
638,0.8249782211132358,5.04517560417266,6.618264986355641,3.6932084529373967,4.535646977778165,5.487994841683655,9.219492815630627,7.896470204687785,13.999999993749746,10.506708872745003
639,0.8328920771919612,5.126874422524704,6.261219048368437,3.797968245089194,4.48996303731233,5.596551714122242,9.327922758530416,7.89967009967186,13.999999936434204,10.572729782342629
640,0.8307105991448788,6.600488294549894,5.316429680518972,3.80870325581191,4.4812452123218565,5.506079728402493,9.188026174923134,7.901398913604584,13.808148485721077,10.277156042551368
641,0.8286155683181763,4.831490967342516,6.614321642986908,3.5965491759191814,4.5215767193611205,5.564138908892362,9.697170152396367,7.767582888441658,13.999999999999998,9.4632642407856
642,0.846151244183071,5.206609623910338,6.697020846799617,3.7134702968682283,4.495149489725361,5.521792786863683,9.217291596137226,7.980696331893934,10.811042946508431,10.422048589184069
643,0.8373049137908002,6.597763652505446,5.366577432720354,3.7075319329514476,4.514076140218112,5.532748538114589,9.33895083848127,7.846131519592714,13.999999999999902,10.556982991713053
644,0.8413736722356051,4.879293232551418,6.431168357641551,3.6921963154408464,4.481687992803494,5.574068763327253,9.219514729264148,7.932454946112223,13.779564852956106,10.516535721258593
645,0.8456830767391116,6.207719799224666,5.606094342864087,3.600856582464584,4.5110265475715075,5.51959570354435,9.73605852383316,9.56085449923937,13.983803659067593,8.376470482209532
646,0.8404558629982319,5.977783156024778,5.163052592583473,3.734633680169494,4.512390938443444,5.589129567783462,10.415061194995335,9.170361188604488,13.999999999999998,8.399386367296042
647,0.8342097488852641,6.14193056675211,5.080164238763705,3.7768122607836156,4.5095535062494045,5.515824388134186,10.104723538389743,10.091263198632406,13.99999999984309,8.440249943336182
648,0.8416251690294962,6.4377046355560665,5.289285091202622,3.7252575275619546,4.504447216243073,5.541342760160331,9.222525732605819,7.900073821674291,13.23789569734,10.494810500869793
649,0.8314161193129327,6.491179916577426,5.250782988671495,3.5389256507284332,4.535008857841738,5.558971740036187,9.226782255785599,7.902796450466234,13.999999999999998,10.681399772883363
650,0.8337029830060569,6.359807384687542,4.886566137418342,3.6552111688843043,4.521153416780666,5.607401997493122,9.130993785869974,8.037539171127827,13.930112679762248,10.646638782561302
651,0.839677205682699,6.208444478255078,5.312853095019854,3.86712639134083,4.465348234714238,5.532365972550576,10.143927508854533,10.874717367191039,13.999815915009043,8.377287356335895
652,0.8326862196253788,5.1846099565278525,6.557807470180627,3.5330165599132015,4.539593188034786,5.516347536852294,9.286729591972385,7.708246200897799,13.99999985204517,10.289512884225472
653,0.8370921441019479,6.3137020152553545,5.474658285507749,3.69677475557056,4.511046402942571,5.491328377527811,9.995406684560718,11.155710460253792,13.998133456168823,8.428882244674368
654,0.8436392931837626,6.7661992601309136,5.18825550129512,3.6588821487250307,4.51440144264578,5.553803926214382,9.185939933776742,7.83952849375879,11.312226514912137,10.54754309161604
655,0.8571556923218973,5.4557834182569165,6.185028351868806,3.792419089965012,4.472746488871257,5.611660812799578,9.792688181329419,10.222782377337674,13.999988612015366,8.479773877093923
656,0.8438529204974913,5.1661151610295235,6.491132378357309,3.778250420517783,4.501922143938024,5.527042735801024,9.660545946904994,7.790215934219469,13.99999999999992,9.491847094157128
657,0.8355929862787579,6.127183917380712,5.1688748006239615,3.673713381859358,4.511633609264842,5.5711186118762885,9.324385104453016,7.966099366351556,13.999999889918342,10.240646958276237
658,0.8459515525032858,6.304547869964948,5.281700728144645,3.6037372742730187,4.523089086640025,5.525140315469031,9.184088273317213,7.966956998852187,13.999999999986247,10.497922357146157
659,0.8297011508601646,5.540011074697805,6.098343477219761,3.68283735372186,4.5138587493934725,5.507871223977539,9.976065565503644,10.598032639512178,13.501913778991113,8.324634717169594
660,0.8384762192548426,6.537468484783617,4.938375559445902,3.5849272752236034,4.576117460465321,5.520516199884199,9.356573797017484,7.748278368626344,13.999999999999998,9.815653392213003
661,0.8369846220815783,5.311258125213329,5.921824032907054,3.6451273176970984,4.5245983913438375,5.5685909940726,9.245820421053002,8.064008833908868,13.999999986268634,10.464081766670239
662,0.831892416543919,6.557433783362993,5.4302829351950885,3.7760529632363977,4.501516641969896,5.505212777660453,9.321760534116782,7.837578122876198,10.323712094673008,10.451752964310902
663,0.8380148230030384,6.431542778231139,5.0791995774984775,3.6315852476153294,4.518851684832574,5.5731499531052435,10.04651606331438,9.723926895906258,13.999999855640624,8.326192863227062
664,0.83412621878033,5.93717182621359,4.865353828274591,3.510492994170127,4.56151913781322,5.609709614150243,10.689570322661291,9.582584135211917,10.067315980557227,8.403876897633525
665,0.8426549688229383,5.687248790642775,5.5288729952009055,3.74220102501358,4.470873285106354,5.63840649548761,10.343503568436969,9.417983768299235,13.97786301498393,8.403678621955338
666,0.832178042215352,5.798631997517165,5.799206479392612,3.7714233572052263,4.465424765702562,5.590200518652982,9.984150903852951,7.922136063194214,13.999990439291071,8.976179143783524
667,0.8223525038794839,5.014315800920447,6.41625470431832,3.8612713069898907,4.4552099459327845,5.587065447095608,9.427830959274624,7.773649323512594,13.646220831191743,10.56425924191456
668,0.8391193277949409,13.999999998644322,4.862721340113024,3.61810200026113,4.55124145452818,5.484819114035353,9.918128660519324,13.999927223585809,13.994511771743664,8.09671962892042
669,0.8465231156938481,5.694720445877581,5.908872468039844,3.6386945679575384,4.482029629794245,5.586880303334104,10.029548543046728,11.251595528136795,13.99964097278733,8.330429663353602
670,0.8374702493223889,4.931707122624108,6.429996860558906,3.7065304976526416,4.5517301362813445,5.483535541771775,9.203940843473088,7.889029079425871,13.99441225825991,10.63680530327822
671,0.8457147922765207,6.532644601258379,5.203085011834797,3.6848240306224653,4.515190720793663,5.524242052689441,9.847394529097391,7.781273561963015,13.999999999999998,9.20813213233341
672,0.8317096821672451,4.8806435711195615,6.738114252094713,3.724415324793481,4.507121295028237,5.548994929653399,9.170527012612771,7.914998225619657,11.576125023585153,10.62415069892294
673,0.8325832418981446,4.7774365233486416,6.270884361677068,3.6610744079011415,4.5199600219964235,5.593741348397657,9.409540731403334,7.863156770496786,10.974737509065024,10.370870193626349
674,0.8309912590108555,5.855933047562465,5.459985628163792,3.7485754125848847,4.513809900645251,5.548011638852815,9.230226936659315,7.933393053665,11.376949894723005,10.486577430899315
675,0.8585248426982417,5.090121116395873,6.066575492300087,3.7304699407755306,4.489071288480691,5.6256196994143215,9.287162980892269,7.974465913217741,13.999997195573965,10.803702715851813
676,0.8506778775687197,5.324412148524404,6.285656767278919,3.6665033428525624,4.485170150513448,5.581210948372383,9.5631130262227,13.999999999999998,13.998620469761573,8.381985072243129
677,0.8238150842357547,5.278965022839415,5.275240116294069,3.510187861691449,4.519243542980091,5.688472883800078,9.095045725122732,7.989935706602814,10.833855547334586,10.520162470016466
678,0.8432666532743711,5.3022224305411845,6.0789532617140365,3.6906094361496273,4.498395108543447,5.574042144967344,9.597188468334254,7.902231621338452,13.999999999999998,9.623611583277489
679,0.853761765324718,6.580630451730778,5.071100214700701,3.7406290528475727,4.502242400022396,5.543537140736752,9.214872857927253,7.835738222664187,13.88799420699251,10.325381173259515
680,0.833168550646539,5.612732877352144,6.087179832919949,3.622726856755625,4.5039594535001815,5.548549389498447,9.237040793880967,7.868803784522222,13.999999999999988,10.593948813186127
681,0.84536411526652,6.410977854765625,5.146994666107776,3.6866709408540874,4.50863806272746,5.521738368031292,9.137291089446492,7.976400879594967,13.999999999999998,10.611979224547008
682,0.8369436312319698,6.0502225628781,5.4154259602296015,3.6994421765997823,4.504208576624547,5.51871680247661,9.257436780004577,7.970334786032258,13.992528708970402,10.572075567932583
683,0.8283624928851768,6.6022442985495005,5.433059430539756,3.5559069653580986,4.539580447163137,5.480849912422823,9.987493756250835,9.938453597650675,13.999999993836893,8.47795314652099
684,0.8380068975737461,6.317760701250783,4.9200223965809045,3.766531611193159,4.501973098294305,5.538728296855225,9.254616388221246,7.8583373055994326,13.999999955289908,10.436093055668035
685,0.8396154594609725,5.275637675381988,6.293051404067362,3.637004098415443,4.536164668966022,5.49696524314044,9.252408378753968,7.9147988869053565,13.99999999975728,10.406463082193032
686,0.8455713849919629,5.895384011476653,5.466876661123103,3.655456045888446,4.503938221472444,5.541450737766136,9.343051226966296,8.007799416520124,10.89977923042396,10.513310323745019
687,0.8464167307696799,6.52620025766593,5.245844088873833,3.6719050157792656,4.49480662966736,5.55789880924573,9.823133190312012,10.510043147706671,13.99999993756402,8.35785398898117
688,0.8437996943305366,5.51964043617731,5.519642292945894,3.574979036118995,4.5367192369169524,5.6600912659062175,9.182666698599578,7.876759820351488,10.943896050270707,10.469589413585735
689,0.8256813703270427,6.219038505321392,5.345464674497701,3.6844842136884015,4.495189512169831,5.547762723076896,10.033317754862734,10.520922169194462,13.981346973989307,8.458614444002805
690,0.8376596106270393,6.14999687348853,4.874971910489631,3.7170485484099856,4.492828116869323,5.6111952988969955,9.478560414035627,7.846561837130743,13.999999870161936,10.101456269263965
691,0.8458305539709304,6.136119321267953,5.228078685345727,3.6660812814065364,4.546001032302385,5.58373446802394,9.2358965919672,7.954838242625658,13.999999999989601,10.699690396637749
692,0.8301305277172231,5.181771448804526,6.515819449228826,3.874551208017494,4.489659736632886,5.514149849972438,9.271147366942794,7.973158908897116,13.999999999379773,10.516455654354093
693,0.8407903750449203,13.999999999999998,4.75254350460477,3.745199648557601,4.528540839398299,5.467164461702466,9.665535986811017,13.99999999972367,13.99999999998093,8.180682749584541
694,0.8393203713496847,5.198898790733327,6.166769370084953,3.6433028533953857,4.529707504582624,5.5686660737292355,10.014389688950244,9.420439251692864,13.999999999999998,8.449455708994703
695,0.8398867277205547,5.556427253200696,5.556936485524816,3.698295210652285,4.508823246956652,5.606078463276886,9.978793271659983,10.16693260028424,13.99997875356143,8.498989795494472
696,0.8217122802387279,5.5010778303699075,4.952443128182761,3.8169768852298978,4.480018769103709,5.673877557533265,9.157207405084243,7.9025148589605045,13.99999999942837,10.433952549164289
697,0.844249641003797,4.821854886323799,6.292165705975945,3.646866665347486,4.538512134738319,5.577108601215525,9.967610295527212,10.104036514119136,13.999999999983475,8.440254494440355
698,0.8305479312334233,5.248006796870473,6.084404566582461,3.7054473350133628,4.509649121468689,5.564585430702225,10.155413834644685,7.982934037144087,13.999999999999998,9.004269018535812
699,0.8473438826163165,4.976319221714992,6.156570669906571,3.68421017339284,4.518777379333725,5.582458444008128,9.157278386649836,7.91651393939481,13.999999999999998,10.393735103580255
700,0.8350071366759081,5.032393680070087,6.199546226354265,3.8051982111636278,4.494196328595343,5.6012585363446465,9.22782129057409,7.728282596212086,13.997183609898075,10.375090860768486
701,0.8323073931952857,6.117103293228498,5.379751961343675,3.5540773245210713,4.569303897535328,5.57163910086434,9.262343819215207,7.845660567200158,13.999982732637621,10.448540284130821
702,0.8385536980645046,5.3130108920446855,6.104173553704998,3.7069324642684456,4.494088750185929,5.607216241136839,9.085782570898191,13.999999999939472,8.48446277248442,10.810818487950362
703,0.8513396705362194,6.232121988343605,5.033040765001352,3.7188191501087853,4.476067077386177,5.597758497171344,9.318840587452806,7.826554868833192,13.999999999999998,10.321736399905637
704,0.8381809176114137,6.033468837673439,5.193015858352434,3.7119131927739413,4.510132306526861,5.584594061582177,9.233269723102186,7.876549673358141,13.772244470853028,10.434843816398725
705,0.8421951368877574,5.050861994029725,6.019637814991552,3.62671963694416,4.558845474481946,5.587553981574105,9.266266247029584,7.914815628261282,13.999999999999998,10.62000482611144
706,0.8408900574209734,5.463762901659307,5.463045630498617,3.6312266668623665,4.476738929662493,5.657254037486863,9.907918186832898,12.491481364446715,12.208580163368557,8.462172632152551
707,0.8353824388114387,6.323323382094323,4.8671331137536855,3.7252134451877343,4.505620512912185,5.60791841213614,9.362559285013965,7.76529192762219,12.108765848181138,10.431261492081871
708,0.8508439006905995,6.439822719072814,5.189035789717932,3.7877716638924563,4.5052633887229305,5.57278619580569,9.309784193297348,7.835530127505376,13.999999999999998,10.665965120540697
709,0.8277089791695738,6.689430821702053,5.4525768248197215,3.6683943662891942,4.458545074638669,5.547902923731336,9.292610961246629,7.847300023958367,13.999999995778335,10.255082212560582
710,0.8277757290015699,6.047551982566313,5.270564287500611,3.7269264133489033,4.487533483058001,5.570288951824301,9.21644630123226,8.010814867951384,13.999110336035772,10.397239573524141
711,0.852976563323401,6.423779475160524,5.444702857227653,3.730322249153691,4.491748663906497,5.529781612376959,9.305594957534742,8.028931187054225,13.999999999999966,10.576535279067318
712,0.8334221992383457,5.5003325332056825,6.19274185374221,3.7766847028153148,4.463922428725978,5.556422485370974,9.26177190310129,8.036664706477703,13.999961297944644,10.538264218870648
713,0.8252217522169548,6.35395448064783,5.343080675041528,3.657282775318868,4.501464099773976,5.571932868136178,9.359380758557073,7.819401289088843,11.531217619450615,10.509004218298024
714,0.8290519297369979,4.908864987432478,6.48662978085555,3.672769676546916,4.51099078882609,5.534028557365298,9.246131530511507,7.761001647725097,13.99999999652313,10.398041063974574
715,0.8316224325996115,4.943087053920026,6.05217543684462,3.5434012545256817,4.549693278337199,5.612681643522263,10.128727919617788,13.214478472572296,10.785404305403816,8.367732211865667
716,0.8476255990216213,6.430950783701908,5.0712340402036675,3.7808620756356643,4.51309972882148,5.519889628169366,9.133787536984974,7.927450438970302,11.895780847990439,10.675825384827583
717,0.8341627786377579,4.854163337608613,6.211589701762963,3.5707848573562395,4.530567692279492,5.59955100873126,9.27572058249415,7.8427972593666135,11.674244654167628,10.654655349615565
718,0.8364850806647127,5.337440951148319,6.530724673581047,3.724223706223988,4.481680443894063,5.5445753955665635,9.22789934539284,7.899297702058442,13.999999674677298,10.11106961160021
719,0.8249326229607972,5.446922233969685,6.085937113919797,3.713070979227627,4.470956608614965,5.607021804460795,9.31817282841196,7.837270727364453,13.997281194753254,10.383821986380424
720,0.8388177510096548,5.229402101758662,6.530154740262784,3.6301277838702237,4.517282488456126,5.538602195642778,9.216067310279996,7.990517188240356,11.097667141308673,10.509685670439916
721,0.8484633462271269,5.476222458452666,6.255800913969858,3.640037693686145,4.5178659850086955,5.529532128287445,9.279599754630391,7.820815354950356,13.999999999999744,10.521281777412684
722,0.8175911540102584,5.28744603748982,6.168225211667959,3.6484456795474243,4.523660205289794,5.5352471550568465,9.393947892815422,7.888935209423932,13.999999999999998,10.421982719017265
723,0.8441469651012686,5.481464672656999,5.9304967678852,3.680342234157988,4.488940418504178,5.625620204687719,9.048408974425179,8.192410196833984,13.999990107007623,10.658794571743739
724,0.8546278268673144,6.239170499304015,4.996650503905846,3.6558264008716144,4.509037940380498,5.6414077368491835,9.187566067789225,7.981957107335524,13.9950608882989,10.555003464235899
725,0.8427135027065641,5.003659122426731,6.025277151228773,3.827745007956574,4.485753331147834,5.60554990644354,9.813885476722843,9.818801711225646,13.999999999999998,8.447570496792434
726,0.832719993654657,5.368254015831063,5.7680679783578075,3.6060100538877244,4.513930457853501,5.604758219584511,10.176139271995115,9.959378779006387,13.999999999576747,8.447349494290666
727,0.8579564809595882,6.394898082871905,5.230369204644865,3.7347955184745123,4.504154107144988,5.541265110762115,9.114619545523334,7.888720909578256,13.999264821539729,10.58690698483808
728,0.8409217093369721,5.699817056186173,5.725798894806051,3.757695631028646,4.465493474934439,5.574868911664342,9.46721714627189,7.859177242268909,13.979330080677567,10.119744853455014
729,0.8351686554106958,6.029668507278654,5.314905458991886,3.701583099548565,4.478077194237017,5.5960976159157125,9.94838403044605,9.705029658839841,13.999999999959222,8.445245471609882
730,0.8379617701444604,5.069543097155298,5.886885486851935,3.596171176859127,4.530703743790338,5.586880822731643,9.251942899660738,7.892044080942974,13.999999993913768,10.424115176515416
731,0.8436241715670308,5.719010350105998,4.994900613111488,3.6575502188224105,4.511181946725956,5.688959019508782,10.211735009209008,9.529689820763373,13.999712250150152,8.450077319859142
732,0.845744783021639,6.294090198644436,5.562409453583888,3.6977916328604006,4.479201971806638,5.547730795241249,9.259886010147321,7.88936276630148,12.141362103351403,10.577292643065888
733,0.8349262988022013,5.477163158944252,5.480423020821111,3.85142247246572,4.469122144445749,5.699277032554498,9.324453786952304,7.911168571104242,13.39606757023634,10.680654252190513
734,0.8435655631856339,5.067002459682895,6.290062497747755,3.7300412365192424,4.4940247604971795,5.5761636599550135,10.015548165041322,9.466602467348235,13.999999999999998,8.397016192904895
735,0.8262752601339761,5.052125103029991,6.03349209388273,3.6633719996621292,4.521247356733333,5.57954045272424,9.835825494250553,11.63890643496099,10.974596649780077,8.37906775745531
736,0.8391430999254063,6.455907236177442,5.150912707237098,3.766464887621799,4.494983905566026,5.52337075797558,9.169381232565481,7.948948143564346,13.99999999908366,10.532679289201443
737,0.8315215845558823,6.3610393805122785,5.419919243274975,3.5720435284524714,4.546793793261169,5.516755880119541,9.340735196850298,7.73939874231261,13.997330671935568,10.192177735052315
738,0.8307591102384743,4.967265315579568,6.430963022703022,3.7300811294929748,4.515952741399432,5.559847849162663,10.064732491569623,10.262763010000624,13.99999999924155,8.412877853380095
739,0.8394933476029611,5.121164412972157,6.269909545903654,3.7921994215067634,4.478450921651201,5.63102095049744,9.223410447924474,7.875687581128281,13.999999999988257,10.579106323063643
740,0.8160254299720672,5.517968149670123,6.177987520499037,3.6087354168514687,4.4911793053775515,5.529746834294282,9.80411015098884,12.43601264857163,13.849856502555612,8.476079699474573
741,0.8273494080594973,6.452951780310269,5.376730197346503,3.4321267595630185,4.545593838621342,5.50617365535021,9.989524739602082,11.129817994151649,13.999999999999998,8.369317589770752
742,0.8405166151386686,6.526496178638667,5.272386891184108,3.699180515062192,4.5315614927478665,5.581575640874627,9.664054250285183,13.999997442234228,13.999999060306308,8.424832435793348
743,0.8336651295853158,5.311541212089598,6.311507556598857,3.6787028587122723,4.507125100366491,5.543515768147681,9.319015156611048,7.8052650885505015,9.89135079041335,10.72214262752917
744,0.8453637250512108,6.375094348104197,5.074733777243179,3.656963241442498,4.534105115165589,5.5650172443768735,9.14925953947458,7.948681868634442,10.590348378757783,10.576564079663466
745,0.8275013315159684,6.339330023251313,4.878274446997753,3.7048336236028026,4.528822046423092,5.578302498290521,9.061250412400625,7.969377993652186,13.99999999997217,10.459677328450432
746,0.8342381885725714,5.450434186663816,6.220253051594134,3.689789856682567,4.485252298716627,5.5733784941986455,9.90468918450316,13.999951069270276,13.999999998871717,8.40538271158158
747,0.8376387580415949,4.931536199206082,6.700276894856594,3.8331545261185034,4.480056856339044,5.529180821916901,10.215166127649468,9.881063653671925,13.999999999999996,8.295298016525143
748,0.8460374517071894,6.6086265404294275,5.030165572336732,3.605210977404104,4.552698448745589,5.548220625572753,9.116980157053401,7.91649573594684,11.498029093381485,10.544447865136188
749,0.8215430509407866,5.976411032512951,5.511804779684282,3.6230019463682503,4.500579949317343,5.58373789489558,10.096362023621703,10.40105885063714,13.999991147304462,8.404684683274763
750,0.8455287353232652,5.553017557025426,6.298765147709893,3.4961901478844535,4.553092333194398,5.503151524345033,9.228096117991926,8.071671157612217,11.631699492052796,10.562104673359725
751,0.8292343625885923,5.167001296161117,6.16956266631752,3.6064063728810485,4.53664493122027,5.551813858997058,9.291823697220158,7.871690661338219,10.705187164268187,10.53828746493063
752,0.8361902044068776,6.425941908135797,4.999736100949827,3.7252372354019925,4.510183921459355,5.574982889525559,9.328424789500627,7.7902009642207135,13.999999999999998,10.137758607236128
753,0.8304194827066081,6.582348220323465,4.793987144331584,3.674302376492507,4.52280742862496,5.540311466181505,9.349279363242665,7.759888892102339,13.944478908560113,10.436976599667954
754,0.8430921355616489,5.2442837036592085,6.191668563858336,3.63088024865726,4.512143313743889,5.6066439088984925,10.254839727857163,9.723833271623917,13.999999999999998,8.472511861776544
755,0.8274534750661487,4.892670520783512,6.151024575124359,3.597958234832499,4.524956965952142,5.594326465928614,10.110097317286103,7.8457330178572695,13.999999999999998,9.052848169339434
756,0.8244550755732288,5.498227355207148,6.043007169090407,3.791251860674345,4.463313960435963,5.576609401105251,9.206144611979019,7.972888124834582,13.999999999999995,10.633555119493213
757,0.8372056155194045,5.015631863070407,6.219403396488137,3.730400683033109,4.502866347690204,5.570917501199252,10.019348726146346,10.265764569237897,11.263705598176449,8.397657131698145
758,0.8419527690123798,5.280978686809064,5.811961928790926,3.6145759437194815,4.506052188148156,5.623950596256796,9.3442058155701,7.881559622326404,13.999999999999998,10.240828145421622
759,0.8308323077076741,6.631393865739122,5.21436772927955,3.6166397609249272,4.550615871988376,5.519291578300369,9.317619596116453,7.849376400569452,13.999999999999966,10.639967467685274
760,0.8248436563087049,13.999945726273166,5.0178455636981045,3.7215457554431284,4.519405002979889,5.4848673329646935,9.83345296712943,10.970605725476904,13.997561710853642,8.10483337901951
761,0.8358647099713234,5.077164611582923,6.657993986606295,3.677548533387206,4.507764110461013,5.559489673494135,9.18758883551813,8.000522891009723,13.999999999999998,10.644070336128607
762,0.8477031798689899,6.621233614610809,4.903073536156974,3.7983537580741746,4.491483060118417,5.595902818513573,9.213055180032159,7.926484252056944,13.999999999979337,10.401897638909654
763,0.8310111206078715,6.178898155559951,5.3151052457269365,3.7101953459165604,4.527905654261645,5.524887459306416,9.759694466807643,11.527595765398704,10.849937538130332,8.428895577132428
764,0.8413951732713048,6.303816617465188,5.28767230228831,3.637350867417561,4.553138079157031,5.475464992375596,9.172086564522678,7.942133150910297,13.999999978459835,10.746095310863998
765,0.8465718897003754,6.299122269107698,5.468458405098291,3.6032113182688508,4.500466433262645,5.540396469245737,9.838465745923633,7.879650810577754,13.999999999999998,9.174522544079696
766,0.8509099541581734,5.626361080491664,5.625163166252677,3.670362133676271,4.531802151696159,5.559325719055195,9.30713339709602,7.84200084051571,13.831881275293922,10.262314981750363
767,0.8455270175097395,6.519419968826162,5.484644633737387,3.656871230074318,4.533664299311587,5.464959584302059,9.103149591600147,8.102913238938196,13.999999744566681,10.605607915456677
768,0.8290628600977038,6.339400622283449,5.1518731830383775,3.7884818403742626,4.464310386353385,5.6081576577401195,9.392793524528146,7.744700921207991,13.999999200410736,10.152935174601717
769,0.8251496269426014,5.284004086844068,6.109359603844073,3.6934400406549552,4.510479633991809,5.552984518941238,9.275976063007931,7.956307961830275,13.999999992541918,10.124220630333351
770,0.8403148127551662,6.075367936530653,5.115305815579938,3.64339237520112,4.499774262938042,5.629762738274106,9.272633928580609,7.934127286911013,11.162288372883399,10.488021206674249
771,0.8247921810278328,5.252431716702748,6.302749843360493,3.7309762608224606,4.477958430397519,5.571990994135879,10.121264907500112,10.659585828430373,10.65366124986508,8.40547548035245
772,0.8404423389019332,5.7594762465662885,5.3167030326451705,3.765867612356093,4.505218853503484,5.62351308743267,9.163109731693623,7.964007892761842,11.525212641528084,10.528908717842707
773,0.8324258890892549,6.333478221917057,4.932454069392291,3.7052118399723626,4.504622047355433,5.5907454785374116,9.16829929907897,7.908497816154283,13.999612017932524,10.571203417537632
774,0.8458548916598256,6.525611090192223,5.270394115884081,3.5254158902456387,4.565489200686902,5.512801184217103,9.343319357986882,7.75073965777427,10.953330523672482,10.563912795290966
775,0.846747585006012,5.407851641111594,5.895945450301556,3.7019865790748354,4.493749591510523,5.555568107452864,10.217100444749281,9.251058795682553,13.999999997132976,8.407605682650098
776,0.8424917359664791,5.420692699959906,6.12451863331426,3.6375482973682263,4.510254928911408,5.6069825130072415,9.285601510630096,7.964629107283315,13.99999999999992,10.577325945723967
777,0.8436840071695588,13.999999999999998,5.043208310061049,3.6694220100660835,4.512000112275914,5.520442354150175,9.92307210069526,9.703790991989385,13.999999999999998,8.142623712147483
778,0.8423343318487432,5.547473270070138,6.291230330049334,3.4638379940813633,4.54985411821434,5.493332029463397,9.300333113363138,7.878928187900775,13.999999999737522,10.589630793497607
779,0.8218170342167099,6.395445049592638,5.482774707375391,3.6031560961415474,4.516723226347332,5.542545410284896,9.242318888224915,7.893271433362124,12.713369782422367,10.545206169982038
780,0.8496082428536582,6.294996342488247,4.692346954456669,3.8284786078185467,4.469558923498793,5.632596978558511,9.265182904721978,7.852217856982476,13.12088837450585,10.430101503849983
781,0.8244778363011627,5.5069025891469,5.999826140707217,3.638790716331361,4.521923772173221,5.575181051575737,9.88520095484093,10.499583719725106,13.999999999999998,8.437823645716097
782,0.8429701637919256,6.142025135435428,5.33633916433769,3.7817382067062426,4.503951775980496,5.532775730835911,9.057035314710197,8.113984248847835,13.99999999999327,10.600604601588236
783,0.8356066534285996,6.233944956082676,5.334551958090998,3.7950349912195316,4.480628789898094,5.577156233712782,9.142923111372886,7.955483529533916,11.545062332259233,10.594648564520735
784,0.8388647543677372,6.47237838878631,4.970188076084002,3.7690629130287343,4.514015291885568,5.556516435658897,9.311233392606912,7.8917466471245525,13.999385410490495,10.530585795797787
785,0.8450845072763502,5.348004293977003,6.319339119424741,3.675752583793279,4.527833081281382,5.548752079199835,10.271798595875886,9.961706443733567,13.999999914167464,8.280312206667437
786,0.8249351825921615,5.6375242390039535,5.649048239432866,3.7167930814006565,4.5221798386776415,5.552210188113357,9.217517235974551,7.989059945895507,12.340253322053734,10.46229951032484
787,0.8326315940564946,6.188032305193462,5.028413716831468,3.5907377651873156,4.534713661474028,5.602789444715741,10.045176999392313,10.414337888585417,13.999924617930587,8.511772091692844
788,0.8528743008420482,6.167315260814599,5.339058914127797,3.7512826962965935,4.490265933659953,5.57616954879229,9.157329610389919,7.842461463603148,13.999999998637309,10.560211862495594
789,0.8423332218712047,5.930594143799254,5.034837315222581,3.7579210740008415,4.51867511922398,5.564403797469967,9.162416597415257,7.978268450225031,13.985136627223381,10.57002758943027
790,0.8359774240330574,5.297325407733904,6.3513880192828545,3.6453940069673303,4.492438799216549,5.552483193449946,9.243136785428598,7.8181034365954885,11.151117087115049,10.505572551595836
791,0.8487201992881638,6.082063166871715,5.29616370648569,3.6528137256972464,4.530339330374818,5.559639261981259,9.37111753412661,7.8720119727988065,13.999569939145449,10.06862074620535
792,0.8299119523052827,5.589616534505145,5.589111619647526,3.609491536175095,4.508326564119789,5.638744238435762,9.8558668270007,10.302484460210854,13.992787330583463,8.319318570138728
793,0.8465749318165544,5.144672002180823,6.201516388620532,3.694429120853537,4.49756631771139,5.587761945704519,10.222143054348464,9.676704227893739,13.999979217082,8.381129713854598
794,0.836971938019565,6.711741093647877,5.226141758134598,3.741063377373088,4.490125830968325,5.511292756349733,10.010924365538507,9.48384643993281,13.980810930064663,8.35924451165117
795,0.8383876946210171,5.166043039761813,6.34188232886113,3.6512819709303637,4.507112007169549,5.517582723104403,9.878824347105004,7.984158257236059,13.999999999999998,9.174011171165597
796,0.8382141111087148,5.159684519631622,6.419725977065986,3.5864474836577394,4.54080102612549,5.525552165902918,9.904087003668321,10.200021837920387,13.999999722256838,8.439347749039436
797,0.8326862790125014,5.315158927747437,6.06446080961657,3.5353223939213154,4.5587856607195265,5.572755539441405,9.195364589489301,7.99574645645647,13.999999999999998,10.207907473925045
798,0.8388416029238953,5.077138677710663,6.390321117758697,3.630014688088709,4.526879030324883,5.642411632176509,9.257623218496999,7.876130282685714,13.999999992290697,10.107878733423302
799,0.826972823691079,4.90504179254387,6.016961942850844,3.7477377220428467,4.514532111607182,5.616639842438725,9.295260141901702,7.971488664507831,10.762338798494937,10.448698828028958
800,0.8416015657236326,6.268713981983125,4.9450965345110545,3.8232052282853717,4.496679531575079,5.559397940911226,9.258415243119336,7.969560591831016,13.999999516903607,10.310672917576428
801,0.8467161184876206,6.229715995633442,5.279412012631531,3.583145796679929,4.546594525651542,5.515718272197876,9.197532699599961,7.893628569976676,13.999999999999998,10.637703117779738
802,0.8282064126335597,5.205511109517155,6.377501839731446,3.8294823135902054,4.468122269053126,5.519434333542555,9.163204999700262,7.915186386558272,11.576336793827714,10.532780459905458
803,0.8366182158800484,6.626076283260482,5.099999789531885,3.8407527476624854,4.456493388334262,5.532156065912305,9.29171427828037,7.924296530609233,13.99999999995036,10.569735498246455
804,0.8380599918923947,6.100558000719782,5.613553864392263,3.6533510506193307,4.496401824812824,5.547424020360103,9.53776767401325,11.351499457461552,13.999999999999998,8.478008169702045
805,0.8268752150400618,6.292047443985015,5.248102148175672,3.7240282702669303,4.519230548853022,5.486078037194007,9.88895268005584,9.990374093656776,13.99994522116949,8.426321941815631
806,0.8464390874216952,5.516758343383632,5.516573621779768,3.6665066060231166,4.511631167498189,5.697904160966673,9.178854540492217,8.028517204858554,13.61915596754395,10.554284377420261
807,0.8362811451916635,5.87390851674394,5.210607997429661,3.7853092281113296,4.4652682117748785,5.627191219295562,9.292251304736777,7.999637558389714,13.999973832161935,10.411205123519863
808,0.8530295047766386,5.974615888427012,5.204727426301928,3.792819862323713,4.469529875989629,5.6169120000317285,9.32676236831733,8.02324930113888,13.999999999996485,10.048151454737516
809,0.84545580508278,6.217592541499223,5.251386021503028,3.7450012313149017,4.5010306725605025,5.554528258194989,9.20665701224257,7.981090369019526,11.390236256123332,10.455107247281312
810,0.8308686177573672,6.313494690063819,4.741639133003194,3.615102185478734,4.49858676064421,5.632295761057254,9.096096032998776,7.85670445213925,11.341513346864202,10.371599910413758
811,0.8495989762574337,6.398548310644475,5.196043182664287,3.6698534442356032,4.509867924390164,5.5685141772242,10.230294203036854,9.767842007194291,13.999997035366082,8.310507479237163
812,0.8367276496875926,6.28837259634146,5.271725853482755,3.635507132530449,4.5035439026649735,5.569359337346258,9.22277308249137,8.035176643065816,13.999997459231706,10.350802747816163
813,0.8315099909651742,6.083456289652239,5.056039249428769,3.6174211401436547,4.497146021616209,5.650758630848234,9.878685471741235,11.217913866960805,13.999999626240857,8.418036775235906
814,0.8431261495541232,5.057289719542778,5.857932955188257,3.6485251462748463,4.526962179396974,5.646703335899406,9.21445991943004,8.013394387288015,13.999999999999998,10.529568795555846
815,0.8503297429647446,6.122555301018854,5.322498446668792,3.806567164430733,4.486984962876963,5.539821716738341,10.247668203869306,10.494988364316855,13.99999999198802,8.408824601563898
816,0.8398429076572617,5.307505685356973,6.132195106147013,3.722570062685562,4.47233901560357,5.6018810031815285,9.345914081758917,7.852004812655969,13.999999999836952,10.159767316047642
817,0.8427930308339646,5.366958500813467,5.371995509864614,3.745492108234039,4.514847558838644,5.671151070515003,9.909615689010916,10.571893860418516,13.996951817292882,8.440665873550568
818,0.8468891083874989,6.537150481012642,5.106602440920385,3.684650996858201,4.493209646535597,5.57224262642276,9.14616423807171,7.982533257594402,13.999999999999998,10.598594263053377
819,0.8294005751680784,5.374032910287657,6.252736103468022,3.8327610656762285,4.459845811738801,5.5680492082321225,9.897895329209609,10.824996336289153,13.962325055474606,8.454769610582629
820,0.8455710731515629,6.173030052493112,5.407204151282338,3.6695420426286334,4.516932274517422,5.53216113575674,9.269821803483174,7.935855637376585,13.999999999999998,10.001995515282447
821,0.8533598733573055,5.374246634782578,6.1487735722656405,3.6497984781389055,4.516533780122901,5.579917106971948,9.260890196684757,8.029773916424709,13.999999999999998,10.65718430879838
822,0.8251952878646215,6.509540829401716,5.101645169576757,3.5833360972468586,4.539447593164335,5.5144406156432915,9.279251644606,7.816960955221312,13.999999999772623,10.540598833939917
823,0.8468618409932884,5.044719094578648,6.442716472964184,3.851464282227653,4.471952586306858,5.599111481230692,9.367914224533145,7.850133075240421,10.627561433593876,10.405548777809152
824,0.8515803809355822,5.576527239275715,5.578902785321078,3.707412017093571,4.4812849727433095,5.6691206252772375,9.54793369666867,7.903362548063605,13.987003910825711,9.54701330175951
825,0.8422585304295516,5.020215505579647,6.35917865480723,3.6906570566999872,4.496905476814097,5.57824290804166,9.247505667958178,7.961490268958004,13.84966179953364,10.44952264003029
826,0.8440748050671014,5.724003524950471,6.10397392050316,3.7486626247540986,4.4712866801907,5.558635690774771,9.242579892858378,7.962403802570606,13.999999970655184,10.575136392369734
827,0.8437250802317684,5.819704552721427,5.062935515550796,3.619299496652247,4.542707844425557,5.610320057433193,9.051981249786895,8.17315039146197,13.936216537787438,10.618266251660428
828,0.8503154112234096,6.309569599244752,5.280216930029208,3.6696147522849136,4.515220703372106,5.546551076784114,9.991719052912964,10.713865197536464,13.999999880992029,8.432799985811373
829,0.8429373488857391,5.359347772826003,6.120765448654122,3.6565493513421434,4.533349669752906,5.54988597514621,10.143197027933997,9.88591043116155,13.999999999999998,8.47157729897313
830,0.8503814501374095,6.185562299764672,5.338719823484113,3.529313066782559,4.5526414841416925,5.5151181248422185,10.043556933075667,10.904544438189564,13.999653520566987,8.398833693917489
831,0.8409202032806943,6.146439673174006,5.4070542178914085,3.629240063412178,4.49507646857434,5.6028302532245835,9.282667535167134,7.9056944521391035,13.999670851506734,10.21067195316563
832,0.8219331835658328,5.114532249175925,6.168452311252025,3.6812709657328346,4.518095946368008,5.612560719449158,9.250441688608111,7.91091490289194,13.999999999999131,10.543470458991079
833,0.8261176331136917,5.184141326860631,6.36480921353206,3.5569292446128657,4.536421332532693,5.6126672677580745,9.430429475913833,7.661999262935136,13.9999999998446,10.29494794258923
834,0.8281340174758101,6.184743330173372,5.488653790654658,3.55027917872054,4.529408396025589,5.555466780498531,9.409977142340844,7.796883091186739,13.999999845951043,9.917787961820366
835,0.8265224785558523,5.159509031458592,6.386303431201745,3.7105224093069373,4.497966954973779,5.616205925935273,9.988872507760625,10.244923231210437,13.999999999944867,8.365158681417528
836,0.8362881690253285,5.435208352614233,6.177684539401794,3.636787019613875,4.52285907878974,5.564219160888437,9.986182326572926,10.065145488048865,13.863046764023668,8.411107160533273
837,0.844628045422502,5.062421551720809,6.181602807319897,3.5278278679713253,4.511184139776591,5.608652041473471,9.973228700027102,10.237781772485855,13.999999390170181,8.496617347078258
838,0.8473872543771908,6.291862901574563,5.241310519282357,3.793603235906071,4.46982598600022,5.586918859265722,9.22578139912736,8.058477864627056,13.999999999999998,10.428442714608167
839,0.839109105744923,5.339516608436385,6.172151084372275,3.6726718385573127,4.5261752536619895,5.541464177132137,9.429745645417624,7.850122639741877,13.999999999999998,9.874458449732101
840,0.839061325256422,5.13651327070784,6.315126870881414,3.716584443582332,4.513370210473015,5.550381226483222,9.98068874638449,9.665958368228296,13.975229068342927,8.419464426961309
841,0.8275990181672194,5.3939313562249245,5.868347735661837,3.6195309850700705,4.521720582371839,5.526610460691535,10.045668779013287,9.742686337714785,13.999980336673307,8.48584128318755
842,0.8320075009354113,5.136170636306404,5.983672759384756,3.700129729007754,4.507257252372891,5.5796239490720225,9.342371773836126,7.977265834033754,13.999999999999998,10.128965059572465
843,0.8317995985064185,6.318226170301987,5.046702936995145,3.8183659391557,4.480642567907846,5.575138746152872,9.609016949831526,7.83731246889364,13.999999999999664,9.375698850222156
844,0.8308551371284582,6.108883285877541,5.141733491226196,3.8149036267647785,4.471795534611904,5.598614074084265,9.284113264671209,7.866500083965969,13.999858237957165,10.589186056929773
845,0.8268883020403648,5.823910027685872,5.979119110390741,3.7397932576829396,4.477487829671935,5.579889821375908,9.94974336136917,11.004359769485754,13.948109010615912,8.513628064119029
846,0.8344681356205751,6.15208432137697,5.348238941691016,3.7095811441094733,4.49557542577286,5.541209355936804,9.78301500693977,10.5460880551038,13.999137720982212,8.394848355446946
847,0.8365881968960676,6.603050364176917,4.814863647378637,3.645921763145776,4.55176481433877,5.5549032865981145,9.373544991226694,7.635838118756182,10.648751827653683,10.618442747866588
848,0.8318146889897128,6.384676336421281,5.227572438925643,3.5825066004357415,4.547998485408697,5.488853072167487,9.254712771339664,7.884446169759573,13.999999927918989,10.443106158262523
849,0.8479897646635356,6.690119377461513,5.050200560666548,3.5083441580214134,4.551295401651563,5.527694914659249,9.457094256338404,7.682189060350235,13.999999999996271,10.336750934781207
850,0.8362844754474095,5.655531613653184,5.461836712184661,3.672340506106271,4.4869375285332325,5.607490584133187,9.388982360333642,7.880019662061921,10.555870752168946,10.528999514027397
851,0.8399762551503753,6.5799450950495855,5.127394093033704,3.6041888740746613,4.531605733923882,5.555372653697904,9.323369478171044,7.873379432646518,13.999999999999998,10.196641525021974
852,0.8463527441790806,6.4795683695891775,5.435479609756537,3.8575600709090785,4.479636321635228,5.5208016820760735,9.205661000372814,7.899269565861833,13.999999999619424,10.44328286103477
853,0.8452065494885523,5.095414799318234,6.455864078425156,3.7234845185907686,4.490582932343349,5.612094648062637,9.244598283799592,7.825341907916164,13.086683806989843,10.64968361614242
854,0.8358883409770913,6.1466907961335915,5.2318615577783225,3.6491032037006805,4.516365305605719,5.585224303129988,9.15013382938771,7.857335180902165,13.999999993798724,10.497613126744442
855,0.8440454443869303,6.303520937558639,5.597995276110428,3.720792726285817,4.493605146407363,5.512377791212001,9.340919039438267,7.783956503864431,13.999999998877428,10.27250640326008
856,0.8430471965536697,4.686311437467524,13.999984699736828,3.632391340942871,4.538961700852225,5.503406336544852,9.9049572784742,9.779810619411718,13.999999999974898,8.069189654219436
857,0.834351835938705,5.546050858452721,6.159551918142026,3.7078365358649696,4.484149123331435,5.520078097090957,10.088633598034031,9.277184826097903,13.999999819173873,8.442793541646665
858,0.8455412940973455,5.475136077321601,5.998635074244899,3.7074274041494206,4.493842063000267,5.5809038461189004,9.249003115174235,8.01849477582182,10.431669697415437,10.413709140331985
859,0.8218361964436453,6.230341625866823,4.856186811697876,3.731241541116122,4.528559404664344,5.563189013765647,9.282827857737516,7.8083932941298615,13.999999999986095,10.39997181613298
860,0.8369970178493842,5.186553514758411,6.272419052677787,3.761362646188044,4.504546433996766,5.550073557676278,9.282490830433828,7.889713905779388,13.999999999999998,10.43181054193258
861,0.8452266156760206,6.161123065870464,5.180938969467258,3.595605167440783,4.5205228137909375,5.637373708637481,9.268976902067884,7.932301764805061,12.814901789181732,10.555648097620699
862,0.8398827275875751,5.967175684772855,5.242345660272325,3.7588243383153084,4.484966895583867,5.602641588551345,9.93490770254737,10.327837986919638,10.393376119961728,8.33532397298277
863,0.811382704615793,5.62333886098312,5.3208679985520435,3.597378360137322,4.543425102009288,5.611340274889422,9.983810171190576,10.277936764495273,13.999998992116534,8.414905547272525
864,0.8430358894349452,6.120980636651116,5.099875244560539,3.502482018481734,4.527973278540795,5.624194788957261,9.35212911693603,7.986932773696321,13.999987769984243,10.586081977209256
865,0.8468250960286063,6.1075106966050186,5.04708429707537,3.826905224960271,4.45302395867809,5.652674213236652,9.299772944297805,7.816180398122913,13.999999999345071,10.233363360182446
866,0.8377951962541232,6.0247399258469,5.190003127624914,3.6228434026042664,4.5085005614468505,5.643932312760972,9.943557252348006,13.999999999999998,13.998952315953195,8.416193415281876
867,0.8279536877135301,6.354288639246283,4.97688971755598,3.588660303948438,4.533905582723912,5.5629734752508995,9.217924156414046,7.746849230046938,13.940200200280776,10.497666521401227
868,0.8298162357394531,6.419548020913962,5.000461519151905,3.726373770285249,4.458835326289557,5.638374106077426,10.054030491593986,10.56022059279027,13.999983854967228,8.429731686312214
869,0.8387812973842168,6.100970432582919,4.704298923914898,3.6891938670254776,4.5109237487673415,5.627921576012703,9.163376813308407,7.953625127678532,10.85631482025064,10.607127377381577
870,0.8282352740441793,6.244927367767239,5.146604324910938,3.707817790647322,4.518219767522605,5.557087201480119,9.34045396598426,7.806829876217701,13.999999984734,10.709007617195159
871,0.8221252734012556,5.05986295024428,6.589030112650617,3.799039936358202,4.485718358253346,5.569701616048998,9.260634929480792,7.955249905828314,13.999556283257341,10.4728550090875
872,0.8317938630446081,4.9283743232378985,6.042998585388541,3.648348264363539,4.529406283111651,5.571809226446652,10.159987738805773,8.261259462602654,13.999999999999998,8.793948251596508
873,0.8343847411866723,6.282606522168542,5.517379901056734,3.585776489382475,4.526133290222773,5.533418198150309,9.20852406515717,7.8395019299889,13.997214006854879,10.433226163698677
874,0.8452292751642905,6.347232646455129,4.9155682656940245,3.6538134030599534,4.553731975190406,5.575640689760534,9.267519440967249,7.75871324150165,13.989995586890442,10.135295782607296
875,0.8316415429050622,5.111820552603686,6.48441694788647,3.6648545772366705,4.515739702415711,5.598901574100517,9.327811812480048,7.763103599668737,13.999999999999998,10.05147424013789
876,0.8409372339776391,5.150634546438456,6.472222812876704,3.525052580305247,4.546202018331632,5.547716922911834,10.206143680697247,9.331375977262127,13.99999999999999,8.462265481921186
877,0.8371412802735666,4.886179073105696,6.378533084099653,3.6314811839553345,4.546930682275967,5.546888099345044,9.329853250460365,7.841333134499277,13.998941416566847,10.43932998968462
878,0.8470732187148314,5.22697673242106,6.077111131626366,3.677322017105502,4.502800369176983,5.667538285719854,9.256014187881267,7.8039988746685,13.999999999807683,10.170261549979346
879,0.8481814300182444,6.527730607506592,5.065435478244611,3.7858698608789205,4.477929115076138,5.566010995135801,9.265610930063906,7.908441536450865,13.999979139061688,10.320324404839697
880,0.8372057701325364,6.32365057468757,5.389157330911446,3.8279808972700082,4.49077778114144,5.4920976793943455,9.220846203369554,7.723595102287866,13.999067729016259,10.429654873383834
881,0.8434342838200741,5.24648603397066,6.380987770964258,3.703877530563792,4.511814656610913,5.553071862758918,9.365434842805179,7.776984337886687,13.999999999998172,10.403489261870424
882,0.8235444325754986,6.528378951076383,4.9569685562391435,3.3972532757947342,4.5670346414526035,5.533119967522146,9.135747106642302,7.935558697040006,10.889955229892593,10.592881173359
883,0.8399085809718274,6.214740902783767,5.62922929685069,3.597765857569751,4.489669088671437,5.567338046853967,9.110286446558574,8.062694680944112,13.9999829993441,10.563503730568707
884,0.8399514760806223,6.3040794092237915,5.509015456360229,3.767913590769329,4.475802788144044,5.550689100920957,9.190933640030023,7.947086183824909,13.99983391145546,10.602141618167886
885,0.8408083239122689,6.476060256866396,5.116431208801775,3.7049257922083467,4.498864729548527,5.541825708371289,9.303857957469402,7.825365812525835,13.939947129662253,10.50952074902821
886,0.8360703458164778,4.995875144698672,6.648056886172595,3.6447259473677844,4.546332951044241,5.572377288322782,9.245977985383583,7.777987215254794,13.999999999999993,10.562094696010305
887,0.8364139999555982,6.145595975642109,5.394631313791371,3.6559308610189234,4.490675671361859,5.541191447372166,10.180857237571448,9.270876017461323,12.140020299794115,8.460939764254752
888,0.8439962291242245,6.126157305753389,5.238983225760343,3.6260666902085794,4.520641445273128,5.568574492391262,9.101326243179702,8.073996230767367,10.822173942432201,10.580487931505187
889,0.8377705999834139,5.007589298931057,6.605387217959136,3.7882464906636826,4.504947774043749,5.545882398912906,9.202507407962168,7.906040859651751,13.897230285313059,10.243803405075136
890,0.8347430320511068,13.999999995642106,4.891710929440487,3.8442430526630083,4.496773839167176,5.522611112071363,9.859858081049667,13.16007971219198,13.988555329386768,8.08823094218465
891,0.8566912540085725,6.787603980266981,5.301387173017135,3.7842428126838015,4.50204543607,5.493826680824195,9.209624514220751,7.748330197396855,13.999999999999975,10.533244883918005
892,0.8400266930026083,5.4636251826837015,5.45888753411403,3.822480902182414,4.478724661509649,5.648028454134752,9.774407416920054,10.455782169149295,11.782207309339306,8.346866555341856
893,0.8420363490424276,6.809551969206501,4.814402288805054,3.601393982380783,4.542864382397229,5.488409609585455,9.129127923821425,7.954958581057753,13.999999999982638,10.545867020346178
894,0.8471196977776723,5.993827325103837,5.498872254315097,3.706743409832358,4.508841029742024,5.527115267069295,9.48648737823782,7.965384138643901,13.999946210964119,9.62028012156671
895,0.822048585015594,5.297771244291802,6.27772219154626,3.6684734491261524,4.502141694806517,5.534790695971347,10.030769081355878,10.187180996087026,13.994529310297414,8.407134170974683
896,0.8561694339023078,6.316612324076787,5.213105165096806,3.7391258036396815,4.476650899738676,5.590716061560499,10.10445018695074,9.359749619483035,13.999999999999998,8.485709486827043
897,0.8489079447078546,5.677283512427565,5.995198536243192,3.6394042992217748,4.562499995420193,5.473809011041636,9.160258410185296,7.999751342099376,10.714397275111278,10.582413433749316
898,0.8336317472938172,6.36645703818381,5.089962573896225,3.755714229133384,4.498105545163737,5.562587554381218,9.289271558458458,7.898461732421537,13.99999939470959,10.312143895212765
899,0.8320168363438473,5.5438880174628125,6.008432560064437,3.629914356608195,4.512484315960382,5.544401515076997,10.168934444238843,9.644640905790624,13.999999999955678,8.442043513286476
900,0.8460898951222928,6.469173939226037,5.006390419252064,3.763985285786689,4.509993734588082,5.541892955433804,9.249951103189753,7.8555372350957455,10.922831489786892,10.456073104508837
901,0.8549506444921418,5.101604369575151,6.409522240686716,3.5797834208098767,4.512106136787931,5.596342474272934,9.180083087688208,7.939894918343547,13.999999999873264,10.384919550514491
902,0.842143448821903,5.171909677678408,6.443268300390444,3.7681500989412706,4.510737748799417,5.4817848587027225,9.383562666764158,7.856710525348702,10.706678304161866,10.602806907443796
903,0.845157588472661,6.629443542391611,5.251541365749369,3.652837638583143,4.495157523583118,5.530835542311152,9.293614707335848,7.838999227531538,13.999999932016358,10.493889933516241
904,0.8375080775181504,6.501085341675338,4.839988862283258,3.732039164872525,4.498136051924912,5.607679458708706,9.289418366876722,7.781796440759126,13.999999999999998,10.44716301740938
905,0.8443543256996816,6.551755679474074,5.018636549097763,3.6792102295383695,4.526332777394982,5.538657660744149,9.280883699993582,7.763443274783593,13.363903854072941,10.383176425205786
906,0.8322384685655342,5.167248647909223,6.42292251562362,3.5620456038452684,4.55013450622567,5.4622843552248534,10.118597596639118,9.460458645509256,13.999999995523382,8.403158629650529
907,0.8392936357718032,5.449405750170862,5.951832457726738,3.591868113303719,4.557629925338179,5.563550483507831,9.102554501511715,8.009501930704907,13.999999999927565,10.590941134811127
908,0.8375717015391848,5.424200028600539,5.442850907738527,3.756040050842704,4.47528502832747,5.652370377790459,9.968749923148556,10.005811648203947,12.14929838756632,8.452332655022675
909,0.8330614890850057,6.6662734004860065,4.903802631685032,3.525363132555418,4.542692180474776,5.552532588836014,9.357460746998576,7.720583337692346,10.948744369653557,10.488184089513581
910,0.8420385705788848,4.8361167666945235,5.999223215375278,3.591421248870766,4.541071236908338,5.606247922510253,10.080035805924659,9.773984666613597,13.999999999999998,8.336772495577502
911,0.8503538053960079,6.202504206520277,5.469035809175455,3.818847421447628,4.4486261073620375,5.604558926496506,10.405176746797306,9.085671533274512,11.272908734890722,8.40699465979859
912,0.8255248706567527,6.409371736138373,4.640201220798465,3.8648546687484626,4.481494732670939,5.592998838996418,9.033215031569423,8.064201606410375,13.996178757874292,10.618426840844299
913,0.8509394656415831,6.472103106144209,5.275141864373156,3.7595440429911204,4.484654015661425,5.576502056587677,9.204350408322341,7.718289413494979,10.980924835668402,10.298052496695844
914,0.8204236047593817,5.51744104712719,6.36795173555636,3.6464032683943253,4.49509297506498,5.5089077875671135,9.394672502598146,7.7465389602245045,10.88307812722187,10.542595780024145
915,0.8374435360741049,6.280832065245105,5.649874011668117,3.6263764445601887,4.4963661417235485,5.536830071045405,9.25410708650131,8.023595370998335,13.99999423212078,10.454156592708634
916,0.8371371508369595,4.893978775275311,6.074297850115375,3.6341667729258065,4.515531490249607,5.628320348727785,9.278366100229958,7.888619103698187,13.999999999999998,10.36287248461382
917,0.83367476003449,5.34392169461036,6.609090546077133,3.7454988844786925,4.5000646228859456,5.530673328326925,9.497537170659488,7.741856713920313,13.999999999999998,9.485702138133036
918,0.8427451280818024,6.461603433622672,4.856616585966413,3.6863192521475687,4.530887460653227,5.546944786601177,10.098951608277462,10.371641314624208,13.999999999999998,8.389183594602757
919,0.8472479863206606,5.039383767624387,6.13692094460695,3.731343299433657,4.500146350119449,5.630487850846435,9.335748064019509,7.9750375756374385,13.999999999999998,10.568840439789877
920,0.8419996105961647,6.5596099371563215,4.883875215061482,3.5802050298591475,4.5275785014237595,5.592238164608031,9.422926224702431,7.741548863004764,13.99999998746216,10.334842264807792
921,0.8231567927748065,6.270858547250671,4.902479556605011,3.735932637669082,4.513391035240278,5.585830808580163,10.22072989289256,10.188141242498736,13.999999999999998,8.377465582529162
922,0.8466515298246143,6.51678699557692,5.082527871567338,3.7265692547589215,4.504167186794187,5.544393255156421,9.987290582527606,10.333426431126384,13.999477235184761,8.458376584723784
923,0.8424423634539122,5.074478442135038,6.276795816701872,3.6845341454374365,4.521559739252922,5.580083065481813,9.278255654692463,7.883086770715901,12.735374181016162,10.495137909908784
924,0.8244924344995647,5.025771004380641,13.999998273203563,3.6872089991742785,4.55178013579076,5.460664738895185,9.827010443744781,13.999999983368737,13.999977472314438,8.042909593766977
925,0.8316915054439932,4.963937371364396,6.554074122083289,3.7229673288083647,4.49338365962875,5.547196324813059,10.374033232500208,10.267163733634003,13.999999999999622,8.394867092709648
926,0.8220676162969286,5.2333415249335955,6.005831100980357,3.410580245444301,4.556639567486002,5.624097291206068,9.248208017201856,7.9323384635129255,10.873581771156044,10.566151003604153
927,0.839580291983434,5.636221422931379,5.622501031996904,3.544736755678156,4.5418280725621445,5.555931906956961,9.311046759326077,7.976531774984169,13.943125197458306,10.5178259002769
928,0.8331856157309127,6.469432219851341,5.449619447869556,3.619248678589342,4.530267854991878,5.537019236435026,9.11558073626004,7.919071538424932,10.849163997285768,10.512663626929108
929,0.8327574484254301,6.470002524371295,5.190369754457955,3.783633246024429,4.475309373251016,5.564536453216711,9.267346606243763,7.870075136781934,13.998217452216636,10.5235533191862
930,0.8397815346787743,6.308896157179322,5.083741421474261,3.6535652999598787,4.497145800991294,5.6030220624967635,9.282183631352364,7.900503927359895,13.945295983707469,10.305456486342399
931,0.8366369770220221,5.414831660813405,6.2128346049150736,3.6403687042381287,4.506406314893812,5.525629239363299,9.244037892113854,8.017399117974824,13.999999994041621,10.627481619103705
932,0.8384603188082231,6.608701744184105,5.151187509329209,3.7237550118335405,4.516245447865225,5.516348406351714,9.357760503881032,7.800265424032369,13.961048330520905,10.303066606515824
933,0.8358921400745445,5.312253204183018,6.186910440657481,3.5909140557918673,4.515514447685884,5.570633270161617,9.255917283100148,7.873025243013927,13.999999062018219,10.398463719946328
934,0.8286842950292282,6.379981206796358,4.946887887439475,3.7971480087002787,4.491648644857314,5.564445918368172,9.381035876348937,7.842972307557528,13.999999998751,10.160149876650362
935,0.8320960821106381,5.296725059567308,6.3993827791254025,3.7284506909708925,4.500708400353382,5.526308042372127,10.294037381769517,9.01043865996073,13.999999319201846,8.343744043638255
936,0.8300024206468845,6.054309379653024,5.2037466277749465,3.5785358856206657,4.52362286705019,5.579873729933846,9.281759686056867,7.927264967350552,13.999999999982032,10.544314328273515
937,0.8501267102095476,6.372627706287803,4.99190149862867,3.7001496464152335,4.502347817586512,5.576523627452216,9.36720424255949,7.87691521784546,13.99999999999998,10.677298509531742
938,0.8384669740503109,6.238704921813503,4.980648523802032,3.6442534933790314,4.522005779839422,5.574909915484274,10.28849860040726,8.336371814469556,13.999999999999998,8.602822305747589
939,0.8402828565366436,5.320430117641031,6.464826137095215,3.5451887365309664,4.5287806484570385,5.552349396767647,9.226801096172913,8.003585736997392,13.999999997147054,10.481029690197651
940,0.8334900709337638,6.371851666425288,5.15057442680811,3.8433412758793484,4.485906039669281,5.511576831442056,9.20240833468177,7.983512573871111,13.964366811852987,10.430731888431085
941,0.8371012421421259,6.2200030189738404,5.498294899656434,3.813603617872871,4.462431732656232,5.545803309103748,9.262220678688102,7.9282097508664275,13.99999991916163,10.215674198121889
942,0.8455323354364325,6.325781440981286,5.346979831684208,3.6425520525778845,4.504756374505367,5.536827568649279,10.177353458959782,9.514456180973461,13.999999999999796,8.457678764138427
943,0.8341244414493704,5.562476505272466,5.885568234581122,3.5790634486459947,4.512510658234785,5.601478313713163,10.054706465628193,7.892328979240165,13.999999999999998,9.010558223217377
944,0.8362927876451262,5.744080430086223,5.01014734758707,3.6976255904406097,4.522643339287251,5.604891942921934,9.33258469887137,7.83754158230704,13.999999999999279,10.338713748462123
945,0.8468177099078417,6.291698396278799,5.359219004509083,3.8732545108720435,4.4600787704902585,5.540521912609468,9.295383184610824,7.9928859146266,10.233471563022405,10.647961325393693
946,0.8265657725101478,5.077608850170077,6.277208051616994,3.7904787856205693,4.487535251607844,5.58081527510897,9.289711535718453,7.8408456027699085,13.999999131080443,10.34359195155716
947,0.844801042985371,6.304376156086481,5.027870299016611,3.627501481307414,4.518734734047345,5.588439677416299,9.454481040959003,7.854627269740407,13.99999997943076,9.859897410018824
948,0.8510605263468141,5.403777233603293,6.067948248824634,3.5502524780584763,4.5277545646625645,5.562745128015758,9.310002497366163,7.8680194472282965,13.99999999998122,10.0748223291413
949,0.8469882779326936,5.126453052789617,6.46857142495238,3.5696103098166825,4.534373235847352,5.567056716194779,10.236870580780382,9.402122859939075,13.999682847446849,8.388069659480909
950,0.8337302635716562,5.21325546589034,5.974777590226118,3.6564971188070854,4.512079460456684,5.551051186982805,9.225190543337014,7.962484383906941,13.999999956035829,10.390265388413553
951,0.843388404362369,6.515159855493302,5.439259833386679,3.677886512137617,4.495121323266899,5.531432651328638,9.99885097762276,9.931261539225394,13.999999990722777,8.42843763588003
952,0.8343375939508693,6.335444897605539,4.983205641920147,3.8152875309618732,4.48490452667763,5.562408155245308,9.20380265833572,8.01182166446429,11.093193804797645,10.590857124970938
953,0.8377450780130444,6.27188415926683,5.102112873903028,3.763508474767208,4.527902977169892,5.536825781534912,9.845546599279873,12.157584701167409,10.741681502737473,8.39555563318201
954,0.844908397095224,5.39924721631979,6.180561328923313,3.715988126917114,4.485332911755929,5.5877541610810075,9.28276092312608,7.920942575653911,13.9999999995617,10.14047175292422
955,0.842331626145081,6.319318248324971,4.972059177233713,3.7451084198625657,4.523628906884848,5.5410343750674915,9.356240302086023,7.8685612167805425,13.92865317738807,10.54392104465354
956,0.8313921725047557,6.314733697377101,5.045816366846706,3.642708341557124,4.535145604422563,5.544176284076398,10.15513994374167,9.743386022228776,13.99999896160143,8.316076959046224
957,0.8520390536149518,5.143043382319197,6.636629462132712,3.780484676983583,4.476461154331808,5.571960964076407,9.315540817410744,7.864774185039521,13.9999903075107,10.550133331461804
958,0.8494614675336147,5.183418613959264,6.1608609252788895,3.6903946320423513,4.512812824155102,5.577001698856792,9.644399034831578,13.99853914829663,13.999714268298513,8.432144661865797
959,0.8254594349445459,6.199172596744164,5.059317908182533,3.812893207466053,4.477116935376277,5.63622325408163,9.31406849098204,7.76216697322453,13.999999991853748,10.089695877145955
960,0.8149438541101383,5.784785122147815,6.039590073247167,3.4733391746365645,4.498438460286368,5.530237407965862,9.135449870065893,8.305258301043075,13.999999999999906,10.684821333203642
961,0.8348214929891681,6.459116364201256,5.043194245204752,3.683145537866604,4.503071388150686,5.572318635036318,9.244615437639247,7.999277674963253,13.999999999987695,10.67515314708994
962,0.8299463079178937,6.5250625232838875,5.121983625716831,3.6740919714712175,4.510527462495883,5.549495256319952,9.213594450425646,7.927442750484914,13.99997028149217,10.375774072072375
963,0.8529537798224678,6.500325583630696,5.071925901584813,3.5642018995139755,4.568162982350024,5.516899019649423,9.248395038276072,7.945864904560045,13.99999999929016,10.290389597502177
964,0.8458499082713432,6.335973070011615,5.167944389092508,3.712342024617841,4.489778147371435,5.547548073706563,9.264272703438333,7.837185763766289,13.991413556282328,10.301886374446434
965,0.8389591010564578,4.773461650090888,6.40714152308006,3.644543372272319,4.526768041892183,5.608092821307487,10.085050591908695,9.416733282736091,13.999998662444169,8.403354906002779
966,0.8379426810576461,6.104417278182666,4.949286979394637,3.6699051580896986,4.55846320475256,5.5615934680956896,9.247111038786846,7.821112326274204,10.787804263618254,10.481115136839017
967,0.8287321474799393,5.273147633763641,6.115625776196583,3.680253974461349,4.512318885109088,5.581441076668456,9.362972449378292,7.84195679295172,13.999999955733271,9.951696265954519
968,0.8233548002514067,6.148939036582711,5.141107584323444,3.6642777390829973,4.542637036483212,5.524023993019543,9.167159152381055,7.95071024017434,13.999999999908242,10.528535038645067
969,0.844519841514785,5.47253949463803,5.468936013124364,3.7757570278865917,4.514793973001746,5.631388336894891,9.204450486376262,7.825090236349713,13.999962230671185,10.382128177872408
970,0.8287997164948991,6.039808516417461,4.8938948855201145,3.6072821193700486,4.517603071043974,5.613759013615855,9.31771355932712,7.822498198556418,13.999990617993458,10.373277913676482
971,0.8401079558688945,5.081243450075319,6.505690756862776,3.6848180781391684,4.5150676762971065,5.562476281936171,9.429347111039231,7.815644756938328,13.939899535234478,10.252380686797887
972,0.829953683184066,6.104675156835709,5.616880206256313,3.790817039506169,4.447600822280724,5.555305115598287,9.252118445125259,7.94208677892569,11.01101795087104,10.491406686526078
973,0.8385686822855652,6.032538178882831,4.984632732241372,3.600521286371673,4.522749723469377,5.595980871929903,9.18167265458235,7.97336501873488,13.991712898762211,10.446563887061577
974,0.8551471841997659,6.208083130238492,5.572667175915719,3.7772254047051392,4.497982196802666,5.539237651397818,9.174552074295319,7.998110937284341,11.215568038272231,10.599800889221246
975,0.8164081320578801,5.154048607094706,6.395473896882828,3.650230873483589,4.492527976504607,5.565812350179098,9.198175343195498,7.977086680052602,13.999999959795467,10.026638960555418
976,0.8466153590824339,5.162535958884163,6.417212268935709,3.7521582606894937,4.508904229147034,5.544169880051935,9.448536156321198,7.765735131299569,13.999999999999998,9.852930044842957
977,0.8333010095624417,4.931981505218398,6.535665991888629,3.6456494287377783,4.532538167234388,5.525968817918949,9.251010171225479,7.9197902446051565,12.898498822159302,10.492957023987584
978,0.8314719551370257,6.0601542131647514,5.1130577698524,3.738628672394569,4.486936228453412,5.578076248597842,10.287435633593015,9.692134816701511,13.999999867442842,8.42109127330127
979,0.8329541218087901,5.076636544953114,6.6253074193392685,3.6989241766657677,4.494247294355128,5.568796334149113,9.231581541626497,7.775998283092627,13.999999999999293,10.798925760255296
980,0.8323901055795283,5.338442139329089,5.889244494964541,3.712531433009827,4.4940790692680785,5.596519986907548,9.876294665472061,11.487003796130038,13.709205543165396,8.445443154730773
981,0.8442172427304255,5.302334125375969,6.068953149006478,3.670519957507164,4.4899782169420215,5.58589755146378,9.784128975279584,10.658031064694997,13.999999999999998,8.463955980838142
982,0.8317271441562498,4.805764384674572,5.908652432241487,3.798631433339413,4.487431973516803,5.666133271021588,9.954271472280775,10.905431050990439,12.565305279832378,8.433777810525534
983,0.8426706674798042,6.1302970282336,5.196774959016606,3.7165841737956695,4.509878302012693,5.582683342511746,10.298883410005397,10.349285810541135,13.724121096581406,8.38035007576731
984,0.8267788564503322,6.119440128706333,5.182642712193465,3.6511887062251422,4.541857636845028,5.547768279092642,9.208916196211796,8.013150371865024,13.999999999999025,10.02273160200427
985,0.8218796625764885,5.125337359482796,6.411527975777396,3.6093560522047987,4.531480339522063,5.531811513825839,10.204428894430778,9.825170671394702,13.993830895695757,8.380172750585373
986,0.8396645689608091,13.999997581275084,4.820852999989801,3.6591864108741112,4.551937560345783,5.505536422188792,9.600928717179004,13.999999999999998,13.977040221180282,8.138453839611694
987,0.8459064494273899,6.149175557973651,5.351978887357075,3.659153409278952,4.531808494662096,5.567384706868353,9.310059580287986,7.856315321784863,11.607035064965375,10.569085068701268
988,0.8301979180239283,5.3990227760846174,5.398944343288372,3.715152292341017,4.504516847298082,5.648609534286723,9.34565399004878,7.876056858867493,10.876101538083939,10.44055319248378
989,0.8526466439736935,5.931887918340728,5.581921112062379,3.6627183284654974,4.512813612005872,5.609093575348687,9.320349301083747,7.873034430634335,9.73891913843687,10.733450468385731
990,0.826730041749477,5.274421483380507,5.989012338746926,3.6258194288451,4.531933759357825,5.552920333087089,9.991037445043231,9.994387780978304,13.999969368359864,8.432752215564497
991,0.8505620951147164,6.65129512314664,5.110496597292054,3.6454560368063667,4.520142964742996,5.518268143923021,9.220581054474277,7.939971947575974,11.968537866499297,10.603768902968262
992,0.8350938803222423,6.589405566584737,5.13089257039095,3.704070752686399,4.483926025872236,5.577306085179825,9.301494331359198,7.874778369181144,13.999999999999998,10.288907724466418
993,0.8543976784120233,6.355317872500487,4.838557177991634,3.8352375307976936,4.500277709234556,5.600074535018975,9.13090893547138,7.950518899000249,13.99999999998083,10.464844464497839
994,0.8302715795906124,6.034935304034317,4.935986351722305,3.753746094918456,4.493242396614951,5.611537551536487,9.362323528017589,7.87989302225336,13.999999996977637,10.13633496942135
995,0.8337826822620445,5.196793997795879,6.165485807070905,3.544527950626061,4.5387332475313595,5.522570435113303,10.080968392152666,11.441474136916089,13.999999999999998,8.38898778154498
996,0.8284214352438019,6.5536044038596675,5.313490733243747,3.4715085843343543,4.594951199521379,5.424727050841835,9.232958756321993,8.074012338973588,13.999999998009088,10.731170325076294
997,0.8377219913264446,5.120172461475182,6.014757043742949,3.619037470948212,4.4976288190696705,5.633290882100617,9.98407833440471,9.878773731409495,13.998282120902616,8.485967905107643
998,0.8351888361358064,6.557309750817755,5.2085367359177095,3.638296045616113,4.526226362259502,5.498873381037194,9.135680387191274,7.9431404569403385,11.205268817253598,10.638345336868987
999,0.8271283909006347,5.956237193952687,5.222013501188852,3.6504049106201863,4.5265542140838315,5.599448380302121,9.914230008259242,7.932318996376451,13.999999999999998,9.066961048898976
